-- Demo seed: 3 example quizzes (one per type) + simulated takes
-- Generated from the brief's exact example prompts.
-- Re-create with: pnpm supabase db reset

set session_replication_role = 'replica';

INSERT INTO public.quiz (id, type, title, description, created_at, updated_at) VALUES ('34e10381-2e48-4ea4-b62e-dce8f4214203', 'tag', 'Let''s personalize your Olive experience 🫒', 'Answer a few quick questions so we can tailor Olive to your life — your goals, your store, your kitchen.', '2026-04-28 18:58:53.176249+00', '2026-04-28 18:58:53.176249+00');
INSERT INTO public.quiz (id, type, title, description, created_at, updated_at) VALUES ('e6796901-6aca-4291-bcab-efcc188bc584', 'card', 'What Kind of Eater Are You?', 'Five quick questions to uncover your true food personality. Are you a label-squinting detective or a blissfully snack-first human? Let''s find out.', '2026-04-28 18:59:28.451725+00', '2026-04-28 18:59:28.451725+00');
INSERT INTO public.quiz (id, type, title, description, created_at, updated_at) VALUES ('3a3322db-1dcd-4ce7-bfff-f9f126727be2', 'score', 'Are You Eating Too Much Ultra-Processed Food?', 'Answer a few quick questions about your daily habits and we''ll tell you how much ultra-processed food is sneaking into your diet — and what you can do about it.', '2026-04-28 19:00:13.106533+00', '2026-04-28 19:00:13.106533+00');
INSERT INTO public.question (id, quiz_id, text, type, "position", created_at, updated_at) VALUES ('60599e3f-bbfc-4cef-8f2d-342dffa5b789', '34e10381-2e48-4ea4-b62e-dce8f4214203', 'What are you hoping Olive helps you with most? Pick everything that applies.', 'select_multiple', 0, '2026-04-28 18:58:53.176249+00', '2026-04-28 18:58:53.176249+00');
INSERT INTO public.question (id, quiz_id, text, type, "position", created_at, updated_at) VALUES ('bb41be0f-7117-4877-81a5-05c11cf491a5', '34e10381-2e48-4ea4-b62e-dce8f4214203', 'Which grocery stores do you usually shop at?', 'select_multiple', 1, '2026-04-28 18:58:53.176249+00', '2026-04-28 18:58:53.176249+00');
INSERT INTO public.question (id, quiz_id, text, type, "position", created_at, updated_at) VALUES ('966709c9-6298-4c7d-8da6-ab440f8fafbf', '34e10381-2e48-4ea4-b62e-dce8f4214203', 'How often do you cook at home in a typical week?', 'slider', 2, '2026-04-28 18:58:53.176249+00', '2026-04-28 18:58:53.176249+00');
INSERT INTO public.question (id, quiz_id, text, type, "position", created_at, updated_at) VALUES ('d1937ee0-ae7b-4620-92be-f074af455d3f', '34e10381-2e48-4ea4-b62e-dce8f4214203', 'When you''re reading a food label, what do you zero in on first?', 'multiple_choice', 3, '2026-04-28 18:58:53.176249+00', '2026-04-28 18:58:53.176249+00');
INSERT INTO public.question (id, quiz_id, text, type, "position", created_at, updated_at) VALUES ('0f37a032-60fb-4c4c-9b8b-efa8e693dd9e', '34e10381-2e48-4ea4-b62e-dce8f4214203', 'Do you follow any specific diet or have ingredients you always avoid?', 'select_multiple', 4, '2026-04-28 18:58:53.176249+00', '2026-04-28 18:58:53.176249+00');
INSERT INTO public.question (id, quiz_id, text, type, "position", created_at, updated_at) VALUES ('49687aac-eb23-4193-bac4-46aa6cdc6d77', '34e10381-2e48-4ea4-b62e-dce8f4214203', 'How would you describe your current approach to grocery shopping?', 'multiple_choice', 5, '2026-04-28 18:58:53.176249+00', '2026-04-28 18:58:53.176249+00');
INSERT INTO public.question (id, quiz_id, text, type, "position", created_at, updated_at) VALUES ('7b5b05f2-0bb0-42ab-b77b-d2237d21e542', '34e10381-2e48-4ea4-b62e-dce8f4214203', 'Who else are you shopping for at home?', 'multiple_choice', 6, '2026-04-28 18:58:53.176249+00', '2026-04-28 18:58:53.176249+00');
INSERT INTO public.question (id, quiz_id, text, type, "position", created_at, updated_at) VALUES ('c7c2aade-8ef2-4970-b3ab-2b0f9ea88529', 'e6796901-6aca-4291-bcab-efcc188bc584', 'You''re starving at the grocery store. What do you grab first?', 'multiple_choice', 0, '2026-04-28 18:59:28.451725+00', '2026-04-28 18:59:28.451725+00');
INSERT INTO public.question (id, quiz_id, text, type, "position", created_at, updated_at) VALUES ('89904b2b-403b-4604-9a47-fb0e324fcc85', 'e6796901-6aca-4291-bcab-efcc188bc584', 'A friend tells you a food is ''super healthy.'' What do you do?', 'multiple_choice', 1, '2026-04-28 18:59:28.451725+00', '2026-04-28 18:59:28.451725+00');
INSERT INTO public.question (id, quiz_id, text, type, "position", created_at, updated_at) VALUES ('43c81c7e-541f-4241-bc1e-1da108d05d6e', 'e6796901-6aca-4291-bcab-efcc188bc584', 'How do you feel about expiration dates?', 'multiple_choice', 2, '2026-04-28 18:59:28.451725+00', '2026-04-28 18:59:28.451725+00');
INSERT INTO public.question (id, quiz_id, text, type, "position", created_at, updated_at) VALUES ('d8e95414-16eb-400c-bfc7-0fb78e1ba514', 'e6796901-6aca-4291-bcab-efcc188bc584', 'What''s your relationship with ingredient lists?', 'multiple_choice', 3, '2026-04-28 18:59:28.451725+00', '2026-04-28 18:59:28.451725+00');
INSERT INTO public.question (id, quiz_id, text, type, "position", created_at, updated_at) VALUES ('e70eb9f4-6b16-4954-945b-e39c843221ed', 'e6796901-6aca-4291-bcab-efcc188bc584', 'Pick the meal that sounds most like a Tuesday dinner for you:', 'multiple_choice', 4, '2026-04-28 18:59:28.451725+00', '2026-04-28 18:59:28.451725+00');
INSERT INTO public.question (id, quiz_id, text, type, "position", created_at, updated_at) VALUES ('b573369f-55f6-4cdb-afa6-f0f42d06a848', '3a3322db-1dcd-4ce7-bfff-f9f126727be2', 'What does your typical breakfast look like?', 'multiple_choice', 0, '2026-04-28 19:00:13.106533+00', '2026-04-28 19:00:13.106533+00');
INSERT INTO public.question (id, quiz_id, text, type, "position", created_at, updated_at) VALUES ('3a92b2ce-cbc2-48d6-8288-c3690ecee78c', '3a3322db-1dcd-4ce7-bfff-f9f126727be2', 'How often do you read the ingredient list on packaged food?', 'multiple_choice', 1, '2026-04-28 19:00:13.106533+00', '2026-04-28 19:00:13.106533+00');
INSERT INTO public.question (id, quiz_id, text, type, "position", created_at, updated_at) VALUES ('4c1cd2dd-7861-4738-b66a-83332d916b6f', '3a3322db-1dcd-4ce7-bfff-f9f126727be2', 'How often do you cook a meal from scratch at home?', 'multiple_choice', 2, '2026-04-28 19:00:13.106533+00', '2026-04-28 19:00:13.106533+00');
INSERT INTO public.question (id, quiz_id, text, type, "position", created_at, updated_at) VALUES ('ce891c2d-d1cb-462f-b5e3-e76b1946e932', '3a3322db-1dcd-4ce7-bfff-f9f126727be2', 'How many times a week do you eat fast food or grab a ready-made meal?', 'slider', 3, '2026-04-28 19:00:13.106533+00', '2026-04-28 19:00:13.106533+00');
INSERT INTO public.question (id, quiz_id, text, type, "position", created_at, updated_at) VALUES ('a3d99cab-503e-4dd3-9e4b-dd3fd4704922', '3a3322db-1dcd-4ce7-bfff-f9f126727be2', 'Which of these ingredients have you eaten in the last 24 hours? (Select all that apply)', 'select_multiple', 4, '2026-04-28 19:00:13.106533+00', '2026-04-28 19:00:13.106533+00');
INSERT INTO public.question (id, quiz_id, text, type, "position", created_at, updated_at) VALUES ('be2ee5f7-e09c-4fcd-b993-952944b8303f', '3a3322db-1dcd-4ce7-bfff-f9f126727be2', 'When you''re hungry between meals, what do you usually reach for?', 'multiple_choice', 5, '2026-04-28 19:00:13.106533+00', '2026-04-28 19:00:13.106533+00');
INSERT INTO public.option (id, question_id, text, score, tags, "position", created_at, updated_at) VALUES ('e9327074-c617-4268-a5ff-caa26093b983', '60599e3f-bbfc-4cef-8f2d-342dffa5b789', 'Losing weight or eating lighter', 3, '{weight-loss,health-focused}', 0, '2026-04-28 18:58:53.176249+00', '2026-04-28 18:58:53.176249+00');
INSERT INTO public.option (id, question_id, text, score, tags, "position", created_at, updated_at) VALUES ('db5e405a-9e88-4e8e-b779-6dc5f8ab2e87', '60599e3f-bbfc-4cef-8f2d-342dffa5b789', 'Cutting out processed stuff and eating cleaner', 3, '{clean-eating,label-reader}', 1, '2026-04-28 18:58:53.176249+00', '2026-04-28 18:58:53.176249+00');
INSERT INTO public.option (id, question_id, text, score, tags, "position", created_at, updated_at) VALUES ('92ac7dec-49ef-4a6b-a0cc-48b3eb6975e4', '60599e3f-bbfc-4cef-8f2d-342dffa5b789', 'Tracking allergens or avoiding certain ingredients', 3, '{allergy-tracking,label-reader}', 2, '2026-04-28 18:58:53.176249+00', '2026-04-28 18:58:53.176249+00');
INSERT INTO public.option (id, question_id, text, score, tags, "position", created_at, updated_at) VALUES ('c924dd0f-1b0c-4175-be12-56f24c9e1a71', '60599e3f-bbfc-4cef-8f2d-342dffa5b789', 'Getting my kids to eat better', 3, '{family-feeding,health-focused}', 3, '2026-04-28 18:58:53.176249+00', '2026-04-28 18:58:53.176249+00');
INSERT INTO public.option (id, question_id, text, score, tags, "position", created_at, updated_at) VALUES ('0f42439c-b371-4901-b44e-02905f8ef670', 'bb41be0f-7117-4877-81a5-05c11cf491a5', 'Whole Foods or another natural/organic store', 2, '{clean-eating,label-reader}', 0, '2026-04-28 18:58:53.176249+00', '2026-04-28 18:58:53.176249+00');
INSERT INTO public.option (id, question_id, text, score, tags, "position", created_at, updated_at) VALUES ('3ea67fe7-24af-4567-8a86-00c860c8166f', 'bb41be0f-7117-4877-81a5-05c11cf491a5', 'A big chain like Kroger, Safeway, or Publix', 1, '{mainstream-shopper}', 1, '2026-04-28 18:58:53.176249+00', '2026-04-28 18:58:53.176249+00');
INSERT INTO public.option (id, question_id, text, score, tags, "position", created_at, updated_at) VALUES ('5ac417ec-3c2f-410e-81b2-345907010602', 'bb41be0f-7117-4877-81a5-05c11cf491a5', 'Trader Joe''s', 2, '{clean-eating,mainstream-shopper}', 2, '2026-04-28 18:58:53.176249+00', '2026-04-28 18:58:53.176249+00');
INSERT INTO public.option (id, question_id, text, score, tags, "position", created_at, updated_at) VALUES ('3c87b2ab-5ee6-4b30-813a-f2150fb8096d', 'bb41be0f-7117-4877-81a5-05c11cf491a5', 'Costco or Sam''s Club', 1, '{bulk-buyer,family-feeding}', 3, '2026-04-28 18:58:53.176249+00', '2026-04-28 18:58:53.176249+00');
INSERT INTO public.option (id, question_id, text, score, tags, "position", created_at, updated_at) VALUES ('f99a9c70-015e-4247-8baa-153d29480cf0', 'bb41be0f-7117-4877-81a5-05c11cf491a5', 'Walmart or Target', 1, '{mainstream-shopper,convenience-first}', 4, '2026-04-28 18:58:53.176249+00', '2026-04-28 18:58:53.176249+00');
INSERT INTO public.option (id, question_id, text, score, tags, "position", created_at, updated_at) VALUES ('0d21452b-2916-4a33-b0c5-a84016221088', 'bb41be0f-7117-4877-81a5-05c11cf491a5', 'A local or ethnic grocery store', 2, '{label-reader,clean-eating}', 5, '2026-04-28 18:58:53.176249+00', '2026-04-28 18:58:53.176249+00');
INSERT INTO public.option (id, question_id, text, score, tags, "position", created_at, updated_at) VALUES ('06040120-93da-40f7-946f-5fbf77604d6b', '966709c9-6298-4c7d-8da6-ab440f8fafbf', 'Days per week I cook at home', 7, '{home-cook}', 0, '2026-04-28 18:58:53.176249+00', '2026-04-28 18:58:53.176249+00');
INSERT INTO public.option (id, question_id, text, score, tags, "position", created_at, updated_at) VALUES ('d5e8ffc0-58ef-4b0c-95c3-49c9c0011529', 'd1937ee0-ae7b-4620-92be-f074af455d3f', 'Calories and macros', 3, '{weight-loss,health-focused}', 0, '2026-04-28 18:58:53.176249+00', '2026-04-28 18:58:53.176249+00');
INSERT INTO public.option (id, question_id, text, score, tags, "position", created_at, updated_at) VALUES ('d7c14727-421a-466a-b426-601f4f44842f', 'd1937ee0-ae7b-4620-92be-f074af455d3f', 'The ingredients list', 3, '{clean-eating,label-reader}', 1, '2026-04-28 18:58:53.176249+00', '2026-04-28 18:58:53.176249+00');
INSERT INTO public.option (id, question_id, text, score, tags, "position", created_at, updated_at) VALUES ('8f4eca06-ca1b-4a58-b541-e41a220f5399', 'd1937ee0-ae7b-4620-92be-f074af455d3f', 'Allergen warnings', 3, '{allergy-tracking,label-reader}', 2, '2026-04-28 18:58:53.176249+00', '2026-04-28 18:58:53.176249+00');
INSERT INTO public.option (id, question_id, text, score, tags, "position", created_at, updated_at) VALUES ('5c077791-8272-4618-a6ac-abc8df505126', 'd1937ee0-ae7b-4620-92be-f074af455d3f', 'I honestly don''t read labels much… yet', 1, '{convenience-first}', 3, '2026-04-28 18:58:53.176249+00', '2026-04-28 18:58:53.176249+00');
INSERT INTO public.option (id, question_id, text, score, tags, "position", created_at, updated_at) VALUES ('3067137c-d7ee-4dfe-a4fa-fc9c3ce7c710', '0f37a032-60fb-4c4c-9b8b-efa8e693dd9e', 'Gluten-free', 3, '{allergy-tracking,label-reader}', 0, '2026-04-28 18:58:53.176249+00', '2026-04-28 18:58:53.176249+00');
INSERT INTO public.option (id, question_id, text, score, tags, "position", created_at, updated_at) VALUES ('48515ea4-9de0-4df8-bbed-42a6765f7149', '0f37a032-60fb-4c4c-9b8b-efa8e693dd9e', 'Dairy-free or vegan', 3, '{clean-eating,allergy-tracking}', 1, '2026-04-28 18:58:53.176249+00', '2026-04-28 18:58:53.176249+00');
INSERT INTO public.option (id, question_id, text, score, tags, "position", created_at, updated_at) VALUES ('5503bae9-0896-423d-b057-ba4e20377980', '0f37a032-60fb-4c4c-9b8b-efa8e693dd9e', 'Low sugar or diabetic-friendly', 3, '{weight-loss,health-focused}', 2, '2026-04-28 18:58:53.176249+00', '2026-04-28 18:58:53.176249+00');
INSERT INTO public.option (id, question_id, text, score, tags, "position", created_at, updated_at) VALUES ('88698dd0-1189-49e0-b805-3ca3a8640a14', '0f37a032-60fb-4c4c-9b8b-efa8e693dd9e', 'Nut-free (usually for my kids)', 3, '{allergy-tracking,family-feeding}', 3, '2026-04-28 18:58:53.176249+00', '2026-04-28 18:58:53.176249+00');
INSERT INTO public.option (id, question_id, text, score, tags, "position", created_at, updated_at) VALUES ('7502e83a-16c0-4f80-899c-6693529a3d5c', '0f37a032-60fb-4c4c-9b8b-efa8e693dd9e', 'No specific restrictions', 1, '{convenience-first}', 4, '2026-04-28 18:58:53.176249+00', '2026-04-28 18:58:53.176249+00');
INSERT INTO public.option (id, question_id, text, score, tags, "position", created_at, updated_at) VALUES ('5d6ac65b-efa5-4abb-88f6-a6f4b3eaf205', '49687aac-eb23-4193-bac4-46aa6cdc6d77', 'I research products carefully before buying', 4, '{label-reader,health-focused}', 0, '2026-04-28 18:58:53.176249+00', '2026-04-28 18:58:53.176249+00');
INSERT INTO public.option (id, question_id, text, score, tags, "position", created_at, updated_at) VALUES ('4adc6e6d-ba07-4e8d-aadb-bf675a7fbe0d', '49687aac-eb23-4193-bac4-46aa6cdc6d77', 'I stick to brands I already trust', 2, '{mainstream-shopper,convenience-first}', 1, '2026-04-28 18:58:53.176249+00', '2026-04-28 18:58:53.176249+00');
INSERT INTO public.option (id, question_id, text, score, tags, "position", created_at, updated_at) VALUES ('360d77bc-c221-432c-bc73-df71ef230ac7', '49687aac-eb23-4193-bac4-46aa6cdc6d77', 'I''m trying to make better choices but it''s overwhelming', 3, '{health-focused,clean-eating}', 2, '2026-04-28 18:58:53.176249+00', '2026-04-28 18:58:53.176249+00');
INSERT INTO public.option (id, question_id, text, score, tags, "position", created_at, updated_at) VALUES ('c39d1555-0f82-405e-92f9-8e807dc19977', '49687aac-eb23-4193-bac4-46aa6cdc6d77', 'I mostly grab whatever''s convenient or on sale', 1, '{convenience-first}', 3, '2026-04-28 18:58:53.176249+00', '2026-04-28 18:58:53.176249+00');
INSERT INTO public.option (id, question_id, text, score, tags, "position", created_at, updated_at) VALUES ('bb24eb22-0377-4f1e-92e4-84512be5e25e', '7b5b05f2-0bb0-42ab-b77b-d2237d21e542', 'Just me', 1, '{health-focused}', 0, '2026-04-28 18:58:53.176249+00', '2026-04-28 18:58:53.176249+00');
INSERT INTO public.option (id, question_id, text, score, tags, "position", created_at, updated_at) VALUES ('7558f13c-63fa-48b6-bbec-3299775b57a2', '7b5b05f2-0bb0-42ab-b77b-d2237d21e542', 'Me and a partner', 1, '{mainstream-shopper}', 1, '2026-04-28 18:58:53.176249+00', '2026-04-28 18:58:53.176249+00');
INSERT INTO public.option (id, question_id, text, score, tags, "position", created_at, updated_at) VALUES ('a084fd0e-b7ee-4dce-994f-a6859ee3219e', '7b5b05f2-0bb0-42ab-b77b-d2237d21e542', 'My family, including kids', 2, '{family-feeding,allergy-tracking}', 2, '2026-04-28 18:58:53.176249+00', '2026-04-28 18:58:53.176249+00');
INSERT INTO public.option (id, question_id, text, score, tags, "position", created_at, updated_at) VALUES ('55187f0d-ac41-4e6e-a43d-eafa3cd3634c', '7b5b05f2-0bb0-42ab-b77b-d2237d21e542', 'I shop for others with specific health needs', 3, '{allergy-tracking,label-reader}', 3, '2026-04-28 18:58:53.176249+00', '2026-04-28 18:58:53.176249+00');
INSERT INTO public.option (id, question_id, text, score, tags, "position", created_at, updated_at) VALUES ('3dcf7aa1-842f-44e9-bf01-90a11b76e682', 'c7c2aade-8ef2-4970-b3ab-2b0f9ea88529', 'Whatever''s on sale and smells good — no further questions', 0, '{impulse-eater,convenience-first}', 0, '2026-04-28 18:59:28.451725+00', '2026-04-28 18:59:28.451725+00');
INSERT INTO public.option (id, question_id, text, score, tags, "position", created_at, updated_at) VALUES ('13bbd40a-ec81-40f0-9c10-8b2c2bcb5fef', 'c7c2aade-8ef2-4970-b3ab-2b0f9ea88529', 'A protein bar I''ve had before. Reliable. Trustworthy. A friend.', 2, '{creature-of-habit,convenience-first}', 1, '2026-04-28 18:59:28.451725+00', '2026-04-28 18:59:28.451725+00');
INSERT INTO public.option (id, question_id, text, score, tags, "position", created_at, updated_at) VALUES ('6382c88e-e72d-4393-8d14-7eb08afa7a48', 'c7c2aade-8ef2-4970-b3ab-2b0f9ea88529', 'I check the snack aisle but scan the ingredients before committing', 4, '{label-reader,mindful-eater}', 2, '2026-04-28 18:59:28.451725+00', '2026-04-28 18:59:28.451725+00');
INSERT INTO public.option (id, question_id, text, score, tags, "position", created_at, updated_at) VALUES ('573b128c-79dc-4930-b735-3f8a35e82384', 'c7c2aade-8ef2-4970-b3ab-2b0f9ea88529', 'I compare three similar products, photograph the labels, and then decide', 6, '{label-reader,over-thinker}', 3, '2026-04-28 18:59:28.451725+00', '2026-04-28 18:59:28.451725+00');
INSERT INTO public.option (id, question_id, text, score, tags, "position", created_at, updated_at) VALUES ('7007f23c-2bf5-455a-bf08-50e4d71a617d', '89904b2b-403b-4604-9a47-fb0e324fcc85', 'Eat it immediately. Friend-vetted is good enough for me.', 0, '{impulse-eater,trust-others}', 0, '2026-04-28 18:59:28.451725+00', '2026-04-28 18:59:28.451725+00');
INSERT INTO public.option (id, question_id, text, score, tags, "position", created_at, updated_at) VALUES ('63038a0b-2b5f-473d-97a3-dcc90dff6506', '89904b2b-403b-4604-9a47-fb0e324fcc85', 'Nod along and maybe Google it later... or not', 2, '{convenience-first,trust-others}', 1, '2026-04-28 18:59:28.451725+00', '2026-04-28 18:59:28.451725+00');
INSERT INTO public.option (id, question_id, text, score, tags, "position", created_at, updated_at) VALUES ('24f93a1b-4959-47a8-91f6-dfee8968797b', '89904b2b-403b-4604-9a47-fb0e324fcc85', 'Ask what specifically makes it healthy before I''m sold', 4, '{mindful-eater,label-reader}', 2, '2026-04-28 18:59:28.451725+00', '2026-04-28 18:59:28.451725+00');
INSERT INTO public.option (id, question_id, text, score, tags, "position", created_at, updated_at) VALUES ('f1cd25a9-5ec3-4538-9ed2-d5a6ff098879', '89904b2b-403b-4604-9a47-fb0e324fcc85', 'Pull out my phone and fact-check it in real time, mid-conversation', 6, '{label-reader,over-thinker}', 3, '2026-04-28 18:59:28.451725+00', '2026-04-28 18:59:28.451725+00');
INSERT INTO public.option (id, question_id, text, score, tags, "position", created_at, updated_at) VALUES ('a4137928-48ea-4fae-8251-4e1ed9cece62', '43c81c7e-541f-4241-bc1e-1da108d05d6e', 'Suggestions, not rules. It smells fine, it IS fine.', 0, '{impulse-eater,risk-taker}', 0, '2026-04-28 18:59:28.451725+00', '2026-04-28 18:59:28.451725+00');
INSERT INTO public.option (id, question_id, text, score, tags, "position", created_at, updated_at) VALUES ('6d8f557d-eca6-4fbf-b262-65a931808402', '43c81c7e-541f-4241-bc1e-1da108d05d6e', 'I notice them but I''m not obsessed. A day or two is fine.', 2, '{convenience-first,creature-of-habit}', 1, '2026-04-28 18:59:28.451725+00', '2026-04-28 18:59:28.451725+00');
INSERT INTO public.option (id, question_id, text, score, tags, "position", created_at, updated_at) VALUES ('2e907edd-cceb-42a5-a0f2-9a198a2facb4', '43c81c7e-541f-4241-bc1e-1da108d05d6e', 'I respect the date and toss anything past it', 4, '{mindful-eater,label-reader}', 2, '2026-04-28 18:59:28.451725+00', '2026-04-28 18:59:28.451725+00');
INSERT INTO public.option (id, question_id, text, score, tags, "position", created_at, updated_at) VALUES ('ba15117d-1ef3-4eed-84d6-2be12418495f', '43c81c7e-541f-4241-bc1e-1da108d05d6e', 'I track best-by dates in a spreadsheet. Don''t @ me.', 7, '{label-reader,over-thinker}', 3, '2026-04-28 18:59:28.451725+00', '2026-04-28 18:59:28.451725+00');
INSERT INTO public.option (id, question_id, text, score, tags, "position", created_at, updated_at) VALUES ('3ec2ebcd-b6cd-4003-a355-251cc3b10e57', 'd8e95414-16eb-400c-bfc7-0fb78e1ba514', 'Ingredient lists? On food? Wild concept.', 0, '{impulse-eater,blissfully-unaware}', 0, '2026-04-28 18:59:28.451725+00', '2026-04-28 18:59:28.451725+00');
INSERT INTO public.option (id, question_id, text, score, tags, "position", created_at, updated_at) VALUES ('ee87d36b-6bd9-484a-8d84-1a28bb80464b', 'd8e95414-16eb-400c-bfc7-0fb78e1ba514', 'I glance if I remember, but mostly I trust the packaging vibes', 2, '{convenience-first,blissfully-unaware}', 1, '2026-04-28 18:59:28.451725+00', '2026-04-28 18:59:28.451725+00');
INSERT INTO public.option (id, question_id, text, score, tags, "position", created_at, updated_at) VALUES ('5f190eca-77c5-4621-86ba-7e2894bf98d6', 'd8e95414-16eb-400c-bfc7-0fb78e1ba514', 'I skim for the big ones — sugar, sodium, anything I can''t pronounce', 5, '{mindful-eater,label-reader}', 2, '2026-04-28 18:59:28.451725+00', '2026-04-28 18:59:28.451725+00');
INSERT INTO public.option (id, question_id, text, score, tags, "position", created_at, updated_at) VALUES ('5cdaf67e-9780-4195-acfd-230ba172c986', 'd8e95414-16eb-400c-bfc7-0fb78e1ba514', 'I read every word and Google anything over three syllables', 7, '{label-reader,over-thinker}', 3, '2026-04-28 18:59:28.451725+00', '2026-04-28 18:59:28.451725+00');
INSERT INTO public.option (id, question_id, text, score, tags, "position", created_at, updated_at) VALUES ('a82d46ee-b38d-4279-947b-b75c45c4f6d7', 'e70eb9f4-6b16-4954-945b-e39c843221ed', 'Whatever''s fastest — cereal, crackers, maybe some cheese', 0, '{impulse-eater,convenience-first}', 0, '2026-04-28 18:59:28.451725+00', '2026-04-28 18:59:28.451725+00');
INSERT INTO public.option (id, question_id, text, score, tags, "position", created_at, updated_at) VALUES ('06d6c868-bf26-4559-97f2-93e21a0924ef', 'e70eb9f4-6b16-4954-945b-e39c843221ed', 'A reliable go-to I''ve made 40 times and could cook in my sleep', 2, '{creature-of-habit,convenience-first}', 1, '2026-04-28 18:59:28.451725+00', '2026-04-28 18:59:28.451725+00');
INSERT INTO public.option (id, question_id, text, score, tags, "position", created_at, updated_at) VALUES ('6336ff42-bd9c-49c8-a133-93823723344a', 'e70eb9f4-6b16-4954-945b-e39c843221ed', 'Something balanced-ish — I''m trying, okay?', 4, '{mindful-eater,wellness}', 2, '2026-04-28 18:59:28.451725+00', '2026-04-28 18:59:28.451725+00');
INSERT INTO public.option (id, question_id, text, score, tags, "position", created_at, updated_at) VALUES ('93f9ab69-b016-4c01-a90a-d84868941a56', 'e70eb9f4-6b16-4954-945b-e39c843221ed', 'A planned meal with macros accounted for and ingredients sourced intentionally', 7, '{label-reader,wellness,over-thinker}', 3, '2026-04-28 18:59:28.451725+00', '2026-04-28 18:59:28.451725+00');
INSERT INTO public.option (id, question_id, text, score, tags, "position", created_at, updated_at) VALUES ('c7165336-ac44-4127-90c7-f5a3eef59dd6', 'b573369f-55f6-4cdb-afa6-f0f42d06a848', 'Packaged cereal, a granola bar, or a toaster pastry', 4, '{ultra-processed,convenience-first}', 0, '2026-04-28 19:00:13.106533+00', '2026-04-28 19:00:13.106533+00');
INSERT INTO public.option (id, question_id, text, score, tags, "position", created_at, updated_at) VALUES ('6abbb509-8c01-437d-b8a6-5d5d791418d9', 'b573369f-55f6-4cdb-afa6-f0f42d06a848', 'Yogurt, fruit, or something quick but whole', 2, '{semi-processed,label-reader}', 1, '2026-04-28 19:00:13.106533+00', '2026-04-28 19:00:13.106533+00');
INSERT INTO public.option (id, question_id, text, score, tags, "position", created_at, updated_at) VALUES ('e2232fb3-5fd8-4ffe-a018-683dcafebac3', 'b573369f-55f6-4cdb-afa6-f0f42d06a848', 'Eggs, oats, or other ingredients I prepare myself', 1, '{home-cook,whole-food}', 2, '2026-04-28 19:00:13.106533+00', '2026-04-28 19:00:13.106533+00');
INSERT INTO public.option (id, question_id, text, score, tags, "position", created_at, updated_at) VALUES ('3a1259f3-c696-492e-9c60-c76adf13f36f', 'b573369f-55f6-4cdb-afa6-f0f42d06a848', 'I usually skip breakfast', 2, '{convenience-first,irregular-eater}', 3, '2026-04-28 19:00:13.106533+00', '2026-04-28 19:00:13.106533+00');
INSERT INTO public.option (id, question_id, text, score, tags, "position", created_at, updated_at) VALUES ('5aaec6e4-a3bf-442a-8e8e-8d76cdc60998', '3a92b2ce-cbc2-48d6-8288-c3690ecee78c', 'Never — I just grab what looks good', 4, '{convenience-first,low-awareness}', 0, '2026-04-28 19:00:13.106533+00', '2026-04-28 19:00:13.106533+00');
INSERT INTO public.option (id, question_id, text, score, tags, "position", created_at, updated_at) VALUES ('5b2cedde-69ae-4f90-8c4b-24064f0514a2', '3a92b2ce-cbc2-48d6-8288-c3690ecee78c', 'Occasionally, if something seems off', 2, '{label-reader,semi-processed}', 1, '2026-04-28 19:00:13.106533+00', '2026-04-28 19:00:13.106533+00');
INSERT INTO public.option (id, question_id, text, score, tags, "position", created_at, updated_at) VALUES ('6d22349b-5744-41e9-99b8-52879db1c953', '3a92b2ce-cbc2-48d6-8288-c3690ecee78c', 'Pretty often — I check for weird additives', 1, '{label-reader,whole-food}', 2, '2026-04-28 19:00:13.106533+00', '2026-04-28 19:00:13.106533+00');
INSERT INTO public.option (id, question_id, text, score, tags, "position", created_at, updated_at) VALUES ('feb92aa8-7cad-44e4-9c64-89da583904e6', '3a92b2ce-cbc2-48d6-8288-c3690ecee78c', 'Always — I know my emulsifiers from my preservatives', 0, '{label-reader,whole-food}', 3, '2026-04-28 19:00:13.106533+00', '2026-04-28 19:00:13.106533+00');
INSERT INTO public.option (id, question_id, text, score, tags, "position", created_at, updated_at) VALUES ('a888f8d8-c9b2-4c97-8001-726badfa2181', '4c1cd2dd-7861-4738-b66a-83332d916b6f', 'Rarely or never — cooking just isn''t my thing', 4, '{convenience-first,low-awareness}', 0, '2026-04-28 19:00:13.106533+00', '2026-04-28 19:00:13.106533+00');
INSERT INTO public.option (id, question_id, text, score, tags, "position", created_at, updated_at) VALUES ('69455d8c-0043-4231-9e81-c32e4dafb0c7', '4c1cd2dd-7861-4738-b66a-83332d916b6f', 'A couple of times a week', 2, '{semi-processed,home-cook}', 1, '2026-04-28 19:00:13.106533+00', '2026-04-28 19:00:13.106533+00');
INSERT INTO public.option (id, question_id, text, score, tags, "position", created_at, updated_at) VALUES ('05ce01f9-180a-4fc1-bfa3-84a18416b3ce', '4c1cd2dd-7861-4738-b66a-83332d916b6f', 'Most nights — I enjoy cooking', 1, '{home-cook,whole-food}', 2, '2026-04-28 19:00:13.106533+00', '2026-04-28 19:00:13.106533+00');
INSERT INTO public.option (id, question_id, text, score, tags, "position", created_at, updated_at) VALUES ('b9795d60-ddf6-42f9-956f-b2bc238794a7', '4c1cd2dd-7861-4738-b66a-83332d916b6f', 'Almost every meal, including meal prep on weekends', 0, '{home-cook,whole-food}', 3, '2026-04-28 19:00:13.106533+00', '2026-04-28 19:00:13.106533+00');
INSERT INTO public.option (id, question_id, text, score, tags, "position", created_at, updated_at) VALUES ('deb05575-143d-4562-a2ab-55f3b9244225', 'ce891c2d-d1cb-462f-b5e3-e76b1946e932', 'Times per week you eat fast food or ready-made meals', 7, '{fast-food,convenience-first}', 0, '2026-04-28 19:00:13.106533+00', '2026-04-28 19:00:13.106533+00');
INSERT INTO public.option (id, question_id, text, score, tags, "position", created_at, updated_at) VALUES ('8f2ce606-44ad-491f-afee-6011fa58eba3', 'a3d99cab-503e-4dd3-9e4b-dd3fd4704922', 'Something containing high-fructose corn syrup', 3, '{ultra-processed,low-awareness}', 0, '2026-04-28 19:00:13.106533+00', '2026-04-28 19:00:13.106533+00');
INSERT INTO public.option (id, question_id, text, score, tags, "position", created_at, updated_at) VALUES ('82ed98af-5c18-4cf8-97c4-9fa0872c5a9b', 'a3d99cab-503e-4dd3-9e4b-dd3fd4704922', 'A flavored drink (soda, energy drink, flavored water)', 2, '{ultra-processed,convenience-first}', 1, '2026-04-28 19:00:13.106533+00', '2026-04-28 19:00:13.106533+00');
INSERT INTO public.option (id, question_id, text, score, tags, "position", created_at, updated_at) VALUES ('b936f112-bae0-464e-ba43-deb45fb2d9f6', 'a3d99cab-503e-4dd3-9e4b-dd3fd4704922', 'Packaged chips, crackers, or cookies', 2, '{ultra-processed,convenience-first}', 2, '2026-04-28 19:00:13.106533+00', '2026-04-28 19:00:13.106533+00');
INSERT INTO public.option (id, question_id, text, score, tags, "position", created_at, updated_at) VALUES ('3889a4e2-8957-4e6b-8ab3-eabd713b35da', 'a3d99cab-503e-4dd3-9e4b-dd3fd4704922', 'None of the above', 0, '{whole-food,label-reader}', 3, '2026-04-28 19:00:13.106533+00', '2026-04-28 19:00:13.106533+00');
INSERT INTO public.option (id, question_id, text, score, tags, "position", created_at, updated_at) VALUES ('8962350d-27c3-4579-b2fc-764079e4b622', 'be2ee5f7-e09c-4fcd-b993-952944b8303f', 'A candy bar, chips, or packaged snack', 3, '{ultra-processed,convenience-first}', 0, '2026-04-28 19:00:13.106533+00', '2026-04-28 19:00:13.106533+00');
INSERT INTO public.option (id, question_id, text, score, tags, "position", created_at, updated_at) VALUES ('6f99a4f2-7e2c-46f8-8a5a-fadc9c58798c', 'be2ee5f7-e09c-4fcd-b993-952944b8303f', 'A protein bar or ''health'' snack (still packaged)', 2, '{semi-processed,label-reader}', 1, '2026-04-28 19:00:13.106533+00', '2026-04-28 19:00:13.106533+00');
INSERT INTO public.option (id, question_id, text, score, tags, "position", created_at, updated_at) VALUES ('0fdbbafa-efa5-4942-b280-2e5f53fd5eb1', 'be2ee5f7-e09c-4fcd-b993-952944b8303f', 'Fruit, nuts, or cheese', 1, '{whole-food,label-reader}', 2, '2026-04-28 19:00:13.106533+00', '2026-04-28 19:00:13.106533+00');
INSERT INTO public.option (id, question_id, text, score, tags, "position", created_at, updated_at) VALUES ('86a9556d-a22a-4cde-9129-a83800012f35', 'be2ee5f7-e09c-4fcd-b993-952944b8303f', 'I don''t really snack', 0, '{whole-food,irregular-eater}', 3, '2026-04-28 19:00:13.106533+00', '2026-04-28 19:00:13.106533+00');
INSERT INTO public.session (id, quiz_id, start_time, end_time, device, browser, referrer, user_agent, created_at, updated_at) VALUES ('7bf6a384-4228-4232-bc7d-1f9e6cf0f07a', '3a3322db-1dcd-4ce7-bfff-f9f126727be2', '2026-04-28 19:00:53.815377+00', '2026-04-28 19:00:53.815377+00', 'Desktop', 'Chrome', 'google.com', 'demo-seed', '2026-04-28 19:00:53.815377+00', '2026-04-28 19:00:53.815377+00');
INSERT INTO public.session (id, quiz_id, start_time, end_time, device, browser, referrer, user_agent, created_at, updated_at) VALUES ('85896ecf-0e7c-4bc1-9b35-c00296c803a5', '3a3322db-1dcd-4ce7-bfff-f9f126727be2', '2026-04-28 19:00:53.815377+00', '2026-04-28 19:00:53.815377+00', 'Mobile', 'Firefox', NULL, 'demo-seed', '2026-04-28 19:00:53.815377+00', '2026-04-28 19:00:53.815377+00');
INSERT INTO public.session (id, quiz_id, start_time, end_time, device, browser, referrer, user_agent, created_at, updated_at) VALUES ('54814fd5-a4a7-4fa0-b519-ffe814f655a8', '3a3322db-1dcd-4ce7-bfff-f9f126727be2', '2026-04-28 19:00:53.815377+00', '2026-04-28 19:00:53.815377+00', 'Mobile', 'Edge', 'instagram.com', 'demo-seed', '2026-04-28 19:00:53.815377+00', '2026-04-28 19:00:53.815377+00');
INSERT INTO public.session (id, quiz_id, start_time, end_time, device, browser, referrer, user_agent, created_at, updated_at) VALUES ('e8ba0c65-ed35-498f-b549-03b6270d30e0', '3a3322db-1dcd-4ce7-bfff-f9f126727be2', '2026-04-28 19:00:53.815377+00', '2026-04-28 19:00:53.815377+00', 'Desktop', 'Safari', 'reddit.com', 'demo-seed', '2026-04-28 19:00:53.815377+00', '2026-04-28 19:00:53.815377+00');
INSERT INTO public.session (id, quiz_id, start_time, end_time, device, browser, referrer, user_agent, created_at, updated_at) VALUES ('81ceb24e-6414-4a2c-ba5b-448e0033d7ba', '3a3322db-1dcd-4ce7-bfff-f9f126727be2', '2026-04-28 19:00:53.815377+00', '2026-04-28 19:00:53.815377+00', 'Mobile', 'Chrome', 'twitter.com', 'demo-seed', '2026-04-28 19:00:53.815377+00', '2026-04-28 19:00:53.815377+00');
INSERT INTO public.session (id, quiz_id, start_time, end_time, device, browser, referrer, user_agent, created_at, updated_at) VALUES ('05238921-88b0-4c08-97d4-9e7b6aa2e819', '3a3322db-1dcd-4ce7-bfff-f9f126727be2', '2026-04-28 19:00:53.815377+00', '2026-04-28 19:00:53.815377+00', 'Mobile', 'Firefox', 'google.com', 'demo-seed', '2026-04-28 19:00:53.815377+00', '2026-04-28 19:00:53.815377+00');
INSERT INTO public.session (id, quiz_id, start_time, end_time, device, browser, referrer, user_agent, created_at, updated_at) VALUES ('4cc96deb-168c-4d72-ae1a-d06c454c0b09', '3a3322db-1dcd-4ce7-bfff-f9f126727be2', '2026-04-28 19:00:53.815377+00', NULL, 'Mobile', 'Safari', 'tiktok.com', 'demo-seed', '2026-04-28 19:00:53.815377+00', '2026-04-28 19:00:53.815377+00');
INSERT INTO public.session (id, quiz_id, start_time, end_time, device, browser, referrer, user_agent, created_at, updated_at) VALUES ('b219279f-0e0a-4aa8-9ae0-87ebf0af71a1', '3a3322db-1dcd-4ce7-bfff-f9f126727be2', '2026-04-28 19:00:53.815377+00', NULL, 'Mobile', 'Safari', 'tiktok.com', 'demo-seed', '2026-04-28 19:00:53.815377+00', '2026-04-28 19:00:53.815377+00');
INSERT INTO public.session (id, quiz_id, start_time, end_time, device, browser, referrer, user_agent, created_at, updated_at) VALUES ('4d446d10-794a-4826-b2da-890d0a399bd0', 'e6796901-6aca-4291-bcab-efcc188bc584', '2026-04-28 19:00:57.372532+00', '2026-04-28 19:00:57.372532+00', 'Desktop', 'Chrome', 'google.com', 'demo-seed', '2026-04-28 19:00:57.372532+00', '2026-04-28 19:00:57.372532+00');
INSERT INTO public.session (id, quiz_id, start_time, end_time, device, browser, referrer, user_agent, created_at, updated_at) VALUES ('675731b8-673f-4009-b0f8-bb5800a52aa7', 'e6796901-6aca-4291-bcab-efcc188bc584', '2026-04-28 19:00:57.372532+00', '2026-04-28 19:00:57.372532+00', 'Mobile', 'Firefox', NULL, 'demo-seed', '2026-04-28 19:00:57.372532+00', '2026-04-28 19:00:57.372532+00');
INSERT INTO public.session (id, quiz_id, start_time, end_time, device, browser, referrer, user_agent, created_at, updated_at) VALUES ('8c021546-3584-4410-b5d2-31c703ec6e37', 'e6796901-6aca-4291-bcab-efcc188bc584', '2026-04-28 19:00:57.372532+00', '2026-04-28 19:00:57.372532+00', 'Mobile', 'Edge', 'instagram.com', 'demo-seed', '2026-04-28 19:00:57.372532+00', '2026-04-28 19:00:57.372532+00');
INSERT INTO public.session (id, quiz_id, start_time, end_time, device, browser, referrer, user_agent, created_at, updated_at) VALUES ('32de9a44-4e41-4743-82bf-7e175c645846', 'e6796901-6aca-4291-bcab-efcc188bc584', '2026-04-28 19:00:57.372532+00', '2026-04-28 19:00:57.372532+00', 'Desktop', 'Safari', 'reddit.com', 'demo-seed', '2026-04-28 19:00:57.372532+00', '2026-04-28 19:00:57.372532+00');
INSERT INTO public.session (id, quiz_id, start_time, end_time, device, browser, referrer, user_agent, created_at, updated_at) VALUES ('3adab0c5-9739-4a77-86d1-5b1932c3b994', 'e6796901-6aca-4291-bcab-efcc188bc584', '2026-04-28 19:00:57.372532+00', '2026-04-28 19:00:57.372532+00', 'Mobile', 'Chrome', 'twitter.com', 'demo-seed', '2026-04-28 19:00:57.372532+00', '2026-04-28 19:00:57.372532+00');
INSERT INTO public.session (id, quiz_id, start_time, end_time, device, browser, referrer, user_agent, created_at, updated_at) VALUES ('d94c35fa-983c-444f-a33a-24aa8621dd2c', 'e6796901-6aca-4291-bcab-efcc188bc584', '2026-04-28 19:00:57.372532+00', '2026-04-28 19:00:57.372532+00', 'Mobile', 'Firefox', 'google.com', 'demo-seed', '2026-04-28 19:00:57.372532+00', '2026-04-28 19:00:57.372532+00');
INSERT INTO public.session (id, quiz_id, start_time, end_time, device, browser, referrer, user_agent, created_at, updated_at) VALUES ('28e47845-33c4-477d-a7b3-90633363c02a', 'e6796901-6aca-4291-bcab-efcc188bc584', '2026-04-28 19:00:57.372532+00', NULL, 'Mobile', 'Safari', 'tiktok.com', 'demo-seed', '2026-04-28 19:00:57.372532+00', '2026-04-28 19:00:57.372532+00');
INSERT INTO public.session (id, quiz_id, start_time, end_time, device, browser, referrer, user_agent, created_at, updated_at) VALUES ('60278681-98fc-4634-ad44-88086dda0c4f', 'e6796901-6aca-4291-bcab-efcc188bc584', '2026-04-28 19:00:57.372532+00', NULL, 'Mobile', 'Safari', 'tiktok.com', 'demo-seed', '2026-04-28 19:00:57.372532+00', '2026-04-28 19:00:57.372532+00');
INSERT INTO public.session (id, quiz_id, start_time, end_time, device, browser, referrer, user_agent, created_at, updated_at) VALUES ('7bf117d4-3554-4f45-aae0-f6a45402ae4e', '34e10381-2e48-4ea4-b62e-dce8f4214203', '2026-04-28 19:01:20.66094+00', '2026-04-28 19:01:20.66094+00', 'Desktop', 'Chrome', 'google.com', 'demo-seed', '2026-04-28 19:01:20.66094+00', '2026-04-28 19:01:20.66094+00');
INSERT INTO public.session (id, quiz_id, start_time, end_time, device, browser, referrer, user_agent, created_at, updated_at) VALUES ('da1c3d43-40ff-4b34-bd73-0afe64f35d6e', '34e10381-2e48-4ea4-b62e-dce8f4214203', '2026-04-28 19:01:20.66094+00', '2026-04-28 19:01:20.66094+00', 'Desktop', 'Chrome', 'google.com', 'demo-seed', '2026-04-28 19:01:20.66094+00', '2026-04-28 19:01:20.66094+00');
INSERT INTO public.session (id, quiz_id, start_time, end_time, device, browser, referrer, user_agent, created_at, updated_at) VALUES ('ecc15607-82fc-44da-9fae-6a1d76430636', '34e10381-2e48-4ea4-b62e-dce8f4214203', '2026-04-28 19:01:20.66094+00', '2026-04-28 19:01:20.66094+00', 'Desktop', 'Chrome', 'google.com', 'demo-seed', '2026-04-28 19:01:20.66094+00', '2026-04-28 19:01:20.66094+00');
INSERT INTO public.session (id, quiz_id, start_time, end_time, device, browser, referrer, user_agent, created_at, updated_at) VALUES ('ea23e352-d3ae-44d7-b4e7-9e8970a247c2', '34e10381-2e48-4ea4-b62e-dce8f4214203', '2026-04-28 19:01:20.66094+00', '2026-04-28 19:01:20.66094+00', 'Desktop', 'Chrome', 'google.com', 'demo-seed', '2026-04-28 19:01:20.66094+00', '2026-04-28 19:01:20.66094+00');
INSERT INTO public.session (id, quiz_id, start_time, end_time, device, browser, referrer, user_agent, created_at, updated_at) VALUES ('2b5d7d92-0550-47dd-a575-3b440e13b6af', '34e10381-2e48-4ea4-b62e-dce8f4214203', '2026-04-28 19:01:20.66094+00', '2026-04-28 19:01:20.66094+00', 'Desktop', 'Chrome', 'google.com', 'demo-seed', '2026-04-28 19:01:20.66094+00', '2026-04-28 19:01:20.66094+00');
INSERT INTO public.session (id, quiz_id, start_time, end_time, device, browser, referrer, user_agent, created_at, updated_at) VALUES ('6475adda-0085-4d09-8f85-dd55c6f42366', '34e10381-2e48-4ea4-b62e-dce8f4214203', '2026-04-28 19:01:20.66094+00', '2026-04-28 19:01:20.66094+00', 'Desktop', 'Chrome', 'google.com', 'demo-seed', '2026-04-28 19:01:20.66094+00', '2026-04-28 19:01:20.66094+00');
INSERT INTO public.session (id, quiz_id, start_time, end_time, device, browser, referrer, user_agent, created_at, updated_at) VALUES ('ffce859e-8909-4d31-aeb9-eaf65a870a5f', '34e10381-2e48-4ea4-b62e-dce8f4214203', '2026-04-28 19:01:20.66094+00', NULL, 'Mobile', 'Safari', 'tiktok.com', 'demo-seed', '2026-04-28 19:01:20.66094+00', '2026-04-28 19:01:20.66094+00');
INSERT INTO public.session (id, quiz_id, start_time, end_time, device, browser, referrer, user_agent, created_at, updated_at) VALUES ('fd138df0-706b-42fb-a808-178a5426b026', '34e10381-2e48-4ea4-b62e-dce8f4214203', '2026-04-28 19:01:20.66094+00', NULL, 'Mobile', 'Safari', 'tiktok.com', 'demo-seed', '2026-04-28 19:01:20.66094+00', '2026-04-28 19:01:20.66094+00');
INSERT INTO public.questions_answered (id, session_id, question_id, option_chosen_id, numeric_answer, selected_option_ids, answered_at, created_at, updated_at) VALUES ('e6978031-cfc7-4fb0-8b98-c4edd4c004c5', '7bf6a384-4228-4232-bc7d-1f9e6cf0f07a', 'b573369f-55f6-4cdb-afa6-f0f42d06a848', '6abbb509-8c01-437d-b8a6-5d5d791418d9', NULL, NULL, '2026-04-28 19:00:53.815377+00', '2026-04-28 19:00:53.815377+00', '2026-04-28 19:00:53.815377+00');
INSERT INTO public.questions_answered (id, session_id, question_id, option_chosen_id, numeric_answer, selected_option_ids, answered_at, created_at, updated_at) VALUES ('ed7c4baf-cec0-4989-b8f8-751c04d75acb', '7bf6a384-4228-4232-bc7d-1f9e6cf0f07a', '3a92b2ce-cbc2-48d6-8288-c3690ecee78c', '5b2cedde-69ae-4f90-8c4b-24064f0514a2', NULL, NULL, '2026-04-28 19:00:53.815377+00', '2026-04-28 19:00:53.815377+00', '2026-04-28 19:00:53.815377+00');
INSERT INTO public.questions_answered (id, session_id, question_id, option_chosen_id, numeric_answer, selected_option_ids, answered_at, created_at, updated_at) VALUES ('7d26e77b-ccea-4dc0-95e2-6bbc7329795a', '7bf6a384-4228-4232-bc7d-1f9e6cf0f07a', '4c1cd2dd-7861-4738-b66a-83332d916b6f', '69455d8c-0043-4231-9e81-c32e4dafb0c7', NULL, NULL, '2026-04-28 19:00:53.815377+00', '2026-04-28 19:00:53.815377+00', '2026-04-28 19:00:53.815377+00');
INSERT INTO public.questions_answered (id, session_id, question_id, option_chosen_id, numeric_answer, selected_option_ids, answered_at, created_at, updated_at) VALUES ('4d7b7bd4-952b-49cc-b162-5ee9c0892193', '7bf6a384-4228-4232-bc7d-1f9e6cf0f07a', 'ce891c2d-d1cb-462f-b5e3-e76b1946e932', NULL, 3, NULL, '2026-04-28 19:00:53.815377+00', '2026-04-28 19:00:53.815377+00', '2026-04-28 19:00:53.815377+00');
INSERT INTO public.questions_answered (id, session_id, question_id, option_chosen_id, numeric_answer, selected_option_ids, answered_at, created_at, updated_at) VALUES ('c479ab42-57d7-4c30-92bb-69a9c5838517', '7bf6a384-4228-4232-bc7d-1f9e6cf0f07a', 'a3d99cab-503e-4dd3-9e4b-dd3fd4704922', NULL, NULL, '{8f2ce606-44ad-491f-afee-6011fa58eba3,82ed98af-5c18-4cf8-97c4-9fa0872c5a9b}', '2026-04-28 19:00:53.815377+00', '2026-04-28 19:00:53.815377+00', '2026-04-28 19:00:53.815377+00');
INSERT INTO public.questions_answered (id, session_id, question_id, option_chosen_id, numeric_answer, selected_option_ids, answered_at, created_at, updated_at) VALUES ('8a481a81-cd41-4fdc-8621-d8cdd2130401', '7bf6a384-4228-4232-bc7d-1f9e6cf0f07a', 'be2ee5f7-e09c-4fcd-b993-952944b8303f', '6f99a4f2-7e2c-46f8-8a5a-fadc9c58798c', NULL, NULL, '2026-04-28 19:00:53.815377+00', '2026-04-28 19:00:53.815377+00', '2026-04-28 19:00:53.815377+00');
INSERT INTO public.questions_answered (id, session_id, question_id, option_chosen_id, numeric_answer, selected_option_ids, answered_at, created_at, updated_at) VALUES ('507e78bf-82ba-4dbe-b3e2-b47baac7d5a3', '85896ecf-0e7c-4bc1-9b35-c00296c803a5', 'b573369f-55f6-4cdb-afa6-f0f42d06a848', 'e2232fb3-5fd8-4ffe-a018-683dcafebac3', NULL, NULL, '2026-04-28 19:00:53.815377+00', '2026-04-28 19:00:53.815377+00', '2026-04-28 19:00:53.815377+00');
INSERT INTO public.questions_answered (id, session_id, question_id, option_chosen_id, numeric_answer, selected_option_ids, answered_at, created_at, updated_at) VALUES ('52c7dec8-d9e7-44af-83f2-2d95c1ed80d2', '85896ecf-0e7c-4bc1-9b35-c00296c803a5', '3a92b2ce-cbc2-48d6-8288-c3690ecee78c', '6d22349b-5744-41e9-99b8-52879db1c953', NULL, NULL, '2026-04-28 19:00:53.815377+00', '2026-04-28 19:00:53.815377+00', '2026-04-28 19:00:53.815377+00');
INSERT INTO public.questions_answered (id, session_id, question_id, option_chosen_id, numeric_answer, selected_option_ids, answered_at, created_at, updated_at) VALUES ('599a0cbc-d6db-4619-a6b5-29024f46903a', '85896ecf-0e7c-4bc1-9b35-c00296c803a5', '4c1cd2dd-7861-4738-b66a-83332d916b6f', '05ce01f9-180a-4fc1-bfa3-84a18416b3ce', NULL, NULL, '2026-04-28 19:00:53.815377+00', '2026-04-28 19:00:53.815377+00', '2026-04-28 19:00:53.815377+00');
INSERT INTO public.questions_answered (id, session_id, question_id, option_chosen_id, numeric_answer, selected_option_ids, answered_at, created_at, updated_at) VALUES ('d1f4d164-8a10-477b-82f9-91a8ee0afd6d', '85896ecf-0e7c-4bc1-9b35-c00296c803a5', 'ce891c2d-d1cb-462f-b5e3-e76b1946e932', NULL, 6, NULL, '2026-04-28 19:00:53.815377+00', '2026-04-28 19:00:53.815377+00', '2026-04-28 19:00:53.815377+00');
INSERT INTO public.questions_answered (id, session_id, question_id, option_chosen_id, numeric_answer, selected_option_ids, answered_at, created_at, updated_at) VALUES ('5195ce58-fa11-4c5f-a8a8-c2d2074a86e6', '85896ecf-0e7c-4bc1-9b35-c00296c803a5', 'a3d99cab-503e-4dd3-9e4b-dd3fd4704922', NULL, NULL, '{8f2ce606-44ad-491f-afee-6011fa58eba3,82ed98af-5c18-4cf8-97c4-9fa0872c5a9b,b936f112-bae0-464e-ba43-deb45fb2d9f6}', '2026-04-28 19:00:53.815377+00', '2026-04-28 19:00:53.815377+00', '2026-04-28 19:00:53.815377+00');
INSERT INTO public.questions_answered (id, session_id, question_id, option_chosen_id, numeric_answer, selected_option_ids, answered_at, created_at, updated_at) VALUES ('44a81009-22ed-40fc-a91f-1f36d1163678', '85896ecf-0e7c-4bc1-9b35-c00296c803a5', 'be2ee5f7-e09c-4fcd-b993-952944b8303f', '0fdbbafa-efa5-4942-b280-2e5f53fd5eb1', NULL, NULL, '2026-04-28 19:00:53.815377+00', '2026-04-28 19:00:53.815377+00', '2026-04-28 19:00:53.815377+00');
INSERT INTO public.questions_answered (id, session_id, question_id, option_chosen_id, numeric_answer, selected_option_ids, answered_at, created_at, updated_at) VALUES ('51999b2b-0e72-49a9-92db-4a51eb84b1d2', '54814fd5-a4a7-4fa0-b519-ffe814f655a8', 'b573369f-55f6-4cdb-afa6-f0f42d06a848', '3a1259f3-c696-492e-9c60-c76adf13f36f', NULL, NULL, '2026-04-28 19:00:53.815377+00', '2026-04-28 19:00:53.815377+00', '2026-04-28 19:00:53.815377+00');
INSERT INTO public.questions_answered (id, session_id, question_id, option_chosen_id, numeric_answer, selected_option_ids, answered_at, created_at, updated_at) VALUES ('4d40878d-f1d1-42c4-8dc4-6ad882256df9', '54814fd5-a4a7-4fa0-b519-ffe814f655a8', '3a92b2ce-cbc2-48d6-8288-c3690ecee78c', 'feb92aa8-7cad-44e4-9c64-89da583904e6', NULL, NULL, '2026-04-28 19:00:53.815377+00', '2026-04-28 19:00:53.815377+00', '2026-04-28 19:00:53.815377+00');
INSERT INTO public.questions_answered (id, session_id, question_id, option_chosen_id, numeric_answer, selected_option_ids, answered_at, created_at, updated_at) VALUES ('98cc562f-3423-4ced-b7d7-ed2200ff8ac0', '54814fd5-a4a7-4fa0-b519-ffe814f655a8', '4c1cd2dd-7861-4738-b66a-83332d916b6f', 'b9795d60-ddf6-42f9-956f-b2bc238794a7', NULL, NULL, '2026-04-28 19:00:53.815377+00', '2026-04-28 19:00:53.815377+00', '2026-04-28 19:00:53.815377+00');
INSERT INTO public.questions_answered (id, session_id, question_id, option_chosen_id, numeric_answer, selected_option_ids, answered_at, created_at, updated_at) VALUES ('85ea499e-1c98-49d8-8602-4b340248a5bc', '54814fd5-a4a7-4fa0-b519-ffe814f655a8', 'ce891c2d-d1cb-462f-b5e3-e76b1946e932', NULL, 1, NULL, '2026-04-28 19:00:53.815377+00', '2026-04-28 19:00:53.815377+00', '2026-04-28 19:00:53.815377+00');
INSERT INTO public.questions_answered (id, session_id, question_id, option_chosen_id, numeric_answer, selected_option_ids, answered_at, created_at, updated_at) VALUES ('ccd42961-9339-4445-96e3-a4d2acf43e2e', '54814fd5-a4a7-4fa0-b519-ffe814f655a8', 'a3d99cab-503e-4dd3-9e4b-dd3fd4704922', NULL, NULL, '{8f2ce606-44ad-491f-afee-6011fa58eba3,82ed98af-5c18-4cf8-97c4-9fa0872c5a9b,b936f112-bae0-464e-ba43-deb45fb2d9f6,3889a4e2-8957-4e6b-8ab3-eabd713b35da}', '2026-04-28 19:00:53.815377+00', '2026-04-28 19:00:53.815377+00', '2026-04-28 19:00:53.815377+00');
INSERT INTO public.questions_answered (id, session_id, question_id, option_chosen_id, numeric_answer, selected_option_ids, answered_at, created_at, updated_at) VALUES ('d12bdbbc-ddc1-4d16-8eae-f701122b4bf1', '54814fd5-a4a7-4fa0-b519-ffe814f655a8', 'be2ee5f7-e09c-4fcd-b993-952944b8303f', '86a9556d-a22a-4cde-9129-a83800012f35', NULL, NULL, '2026-04-28 19:00:53.815377+00', '2026-04-28 19:00:53.815377+00', '2026-04-28 19:00:53.815377+00');
INSERT INTO public.questions_answered (id, session_id, question_id, option_chosen_id, numeric_answer, selected_option_ids, answered_at, created_at, updated_at) VALUES ('e9a6f6e9-58e5-442a-a328-10c578638a49', 'e8ba0c65-ed35-498f-b549-03b6270d30e0', 'b573369f-55f6-4cdb-afa6-f0f42d06a848', 'c7165336-ac44-4127-90c7-f5a3eef59dd6', NULL, NULL, '2026-04-28 19:00:53.815377+00', '2026-04-28 19:00:53.815377+00', '2026-04-28 19:00:53.815377+00');
INSERT INTO public.questions_answered (id, session_id, question_id, option_chosen_id, numeric_answer, selected_option_ids, answered_at, created_at, updated_at) VALUES ('b0d88684-2fa6-425f-8572-555d1f403075', 'e8ba0c65-ed35-498f-b549-03b6270d30e0', '3a92b2ce-cbc2-48d6-8288-c3690ecee78c', '5aaec6e4-a3bf-442a-8e8e-8d76cdc60998', NULL, NULL, '2026-04-28 19:00:53.815377+00', '2026-04-28 19:00:53.815377+00', '2026-04-28 19:00:53.815377+00');
INSERT INTO public.questions_answered (id, session_id, question_id, option_chosen_id, numeric_answer, selected_option_ids, answered_at, created_at, updated_at) VALUES ('a7122e75-18c1-4654-8349-483e3c33ab78', 'e8ba0c65-ed35-498f-b549-03b6270d30e0', '4c1cd2dd-7861-4738-b66a-83332d916b6f', 'a888f8d8-c9b2-4c97-8001-726badfa2181', NULL, NULL, '2026-04-28 19:00:53.815377+00', '2026-04-28 19:00:53.815377+00', '2026-04-28 19:00:53.815377+00');
INSERT INTO public.questions_answered (id, session_id, question_id, option_chosen_id, numeric_answer, selected_option_ids, answered_at, created_at, updated_at) VALUES ('e16a8e00-2767-4397-98b7-b77b7ab8670f', 'e8ba0c65-ed35-498f-b549-03b6270d30e0', 'ce891c2d-d1cb-462f-b5e3-e76b1946e932', NULL, 4, NULL, '2026-04-28 19:00:53.815377+00', '2026-04-28 19:00:53.815377+00', '2026-04-28 19:00:53.815377+00');
INSERT INTO public.questions_answered (id, session_id, question_id, option_chosen_id, numeric_answer, selected_option_ids, answered_at, created_at, updated_at) VALUES ('298d47e3-905f-4b3a-ac9e-5dc025cbcd25', 'e8ba0c65-ed35-498f-b549-03b6270d30e0', 'a3d99cab-503e-4dd3-9e4b-dd3fd4704922', NULL, NULL, '{8f2ce606-44ad-491f-afee-6011fa58eba3}', '2026-04-28 19:00:53.815377+00', '2026-04-28 19:00:53.815377+00', '2026-04-28 19:00:53.815377+00');
INSERT INTO public.questions_answered (id, session_id, question_id, option_chosen_id, numeric_answer, selected_option_ids, answered_at, created_at, updated_at) VALUES ('7c29df3f-80bd-4b60-bf5f-b036d8f8aa0d', 'e8ba0c65-ed35-498f-b549-03b6270d30e0', 'be2ee5f7-e09c-4fcd-b993-952944b8303f', '8962350d-27c3-4579-b2fc-764079e4b622', NULL, NULL, '2026-04-28 19:00:53.815377+00', '2026-04-28 19:00:53.815377+00', '2026-04-28 19:00:53.815377+00');
INSERT INTO public.questions_answered (id, session_id, question_id, option_chosen_id, numeric_answer, selected_option_ids, answered_at, created_at, updated_at) VALUES ('8a11f18e-0373-4bd3-8066-f95692151625', '81ceb24e-6414-4a2c-ba5b-448e0033d7ba', 'b573369f-55f6-4cdb-afa6-f0f42d06a848', '6abbb509-8c01-437d-b8a6-5d5d791418d9', NULL, NULL, '2026-04-28 19:00:53.815377+00', '2026-04-28 19:00:53.815377+00', '2026-04-28 19:00:53.815377+00');
INSERT INTO public.questions_answered (id, session_id, question_id, option_chosen_id, numeric_answer, selected_option_ids, answered_at, created_at, updated_at) VALUES ('4f327ad7-2a29-4125-b706-658cbd45c1e6', '81ceb24e-6414-4a2c-ba5b-448e0033d7ba', '3a92b2ce-cbc2-48d6-8288-c3690ecee78c', '5b2cedde-69ae-4f90-8c4b-24064f0514a2', NULL, NULL, '2026-04-28 19:00:53.815377+00', '2026-04-28 19:00:53.815377+00', '2026-04-28 19:00:53.815377+00');
INSERT INTO public.questions_answered (id, session_id, question_id, option_chosen_id, numeric_answer, selected_option_ids, answered_at, created_at, updated_at) VALUES ('57a6482e-794a-49ef-bc15-ff9b2c9e739c', '81ceb24e-6414-4a2c-ba5b-448e0033d7ba', '4c1cd2dd-7861-4738-b66a-83332d916b6f', '69455d8c-0043-4231-9e81-c32e4dafb0c7', NULL, NULL, '2026-04-28 19:00:53.815377+00', '2026-04-28 19:00:53.815377+00', '2026-04-28 19:00:53.815377+00');
INSERT INTO public.questions_answered (id, session_id, question_id, option_chosen_id, numeric_answer, selected_option_ids, answered_at, created_at, updated_at) VALUES ('1678822e-02c7-4675-8b25-1ae5b0b3381d', '81ceb24e-6414-4a2c-ba5b-448e0033d7ba', 'ce891c2d-d1cb-462f-b5e3-e76b1946e932', NULL, 7, NULL, '2026-04-28 19:00:53.815377+00', '2026-04-28 19:00:53.815377+00', '2026-04-28 19:00:53.815377+00');
INSERT INTO public.questions_answered (id, session_id, question_id, option_chosen_id, numeric_answer, selected_option_ids, answered_at, created_at, updated_at) VALUES ('f285824d-63e3-46d1-9d01-c73946e8b15e', '81ceb24e-6414-4a2c-ba5b-448e0033d7ba', 'a3d99cab-503e-4dd3-9e4b-dd3fd4704922', NULL, NULL, '{8f2ce606-44ad-491f-afee-6011fa58eba3,82ed98af-5c18-4cf8-97c4-9fa0872c5a9b}', '2026-04-28 19:00:53.815377+00', '2026-04-28 19:00:53.815377+00', '2026-04-28 19:00:53.815377+00');
INSERT INTO public.questions_answered (id, session_id, question_id, option_chosen_id, numeric_answer, selected_option_ids, answered_at, created_at, updated_at) VALUES ('16ce8c0f-c974-42eb-8320-1a45038da344', '81ceb24e-6414-4a2c-ba5b-448e0033d7ba', 'be2ee5f7-e09c-4fcd-b993-952944b8303f', '6f99a4f2-7e2c-46f8-8a5a-fadc9c58798c', NULL, NULL, '2026-04-28 19:00:53.815377+00', '2026-04-28 19:00:53.815377+00', '2026-04-28 19:00:53.815377+00');
INSERT INTO public.questions_answered (id, session_id, question_id, option_chosen_id, numeric_answer, selected_option_ids, answered_at, created_at, updated_at) VALUES ('8c5d149a-88ff-4c91-883f-5cdedd4a56e7', '05238921-88b0-4c08-97d4-9e7b6aa2e819', 'b573369f-55f6-4cdb-afa6-f0f42d06a848', 'e2232fb3-5fd8-4ffe-a018-683dcafebac3', NULL, NULL, '2026-04-28 19:00:53.815377+00', '2026-04-28 19:00:53.815377+00', '2026-04-28 19:00:53.815377+00');
INSERT INTO public.questions_answered (id, session_id, question_id, option_chosen_id, numeric_answer, selected_option_ids, answered_at, created_at, updated_at) VALUES ('20b1d007-e5ed-4053-bf44-c9fca9c0b260', '05238921-88b0-4c08-97d4-9e7b6aa2e819', '3a92b2ce-cbc2-48d6-8288-c3690ecee78c', '6d22349b-5744-41e9-99b8-52879db1c953', NULL, NULL, '2026-04-28 19:00:53.815377+00', '2026-04-28 19:00:53.815377+00', '2026-04-28 19:00:53.815377+00');
INSERT INTO public.questions_answered (id, session_id, question_id, option_chosen_id, numeric_answer, selected_option_ids, answered_at, created_at, updated_at) VALUES ('493ce097-91af-4630-9c73-d209bcdca2c1', '05238921-88b0-4c08-97d4-9e7b6aa2e819', '4c1cd2dd-7861-4738-b66a-83332d916b6f', '05ce01f9-180a-4fc1-bfa3-84a18416b3ce', NULL, NULL, '2026-04-28 19:00:53.815377+00', '2026-04-28 19:00:53.815377+00', '2026-04-28 19:00:53.815377+00');
INSERT INTO public.questions_answered (id, session_id, question_id, option_chosen_id, numeric_answer, selected_option_ids, answered_at, created_at, updated_at) VALUES ('42fc15eb-bfb6-4dc0-9bab-1694831e5562', '05238921-88b0-4c08-97d4-9e7b6aa2e819', 'ce891c2d-d1cb-462f-b5e3-e76b1946e932', NULL, 2, NULL, '2026-04-28 19:00:53.815377+00', '2026-04-28 19:00:53.815377+00', '2026-04-28 19:00:53.815377+00');
INSERT INTO public.questions_answered (id, session_id, question_id, option_chosen_id, numeric_answer, selected_option_ids, answered_at, created_at, updated_at) VALUES ('700e7bbc-0e01-48d1-b16a-534f512f6a96', '05238921-88b0-4c08-97d4-9e7b6aa2e819', 'a3d99cab-503e-4dd3-9e4b-dd3fd4704922', NULL, NULL, '{8f2ce606-44ad-491f-afee-6011fa58eba3,82ed98af-5c18-4cf8-97c4-9fa0872c5a9b,b936f112-bae0-464e-ba43-deb45fb2d9f6}', '2026-04-28 19:00:53.815377+00', '2026-04-28 19:00:53.815377+00', '2026-04-28 19:00:53.815377+00');
INSERT INTO public.questions_answered (id, session_id, question_id, option_chosen_id, numeric_answer, selected_option_ids, answered_at, created_at, updated_at) VALUES ('b8180154-3ae4-4bb8-b306-5072ec4efbb1', '05238921-88b0-4c08-97d4-9e7b6aa2e819', 'be2ee5f7-e09c-4fcd-b993-952944b8303f', '0fdbbafa-efa5-4942-b280-2e5f53fd5eb1', NULL, NULL, '2026-04-28 19:00:53.815377+00', '2026-04-28 19:00:53.815377+00', '2026-04-28 19:00:53.815377+00');
INSERT INTO public.questions_answered (id, session_id, question_id, option_chosen_id, numeric_answer, selected_option_ids, answered_at, created_at, updated_at) VALUES ('9cd09aa2-ccc9-4a89-b632-4c3383015b78', '4cc96deb-168c-4d72-ae1a-d06c454c0b09', 'b573369f-55f6-4cdb-afa6-f0f42d06a848', 'c7165336-ac44-4127-90c7-f5a3eef59dd6', NULL, NULL, '2026-04-28 19:00:53.815377+00', '2026-04-28 19:00:53.815377+00', '2026-04-28 19:00:53.815377+00');
INSERT INTO public.questions_answered (id, session_id, question_id, option_chosen_id, numeric_answer, selected_option_ids, answered_at, created_at, updated_at) VALUES ('05ea0e2c-f3de-4c4e-9680-dfeb239f8a1b', 'b219279f-0e0a-4aa8-9ae0-87ebf0af71a1', 'b573369f-55f6-4cdb-afa6-f0f42d06a848', 'c7165336-ac44-4127-90c7-f5a3eef59dd6', NULL, NULL, '2026-04-28 19:00:53.815377+00', '2026-04-28 19:00:53.815377+00', '2026-04-28 19:00:53.815377+00');
INSERT INTO public.questions_answered (id, session_id, question_id, option_chosen_id, numeric_answer, selected_option_ids, answered_at, created_at, updated_at) VALUES ('a6a8614a-f1a8-44dc-9cae-dd921f6a6c75', '4d446d10-794a-4826-b2da-890d0a399bd0', 'c7c2aade-8ef2-4970-b3ab-2b0f9ea88529', '13bbd40a-ec81-40f0-9c10-8b2c2bcb5fef', NULL, NULL, '2026-04-28 19:00:57.372532+00', '2026-04-28 19:00:57.372532+00', '2026-04-28 19:00:57.372532+00');
INSERT INTO public.questions_answered (id, session_id, question_id, option_chosen_id, numeric_answer, selected_option_ids, answered_at, created_at, updated_at) VALUES ('46cf9404-8b58-42b5-81c1-0c9a9c94683d', '4d446d10-794a-4826-b2da-890d0a399bd0', '89904b2b-403b-4604-9a47-fb0e324fcc85', '63038a0b-2b5f-473d-97a3-dcc90dff6506', NULL, NULL, '2026-04-28 19:00:57.372532+00', '2026-04-28 19:00:57.372532+00', '2026-04-28 19:00:57.372532+00');
INSERT INTO public.questions_answered (id, session_id, question_id, option_chosen_id, numeric_answer, selected_option_ids, answered_at, created_at, updated_at) VALUES ('a69ec63a-963d-4170-b22e-fd463688c698', '4d446d10-794a-4826-b2da-890d0a399bd0', '43c81c7e-541f-4241-bc1e-1da108d05d6e', '6d8f557d-eca6-4fbf-b262-65a931808402', NULL, NULL, '2026-04-28 19:00:57.372532+00', '2026-04-28 19:00:57.372532+00', '2026-04-28 19:00:57.372532+00');
INSERT INTO public.questions_answered (id, session_id, question_id, option_chosen_id, numeric_answer, selected_option_ids, answered_at, created_at, updated_at) VALUES ('e250d898-91c5-47d0-86b4-58f690220316', '4d446d10-794a-4826-b2da-890d0a399bd0', 'd8e95414-16eb-400c-bfc7-0fb78e1ba514', 'ee87d36b-6bd9-484a-8d84-1a28bb80464b', NULL, NULL, '2026-04-28 19:00:57.372532+00', '2026-04-28 19:00:57.372532+00', '2026-04-28 19:00:57.372532+00');
INSERT INTO public.questions_answered (id, session_id, question_id, option_chosen_id, numeric_answer, selected_option_ids, answered_at, created_at, updated_at) VALUES ('663777cc-560d-4d7f-82e8-498e293e4668', '4d446d10-794a-4826-b2da-890d0a399bd0', 'e70eb9f4-6b16-4954-945b-e39c843221ed', '06d6c868-bf26-4559-97f2-93e21a0924ef', NULL, NULL, '2026-04-28 19:00:57.372532+00', '2026-04-28 19:00:57.372532+00', '2026-04-28 19:00:57.372532+00');
INSERT INTO public.questions_answered (id, session_id, question_id, option_chosen_id, numeric_answer, selected_option_ids, answered_at, created_at, updated_at) VALUES ('2008b4c8-ea4a-46d1-a899-9b325c649d7e', '675731b8-673f-4009-b0f8-bb5800a52aa7', 'c7c2aade-8ef2-4970-b3ab-2b0f9ea88529', '6382c88e-e72d-4393-8d14-7eb08afa7a48', NULL, NULL, '2026-04-28 19:00:57.372532+00', '2026-04-28 19:00:57.372532+00', '2026-04-28 19:00:57.372532+00');
INSERT INTO public.questions_answered (id, session_id, question_id, option_chosen_id, numeric_answer, selected_option_ids, answered_at, created_at, updated_at) VALUES ('1408352c-62ee-478e-b28f-c5aca8c53320', '675731b8-673f-4009-b0f8-bb5800a52aa7', '89904b2b-403b-4604-9a47-fb0e324fcc85', '24f93a1b-4959-47a8-91f6-dfee8968797b', NULL, NULL, '2026-04-28 19:00:57.372532+00', '2026-04-28 19:00:57.372532+00', '2026-04-28 19:00:57.372532+00');
INSERT INTO public.questions_answered (id, session_id, question_id, option_chosen_id, numeric_answer, selected_option_ids, answered_at, created_at, updated_at) VALUES ('a2beff23-7a00-4b1d-b14b-51ba211fac52', '675731b8-673f-4009-b0f8-bb5800a52aa7', '43c81c7e-541f-4241-bc1e-1da108d05d6e', '2e907edd-cceb-42a5-a0f2-9a198a2facb4', NULL, NULL, '2026-04-28 19:00:57.372532+00', '2026-04-28 19:00:57.372532+00', '2026-04-28 19:00:57.372532+00');
INSERT INTO public.questions_answered (id, session_id, question_id, option_chosen_id, numeric_answer, selected_option_ids, answered_at, created_at, updated_at) VALUES ('414c87cb-7c6e-453b-9fc9-3986b94fc83a', '675731b8-673f-4009-b0f8-bb5800a52aa7', 'd8e95414-16eb-400c-bfc7-0fb78e1ba514', '5f190eca-77c5-4621-86ba-7e2894bf98d6', NULL, NULL, '2026-04-28 19:00:57.372532+00', '2026-04-28 19:00:57.372532+00', '2026-04-28 19:00:57.372532+00');
INSERT INTO public.questions_answered (id, session_id, question_id, option_chosen_id, numeric_answer, selected_option_ids, answered_at, created_at, updated_at) VALUES ('f4a14d6c-a978-49fe-96fa-f50d70faf077', '675731b8-673f-4009-b0f8-bb5800a52aa7', 'e70eb9f4-6b16-4954-945b-e39c843221ed', '6336ff42-bd9c-49c8-a133-93823723344a', NULL, NULL, '2026-04-28 19:00:57.372532+00', '2026-04-28 19:00:57.372532+00', '2026-04-28 19:00:57.372532+00');
INSERT INTO public.questions_answered (id, session_id, question_id, option_chosen_id, numeric_answer, selected_option_ids, answered_at, created_at, updated_at) VALUES ('a645f922-37e5-46c1-9c37-6f09cabe35c9', '8c021546-3584-4410-b5d2-31c703ec6e37', 'c7c2aade-8ef2-4970-b3ab-2b0f9ea88529', '573b128c-79dc-4930-b735-3f8a35e82384', NULL, NULL, '2026-04-28 19:00:57.372532+00', '2026-04-28 19:00:57.372532+00', '2026-04-28 19:00:57.372532+00');
INSERT INTO public.questions_answered (id, session_id, question_id, option_chosen_id, numeric_answer, selected_option_ids, answered_at, created_at, updated_at) VALUES ('5b3a0265-317f-43c6-83a7-1281f06912f5', '8c021546-3584-4410-b5d2-31c703ec6e37', '89904b2b-403b-4604-9a47-fb0e324fcc85', 'f1cd25a9-5ec3-4538-9ed2-d5a6ff098879', NULL, NULL, '2026-04-28 19:00:57.372532+00', '2026-04-28 19:00:57.372532+00', '2026-04-28 19:00:57.372532+00');
INSERT INTO public.questions_answered (id, session_id, question_id, option_chosen_id, numeric_answer, selected_option_ids, answered_at, created_at, updated_at) VALUES ('1d0b2660-e70d-4a4b-9db3-88cb8769417b', '8c021546-3584-4410-b5d2-31c703ec6e37', '43c81c7e-541f-4241-bc1e-1da108d05d6e', 'ba15117d-1ef3-4eed-84d6-2be12418495f', NULL, NULL, '2026-04-28 19:00:57.372532+00', '2026-04-28 19:00:57.372532+00', '2026-04-28 19:00:57.372532+00');
INSERT INTO public.questions_answered (id, session_id, question_id, option_chosen_id, numeric_answer, selected_option_ids, answered_at, created_at, updated_at) VALUES ('b8573175-f188-4d03-b4c8-884da5baa4a6', '8c021546-3584-4410-b5d2-31c703ec6e37', 'd8e95414-16eb-400c-bfc7-0fb78e1ba514', '5cdaf67e-9780-4195-acfd-230ba172c986', NULL, NULL, '2026-04-28 19:00:57.372532+00', '2026-04-28 19:00:57.372532+00', '2026-04-28 19:00:57.372532+00');
INSERT INTO public.questions_answered (id, session_id, question_id, option_chosen_id, numeric_answer, selected_option_ids, answered_at, created_at, updated_at) VALUES ('df4ecaaf-f155-471e-abe8-99f16333a430', '8c021546-3584-4410-b5d2-31c703ec6e37', 'e70eb9f4-6b16-4954-945b-e39c843221ed', '93f9ab69-b016-4c01-a90a-d84868941a56', NULL, NULL, '2026-04-28 19:00:57.372532+00', '2026-04-28 19:00:57.372532+00', '2026-04-28 19:00:57.372532+00');
INSERT INTO public.questions_answered (id, session_id, question_id, option_chosen_id, numeric_answer, selected_option_ids, answered_at, created_at, updated_at) VALUES ('77de1d66-dfc9-4d85-b46c-c28d323a6781', '32de9a44-4e41-4743-82bf-7e175c645846', 'c7c2aade-8ef2-4970-b3ab-2b0f9ea88529', '3dcf7aa1-842f-44e9-bf01-90a11b76e682', NULL, NULL, '2026-04-28 19:00:57.372532+00', '2026-04-28 19:00:57.372532+00', '2026-04-28 19:00:57.372532+00');
INSERT INTO public.questions_answered (id, session_id, question_id, option_chosen_id, numeric_answer, selected_option_ids, answered_at, created_at, updated_at) VALUES ('6fa041b3-c5bf-4683-aeb9-5c59fc5e04e9', '32de9a44-4e41-4743-82bf-7e175c645846', '89904b2b-403b-4604-9a47-fb0e324fcc85', '7007f23c-2bf5-455a-bf08-50e4d71a617d', NULL, NULL, '2026-04-28 19:00:57.372532+00', '2026-04-28 19:00:57.372532+00', '2026-04-28 19:00:57.372532+00');
INSERT INTO public.questions_answered (id, session_id, question_id, option_chosen_id, numeric_answer, selected_option_ids, answered_at, created_at, updated_at) VALUES ('bf2bd8cd-c6b4-4850-b61d-fc9d60f16ba9', '32de9a44-4e41-4743-82bf-7e175c645846', '43c81c7e-541f-4241-bc1e-1da108d05d6e', 'a4137928-48ea-4fae-8251-4e1ed9cece62', NULL, NULL, '2026-04-28 19:00:57.372532+00', '2026-04-28 19:00:57.372532+00', '2026-04-28 19:00:57.372532+00');
INSERT INTO public.questions_answered (id, session_id, question_id, option_chosen_id, numeric_answer, selected_option_ids, answered_at, created_at, updated_at) VALUES ('5cc65523-93ab-4e0c-be41-6583c4aa4c69', '32de9a44-4e41-4743-82bf-7e175c645846', 'd8e95414-16eb-400c-bfc7-0fb78e1ba514', '3ec2ebcd-b6cd-4003-a355-251cc3b10e57', NULL, NULL, '2026-04-28 19:00:57.372532+00', '2026-04-28 19:00:57.372532+00', '2026-04-28 19:00:57.372532+00');
INSERT INTO public.questions_answered (id, session_id, question_id, option_chosen_id, numeric_answer, selected_option_ids, answered_at, created_at, updated_at) VALUES ('7c611b04-1f47-45b2-b520-9d73d6b99ffe', '32de9a44-4e41-4743-82bf-7e175c645846', 'e70eb9f4-6b16-4954-945b-e39c843221ed', 'a82d46ee-b38d-4279-947b-b75c45c4f6d7', NULL, NULL, '2026-04-28 19:00:57.372532+00', '2026-04-28 19:00:57.372532+00', '2026-04-28 19:00:57.372532+00');
INSERT INTO public.questions_answered (id, session_id, question_id, option_chosen_id, numeric_answer, selected_option_ids, answered_at, created_at, updated_at) VALUES ('1224d64e-1ac3-4140-a400-c79093b4593c', '3adab0c5-9739-4a77-86d1-5b1932c3b994', 'c7c2aade-8ef2-4970-b3ab-2b0f9ea88529', '13bbd40a-ec81-40f0-9c10-8b2c2bcb5fef', NULL, NULL, '2026-04-28 19:00:57.372532+00', '2026-04-28 19:00:57.372532+00', '2026-04-28 19:00:57.372532+00');
INSERT INTO public.questions_answered (id, session_id, question_id, option_chosen_id, numeric_answer, selected_option_ids, answered_at, created_at, updated_at) VALUES ('d92b6d4e-177a-493d-8dca-fd52c1410bad', '3adab0c5-9739-4a77-86d1-5b1932c3b994', '89904b2b-403b-4604-9a47-fb0e324fcc85', '63038a0b-2b5f-473d-97a3-dcc90dff6506', NULL, NULL, '2026-04-28 19:00:57.372532+00', '2026-04-28 19:00:57.372532+00', '2026-04-28 19:00:57.372532+00');
INSERT INTO public.questions_answered (id, session_id, question_id, option_chosen_id, numeric_answer, selected_option_ids, answered_at, created_at, updated_at) VALUES ('75696bc9-755d-4827-8784-58628d64ba3d', '3adab0c5-9739-4a77-86d1-5b1932c3b994', '43c81c7e-541f-4241-bc1e-1da108d05d6e', '6d8f557d-eca6-4fbf-b262-65a931808402', NULL, NULL, '2026-04-28 19:00:57.372532+00', '2026-04-28 19:00:57.372532+00', '2026-04-28 19:00:57.372532+00');
INSERT INTO public.questions_answered (id, session_id, question_id, option_chosen_id, numeric_answer, selected_option_ids, answered_at, created_at, updated_at) VALUES ('6ec7f4ce-e49f-4ea2-8802-3e9675491ffc', '3adab0c5-9739-4a77-86d1-5b1932c3b994', 'd8e95414-16eb-400c-bfc7-0fb78e1ba514', 'ee87d36b-6bd9-484a-8d84-1a28bb80464b', NULL, NULL, '2026-04-28 19:00:57.372532+00', '2026-04-28 19:00:57.372532+00', '2026-04-28 19:00:57.372532+00');
INSERT INTO public.questions_answered (id, session_id, question_id, option_chosen_id, numeric_answer, selected_option_ids, answered_at, created_at, updated_at) VALUES ('2d6e966d-64aa-423e-a602-c7d7e7d422fb', '3adab0c5-9739-4a77-86d1-5b1932c3b994', 'e70eb9f4-6b16-4954-945b-e39c843221ed', '06d6c868-bf26-4559-97f2-93e21a0924ef', NULL, NULL, '2026-04-28 19:00:57.372532+00', '2026-04-28 19:00:57.372532+00', '2026-04-28 19:00:57.372532+00');
INSERT INTO public.questions_answered (id, session_id, question_id, option_chosen_id, numeric_answer, selected_option_ids, answered_at, created_at, updated_at) VALUES ('9588eecb-64a6-41ee-b484-cdb59d685a91', 'd94c35fa-983c-444f-a33a-24aa8621dd2c', 'c7c2aade-8ef2-4970-b3ab-2b0f9ea88529', '6382c88e-e72d-4393-8d14-7eb08afa7a48', NULL, NULL, '2026-04-28 19:00:57.372532+00', '2026-04-28 19:00:57.372532+00', '2026-04-28 19:00:57.372532+00');
INSERT INTO public.questions_answered (id, session_id, question_id, option_chosen_id, numeric_answer, selected_option_ids, answered_at, created_at, updated_at) VALUES ('22f88287-8ad9-41db-93f8-ec868f6c44b5', 'd94c35fa-983c-444f-a33a-24aa8621dd2c', '89904b2b-403b-4604-9a47-fb0e324fcc85', '24f93a1b-4959-47a8-91f6-dfee8968797b', NULL, NULL, '2026-04-28 19:00:57.372532+00', '2026-04-28 19:00:57.372532+00', '2026-04-28 19:00:57.372532+00');
INSERT INTO public.questions_answered (id, session_id, question_id, option_chosen_id, numeric_answer, selected_option_ids, answered_at, created_at, updated_at) VALUES ('37ae370d-b0f8-4d3e-b8e2-bb9fb0b67e8d', 'd94c35fa-983c-444f-a33a-24aa8621dd2c', '43c81c7e-541f-4241-bc1e-1da108d05d6e', '2e907edd-cceb-42a5-a0f2-9a198a2facb4', NULL, NULL, '2026-04-28 19:00:57.372532+00', '2026-04-28 19:00:57.372532+00', '2026-04-28 19:00:57.372532+00');
INSERT INTO public.questions_answered (id, session_id, question_id, option_chosen_id, numeric_answer, selected_option_ids, answered_at, created_at, updated_at) VALUES ('b6a3eb17-4f75-467e-9c01-2339404fbfc4', 'd94c35fa-983c-444f-a33a-24aa8621dd2c', 'd8e95414-16eb-400c-bfc7-0fb78e1ba514', '5f190eca-77c5-4621-86ba-7e2894bf98d6', NULL, NULL, '2026-04-28 19:00:57.372532+00', '2026-04-28 19:00:57.372532+00', '2026-04-28 19:00:57.372532+00');
INSERT INTO public.questions_answered (id, session_id, question_id, option_chosen_id, numeric_answer, selected_option_ids, answered_at, created_at, updated_at) VALUES ('5b600cbb-ad4d-4b8a-81da-21a1996f34c2', 'd94c35fa-983c-444f-a33a-24aa8621dd2c', 'e70eb9f4-6b16-4954-945b-e39c843221ed', '6336ff42-bd9c-49c8-a133-93823723344a', NULL, NULL, '2026-04-28 19:00:57.372532+00', '2026-04-28 19:00:57.372532+00', '2026-04-28 19:00:57.372532+00');
INSERT INTO public.questions_answered (id, session_id, question_id, option_chosen_id, numeric_answer, selected_option_ids, answered_at, created_at, updated_at) VALUES ('4d317fb1-fdae-483f-bb15-820383046287', '28e47845-33c4-477d-a7b3-90633363c02a', 'c7c2aade-8ef2-4970-b3ab-2b0f9ea88529', '3dcf7aa1-842f-44e9-bf01-90a11b76e682', NULL, NULL, '2026-04-28 19:00:57.372532+00', '2026-04-28 19:00:57.372532+00', '2026-04-28 19:00:57.372532+00');
INSERT INTO public.questions_answered (id, session_id, question_id, option_chosen_id, numeric_answer, selected_option_ids, answered_at, created_at, updated_at) VALUES ('307dbafd-1caf-4a3c-963e-8bbd7cd9fb0e', '60278681-98fc-4634-ad44-88086dda0c4f', 'c7c2aade-8ef2-4970-b3ab-2b0f9ea88529', '3dcf7aa1-842f-44e9-bf01-90a11b76e682', NULL, NULL, '2026-04-28 19:00:57.372532+00', '2026-04-28 19:00:57.372532+00', '2026-04-28 19:00:57.372532+00');
INSERT INTO public.questions_answered (id, session_id, question_id, option_chosen_id, numeric_answer, selected_option_ids, answered_at, created_at, updated_at) VALUES ('02d47474-105d-47f2-961c-230978b94518', '7bf117d4-3554-4f45-aae0-f6a45402ae4e', '60599e3f-bbfc-4cef-8f2d-342dffa5b789', NULL, NULL, '{e9327074-c617-4268-a5ff-caa26093b983,db5e405a-9e88-4e8e-b779-6dc5f8ab2e87}', '2026-04-28 19:01:20.66094+00', '2026-04-28 19:01:20.66094+00', '2026-04-28 19:01:20.66094+00');
INSERT INTO public.questions_answered (id, session_id, question_id, option_chosen_id, numeric_answer, selected_option_ids, answered_at, created_at, updated_at) VALUES ('3a0250ca-6b6c-49e2-b272-878d07a4d6ad', '7bf117d4-3554-4f45-aae0-f6a45402ae4e', 'bb41be0f-7117-4877-81a5-05c11cf491a5', NULL, NULL, '{0f42439c-b371-4901-b44e-02905f8ef670,3ea67fe7-24af-4567-8a86-00c860c8166f}', '2026-04-28 19:01:20.66094+00', '2026-04-28 19:01:20.66094+00', '2026-04-28 19:01:20.66094+00');
INSERT INTO public.questions_answered (id, session_id, question_id, option_chosen_id, numeric_answer, selected_option_ids, answered_at, created_at, updated_at) VALUES ('732d3da0-0d9c-4b33-a511-0c1f431becc9', '7bf117d4-3554-4f45-aae0-f6a45402ae4e', 'd1937ee0-ae7b-4620-92be-f074af455d3f', 'd5e8ffc0-58ef-4b0c-95c3-49c9c0011529', NULL, NULL, '2026-04-28 19:01:20.66094+00', '2026-04-28 19:01:20.66094+00', '2026-04-28 19:01:20.66094+00');
INSERT INTO public.questions_answered (id, session_id, question_id, option_chosen_id, numeric_answer, selected_option_ids, answered_at, created_at, updated_at) VALUES ('4a9e620c-28d3-47d0-a4fe-6a70d0c1ba11', '7bf117d4-3554-4f45-aae0-f6a45402ae4e', '0f37a032-60fb-4c4c-9b8b-efa8e693dd9e', NULL, NULL, '{3067137c-d7ee-4dfe-a4fa-fc9c3ce7c710,48515ea4-9de0-4df8-bbed-42a6765f7149}', '2026-04-28 19:01:20.66094+00', '2026-04-28 19:01:20.66094+00', '2026-04-28 19:01:20.66094+00');
INSERT INTO public.questions_answered (id, session_id, question_id, option_chosen_id, numeric_answer, selected_option_ids, answered_at, created_at, updated_at) VALUES ('dedec87d-a1fa-4d12-a44e-4f4e3ca6d2c7', '7bf117d4-3554-4f45-aae0-f6a45402ae4e', '49687aac-eb23-4193-bac4-46aa6cdc6d77', '5d6ac65b-efa5-4abb-88f6-a6f4b3eaf205', NULL, NULL, '2026-04-28 19:01:20.66094+00', '2026-04-28 19:01:20.66094+00', '2026-04-28 19:01:20.66094+00');
INSERT INTO public.questions_answered (id, session_id, question_id, option_chosen_id, numeric_answer, selected_option_ids, answered_at, created_at, updated_at) VALUES ('d8084687-c57e-4e20-881a-3fd112df16f2', '7bf117d4-3554-4f45-aae0-f6a45402ae4e', '7b5b05f2-0bb0-42ab-b77b-d2237d21e542', 'bb24eb22-0377-4f1e-92e4-84512be5e25e', NULL, NULL, '2026-04-28 19:01:20.66094+00', '2026-04-28 19:01:20.66094+00', '2026-04-28 19:01:20.66094+00');
INSERT INTO public.questions_answered (id, session_id, question_id, option_chosen_id, numeric_answer, selected_option_ids, answered_at, created_at, updated_at) VALUES ('f9452cb4-ab6f-4ae0-95e7-6740d005721f', 'da1c3d43-40ff-4b34-bd73-0afe64f35d6e', '60599e3f-bbfc-4cef-8f2d-342dffa5b789', NULL, NULL, '{e9327074-c617-4268-a5ff-caa26093b983,db5e405a-9e88-4e8e-b779-6dc5f8ab2e87,92ac7dec-49ef-4a6b-a0cc-48b3eb6975e4}', '2026-04-28 19:01:20.66094+00', '2026-04-28 19:01:20.66094+00', '2026-04-28 19:01:20.66094+00');
INSERT INTO public.questions_answered (id, session_id, question_id, option_chosen_id, numeric_answer, selected_option_ids, answered_at, created_at, updated_at) VALUES ('a13755e2-5972-424a-a83e-a14fbbec2f58', 'da1c3d43-40ff-4b34-bd73-0afe64f35d6e', 'bb41be0f-7117-4877-81a5-05c11cf491a5', NULL, NULL, '{0f42439c-b371-4901-b44e-02905f8ef670,3ea67fe7-24af-4567-8a86-00c860c8166f,5ac417ec-3c2f-410e-81b2-345907010602}', '2026-04-28 19:01:20.66094+00', '2026-04-28 19:01:20.66094+00', '2026-04-28 19:01:20.66094+00');
INSERT INTO public.questions_answered (id, session_id, question_id, option_chosen_id, numeric_answer, selected_option_ids, answered_at, created_at, updated_at) VALUES ('a5fd356d-11d8-4a1e-a40e-a4c6e92f0245', 'da1c3d43-40ff-4b34-bd73-0afe64f35d6e', 'd1937ee0-ae7b-4620-92be-f074af455d3f', 'd5e8ffc0-58ef-4b0c-95c3-49c9c0011529', NULL, NULL, '2026-04-28 19:01:20.66094+00', '2026-04-28 19:01:20.66094+00', '2026-04-28 19:01:20.66094+00');
INSERT INTO public.questions_answered (id, session_id, question_id, option_chosen_id, numeric_answer, selected_option_ids, answered_at, created_at, updated_at) VALUES ('8f580201-df3a-4762-bd81-6af4dbd4bc4f', 'da1c3d43-40ff-4b34-bd73-0afe64f35d6e', '0f37a032-60fb-4c4c-9b8b-efa8e693dd9e', NULL, NULL, '{3067137c-d7ee-4dfe-a4fa-fc9c3ce7c710,48515ea4-9de0-4df8-bbed-42a6765f7149,5503bae9-0896-423d-b057-ba4e20377980}', '2026-04-28 19:01:20.66094+00', '2026-04-28 19:01:20.66094+00', '2026-04-28 19:01:20.66094+00');
INSERT INTO public.questions_answered (id, session_id, question_id, option_chosen_id, numeric_answer, selected_option_ids, answered_at, created_at, updated_at) VALUES ('0bd11eb8-009f-49e1-9f89-7763e249a061', 'da1c3d43-40ff-4b34-bd73-0afe64f35d6e', '49687aac-eb23-4193-bac4-46aa6cdc6d77', '5d6ac65b-efa5-4abb-88f6-a6f4b3eaf205', NULL, NULL, '2026-04-28 19:01:20.66094+00', '2026-04-28 19:01:20.66094+00', '2026-04-28 19:01:20.66094+00');
INSERT INTO public.questions_answered (id, session_id, question_id, option_chosen_id, numeric_answer, selected_option_ids, answered_at, created_at, updated_at) VALUES ('dec090f1-d03c-43c4-b7f8-08aecd4b7ba9', 'da1c3d43-40ff-4b34-bd73-0afe64f35d6e', '7b5b05f2-0bb0-42ab-b77b-d2237d21e542', 'bb24eb22-0377-4f1e-92e4-84512be5e25e', NULL, NULL, '2026-04-28 19:01:20.66094+00', '2026-04-28 19:01:20.66094+00', '2026-04-28 19:01:20.66094+00');
INSERT INTO public.questions_answered (id, session_id, question_id, option_chosen_id, numeric_answer, selected_option_ids, answered_at, created_at, updated_at) VALUES ('6b4414a4-32b1-4c0d-acef-c82fcd9b54a7', 'ecc15607-82fc-44da-9fae-6a1d76430636', '60599e3f-bbfc-4cef-8f2d-342dffa5b789', NULL, NULL, '{e9327074-c617-4268-a5ff-caa26093b983,db5e405a-9e88-4e8e-b779-6dc5f8ab2e87,92ac7dec-49ef-4a6b-a0cc-48b3eb6975e4,c924dd0f-1b0c-4175-be12-56f24c9e1a71}', '2026-04-28 19:01:20.66094+00', '2026-04-28 19:01:20.66094+00', '2026-04-28 19:01:20.66094+00');
INSERT INTO public.questions_answered (id, session_id, question_id, option_chosen_id, numeric_answer, selected_option_ids, answered_at, created_at, updated_at) VALUES ('82c83bf3-5c5d-4c23-aa1f-c27ea26ee8d1', 'ecc15607-82fc-44da-9fae-6a1d76430636', 'bb41be0f-7117-4877-81a5-05c11cf491a5', NULL, NULL, '{0f42439c-b371-4901-b44e-02905f8ef670,3ea67fe7-24af-4567-8a86-00c860c8166f,5ac417ec-3c2f-410e-81b2-345907010602,3c87b2ab-5ee6-4b30-813a-f2150fb8096d}', '2026-04-28 19:01:20.66094+00', '2026-04-28 19:01:20.66094+00', '2026-04-28 19:01:20.66094+00');
INSERT INTO public.questions_answered (id, session_id, question_id, option_chosen_id, numeric_answer, selected_option_ids, answered_at, created_at, updated_at) VALUES ('2e5bd491-7e61-42ae-a375-315d14ddb721', 'ecc15607-82fc-44da-9fae-6a1d76430636', 'd1937ee0-ae7b-4620-92be-f074af455d3f', 'd5e8ffc0-58ef-4b0c-95c3-49c9c0011529', NULL, NULL, '2026-04-28 19:01:20.66094+00', '2026-04-28 19:01:20.66094+00', '2026-04-28 19:01:20.66094+00');
INSERT INTO public.questions_answered (id, session_id, question_id, option_chosen_id, numeric_answer, selected_option_ids, answered_at, created_at, updated_at) VALUES ('39ab635c-ba34-4754-9e73-d1e5b34e6bc9', 'ecc15607-82fc-44da-9fae-6a1d76430636', '0f37a032-60fb-4c4c-9b8b-efa8e693dd9e', NULL, NULL, '{3067137c-d7ee-4dfe-a4fa-fc9c3ce7c710,48515ea4-9de0-4df8-bbed-42a6765f7149,5503bae9-0896-423d-b057-ba4e20377980,88698dd0-1189-49e0-b805-3ca3a8640a14}', '2026-04-28 19:01:20.66094+00', '2026-04-28 19:01:20.66094+00', '2026-04-28 19:01:20.66094+00');
INSERT INTO public.questions_answered (id, session_id, question_id, option_chosen_id, numeric_answer, selected_option_ids, answered_at, created_at, updated_at) VALUES ('f17f342f-75a3-4403-8f36-c4456750b08b', 'ecc15607-82fc-44da-9fae-6a1d76430636', '49687aac-eb23-4193-bac4-46aa6cdc6d77', '5d6ac65b-efa5-4abb-88f6-a6f4b3eaf205', NULL, NULL, '2026-04-28 19:01:20.66094+00', '2026-04-28 19:01:20.66094+00', '2026-04-28 19:01:20.66094+00');
INSERT INTO public.questions_answered (id, session_id, question_id, option_chosen_id, numeric_answer, selected_option_ids, answered_at, created_at, updated_at) VALUES ('43d76553-2a24-4edf-911a-d8ac01b3dbe3', 'ecc15607-82fc-44da-9fae-6a1d76430636', '7b5b05f2-0bb0-42ab-b77b-d2237d21e542', 'bb24eb22-0377-4f1e-92e4-84512be5e25e', NULL, NULL, '2026-04-28 19:01:20.66094+00', '2026-04-28 19:01:20.66094+00', '2026-04-28 19:01:20.66094+00');
INSERT INTO public.questions_answered (id, session_id, question_id, option_chosen_id, numeric_answer, selected_option_ids, answered_at, created_at, updated_at) VALUES ('84c0742c-aae5-4dc3-b37a-ed67e03a5c88', 'ea23e352-d3ae-44d7-b4e7-9e8970a247c2', '60599e3f-bbfc-4cef-8f2d-342dffa5b789', NULL, NULL, '{e9327074-c617-4268-a5ff-caa26093b983}', '2026-04-28 19:01:20.66094+00', '2026-04-28 19:01:20.66094+00', '2026-04-28 19:01:20.66094+00');
INSERT INTO public.questions_answered (id, session_id, question_id, option_chosen_id, numeric_answer, selected_option_ids, answered_at, created_at, updated_at) VALUES ('c36c3e97-4353-44be-a45d-347cd20d1652', 'ea23e352-d3ae-44d7-b4e7-9e8970a247c2', 'bb41be0f-7117-4877-81a5-05c11cf491a5', NULL, NULL, '{0f42439c-b371-4901-b44e-02905f8ef670}', '2026-04-28 19:01:20.66094+00', '2026-04-28 19:01:20.66094+00', '2026-04-28 19:01:20.66094+00');
INSERT INTO public.questions_answered (id, session_id, question_id, option_chosen_id, numeric_answer, selected_option_ids, answered_at, created_at, updated_at) VALUES ('101d5b30-0c6f-4327-9281-5ae3fbc301a6', 'ea23e352-d3ae-44d7-b4e7-9e8970a247c2', 'd1937ee0-ae7b-4620-92be-f074af455d3f', 'd5e8ffc0-58ef-4b0c-95c3-49c9c0011529', NULL, NULL, '2026-04-28 19:01:20.66094+00', '2026-04-28 19:01:20.66094+00', '2026-04-28 19:01:20.66094+00');
INSERT INTO public.questions_answered (id, session_id, question_id, option_chosen_id, numeric_answer, selected_option_ids, answered_at, created_at, updated_at) VALUES ('cc9691f7-9cf2-4851-a313-ca59d3259865', 'ea23e352-d3ae-44d7-b4e7-9e8970a247c2', '0f37a032-60fb-4c4c-9b8b-efa8e693dd9e', NULL, NULL, '{3067137c-d7ee-4dfe-a4fa-fc9c3ce7c710}', '2026-04-28 19:01:20.66094+00', '2026-04-28 19:01:20.66094+00', '2026-04-28 19:01:20.66094+00');
INSERT INTO public.questions_answered (id, session_id, question_id, option_chosen_id, numeric_answer, selected_option_ids, answered_at, created_at, updated_at) VALUES ('5b8cc28d-f8f0-4608-a197-e275faeb8a63', 'ea23e352-d3ae-44d7-b4e7-9e8970a247c2', '49687aac-eb23-4193-bac4-46aa6cdc6d77', '5d6ac65b-efa5-4abb-88f6-a6f4b3eaf205', NULL, NULL, '2026-04-28 19:01:20.66094+00', '2026-04-28 19:01:20.66094+00', '2026-04-28 19:01:20.66094+00');
INSERT INTO public.questions_answered (id, session_id, question_id, option_chosen_id, numeric_answer, selected_option_ids, answered_at, created_at, updated_at) VALUES ('00f02093-d65d-458c-8a40-4c8907695e4a', 'ea23e352-d3ae-44d7-b4e7-9e8970a247c2', '7b5b05f2-0bb0-42ab-b77b-d2237d21e542', 'bb24eb22-0377-4f1e-92e4-84512be5e25e', NULL, NULL, '2026-04-28 19:01:20.66094+00', '2026-04-28 19:01:20.66094+00', '2026-04-28 19:01:20.66094+00');
INSERT INTO public.questions_answered (id, session_id, question_id, option_chosen_id, numeric_answer, selected_option_ids, answered_at, created_at, updated_at) VALUES ('5a62b0b7-9a4a-484a-8e47-954732e67d75', '2b5d7d92-0550-47dd-a575-3b440e13b6af', '60599e3f-bbfc-4cef-8f2d-342dffa5b789', NULL, NULL, '{e9327074-c617-4268-a5ff-caa26093b983,db5e405a-9e88-4e8e-b779-6dc5f8ab2e87}', '2026-04-28 19:01:20.66094+00', '2026-04-28 19:01:20.66094+00', '2026-04-28 19:01:20.66094+00');
INSERT INTO public.questions_answered (id, session_id, question_id, option_chosen_id, numeric_answer, selected_option_ids, answered_at, created_at, updated_at) VALUES ('d31e3cb6-8509-4883-8d83-9e7b9ae77cac', '2b5d7d92-0550-47dd-a575-3b440e13b6af', 'bb41be0f-7117-4877-81a5-05c11cf491a5', NULL, NULL, '{0f42439c-b371-4901-b44e-02905f8ef670,3ea67fe7-24af-4567-8a86-00c860c8166f}', '2026-04-28 19:01:20.66094+00', '2026-04-28 19:01:20.66094+00', '2026-04-28 19:01:20.66094+00');
INSERT INTO public.questions_answered (id, session_id, question_id, option_chosen_id, numeric_answer, selected_option_ids, answered_at, created_at, updated_at) VALUES ('67a3a87a-9fa4-4e1d-92ee-0818b1d219eb', '2b5d7d92-0550-47dd-a575-3b440e13b6af', 'd1937ee0-ae7b-4620-92be-f074af455d3f', 'd5e8ffc0-58ef-4b0c-95c3-49c9c0011529', NULL, NULL, '2026-04-28 19:01:20.66094+00', '2026-04-28 19:01:20.66094+00', '2026-04-28 19:01:20.66094+00');
INSERT INTO public.questions_answered (id, session_id, question_id, option_chosen_id, numeric_answer, selected_option_ids, answered_at, created_at, updated_at) VALUES ('aeaed42f-084d-4768-b1ff-1177c2da6431', '2b5d7d92-0550-47dd-a575-3b440e13b6af', '0f37a032-60fb-4c4c-9b8b-efa8e693dd9e', NULL, NULL, '{3067137c-d7ee-4dfe-a4fa-fc9c3ce7c710,48515ea4-9de0-4df8-bbed-42a6765f7149}', '2026-04-28 19:01:20.66094+00', '2026-04-28 19:01:20.66094+00', '2026-04-28 19:01:20.66094+00');
INSERT INTO public.questions_answered (id, session_id, question_id, option_chosen_id, numeric_answer, selected_option_ids, answered_at, created_at, updated_at) VALUES ('95525af1-9f0e-485e-b394-b5f517be965b', '2b5d7d92-0550-47dd-a575-3b440e13b6af', '49687aac-eb23-4193-bac4-46aa6cdc6d77', '5d6ac65b-efa5-4abb-88f6-a6f4b3eaf205', NULL, NULL, '2026-04-28 19:01:20.66094+00', '2026-04-28 19:01:20.66094+00', '2026-04-28 19:01:20.66094+00');
INSERT INTO public.questions_answered (id, session_id, question_id, option_chosen_id, numeric_answer, selected_option_ids, answered_at, created_at, updated_at) VALUES ('8a8e3ab6-cd49-4a18-84ea-f96a1eb1605c', '2b5d7d92-0550-47dd-a575-3b440e13b6af', '7b5b05f2-0bb0-42ab-b77b-d2237d21e542', 'bb24eb22-0377-4f1e-92e4-84512be5e25e', NULL, NULL, '2026-04-28 19:01:20.66094+00', '2026-04-28 19:01:20.66094+00', '2026-04-28 19:01:20.66094+00');
INSERT INTO public.questions_answered (id, session_id, question_id, option_chosen_id, numeric_answer, selected_option_ids, answered_at, created_at, updated_at) VALUES ('865a35b6-d823-40ef-9c72-a50338e5b82c', '6475adda-0085-4d09-8f85-dd55c6f42366', '60599e3f-bbfc-4cef-8f2d-342dffa5b789', NULL, NULL, '{e9327074-c617-4268-a5ff-caa26093b983,db5e405a-9e88-4e8e-b779-6dc5f8ab2e87,92ac7dec-49ef-4a6b-a0cc-48b3eb6975e4}', '2026-04-28 19:01:20.66094+00', '2026-04-28 19:01:20.66094+00', '2026-04-28 19:01:20.66094+00');
INSERT INTO public.questions_answered (id, session_id, question_id, option_chosen_id, numeric_answer, selected_option_ids, answered_at, created_at, updated_at) VALUES ('44ed9453-d650-4517-8e30-0f290c94bf03', '6475adda-0085-4d09-8f85-dd55c6f42366', 'bb41be0f-7117-4877-81a5-05c11cf491a5', NULL, NULL, '{0f42439c-b371-4901-b44e-02905f8ef670,3ea67fe7-24af-4567-8a86-00c860c8166f,5ac417ec-3c2f-410e-81b2-345907010602}', '2026-04-28 19:01:20.66094+00', '2026-04-28 19:01:20.66094+00', '2026-04-28 19:01:20.66094+00');
INSERT INTO public.questions_answered (id, session_id, question_id, option_chosen_id, numeric_answer, selected_option_ids, answered_at, created_at, updated_at) VALUES ('dd32da05-03d1-4f2a-bd59-89ecb8d68abe', '6475adda-0085-4d09-8f85-dd55c6f42366', 'd1937ee0-ae7b-4620-92be-f074af455d3f', 'd5e8ffc0-58ef-4b0c-95c3-49c9c0011529', NULL, NULL, '2026-04-28 19:01:20.66094+00', '2026-04-28 19:01:20.66094+00', '2026-04-28 19:01:20.66094+00');
INSERT INTO public.questions_answered (id, session_id, question_id, option_chosen_id, numeric_answer, selected_option_ids, answered_at, created_at, updated_at) VALUES ('f36e69eb-6227-49fc-918e-a0af454a81d5', '6475adda-0085-4d09-8f85-dd55c6f42366', '0f37a032-60fb-4c4c-9b8b-efa8e693dd9e', NULL, NULL, '{3067137c-d7ee-4dfe-a4fa-fc9c3ce7c710,48515ea4-9de0-4df8-bbed-42a6765f7149,5503bae9-0896-423d-b057-ba4e20377980}', '2026-04-28 19:01:20.66094+00', '2026-04-28 19:01:20.66094+00', '2026-04-28 19:01:20.66094+00');
INSERT INTO public.questions_answered (id, session_id, question_id, option_chosen_id, numeric_answer, selected_option_ids, answered_at, created_at, updated_at) VALUES ('2d04a716-7d75-4da4-b6ba-9cbf601de50a', '6475adda-0085-4d09-8f85-dd55c6f42366', '49687aac-eb23-4193-bac4-46aa6cdc6d77', '5d6ac65b-efa5-4abb-88f6-a6f4b3eaf205', NULL, NULL, '2026-04-28 19:01:20.66094+00', '2026-04-28 19:01:20.66094+00', '2026-04-28 19:01:20.66094+00');
INSERT INTO public.questions_answered (id, session_id, question_id, option_chosen_id, numeric_answer, selected_option_ids, answered_at, created_at, updated_at) VALUES ('c597271b-926b-4e57-ae73-970da97b7b5a', '6475adda-0085-4d09-8f85-dd55c6f42366', '7b5b05f2-0bb0-42ab-b77b-d2237d21e542', 'bb24eb22-0377-4f1e-92e4-84512be5e25e', NULL, NULL, '2026-04-28 19:01:20.66094+00', '2026-04-28 19:01:20.66094+00', '2026-04-28 19:01:20.66094+00');
INSERT INTO public.questions_answered (id, session_id, question_id, option_chosen_id, numeric_answer, selected_option_ids, answered_at, created_at, updated_at) VALUES ('a7cad0de-9bb1-42a1-8858-91f9cd087ae3', 'ffce859e-8909-4d31-aeb9-eaf65a870a5f', '60599e3f-bbfc-4cef-8f2d-342dffa5b789', NULL, NULL, '{e9327074-c617-4268-a5ff-caa26093b983}', '2026-04-28 19:01:20.66094+00', '2026-04-28 19:01:20.66094+00', '2026-04-28 19:01:20.66094+00');
INSERT INTO public.questions_answered (id, session_id, question_id, option_chosen_id, numeric_answer, selected_option_ids, answered_at, created_at, updated_at) VALUES ('bf0f3aed-e328-45b3-be01-53af781f9e45', 'fd138df0-706b-42fb-a808-178a5426b026', '60599e3f-bbfc-4cef-8f2d-342dffa5b789', NULL, NULL, '{e9327074-c617-4268-a5ff-caa26093b983}', '2026-04-28 19:01:20.66094+00', '2026-04-28 19:01:20.66094+00', '2026-04-28 19:01:20.66094+00');
INSERT INTO public.result (id, quiz_id, title_text, description, cta_text, cta_url, range_lo, range_hi, created_at, updated_at) VALUES ('6639ca26-6539-4a8b-8ab8-16975bec5744', 'e6796901-6aca-4291-bcab-efcc188bc584', 'The Blissfully Unaware', 'Food is fuel and vibes, and honestly? You''re thriving. You eat with joy, zero spreadsheets, and a breezy confidence that the sniff test never lies. Life''s too short to read the back of a chip bag.', 'See how Olive can help (gently)', 'https://oliveapp.com/', 0, 10, '2026-04-28 18:59:28.451725+00', '2026-04-28 18:59:28.451725+00');
INSERT INTO public.result (id, quiz_id, title_text, description, cta_text, cta_url, range_lo, range_hi, created_at, updated_at) VALUES ('d6e307c0-2fe5-4351-beee-2e54226ccbee', 'e6796901-6aca-4291-bcab-efcc188bc584', 'The Casual Grazer', 'You''re not totally in the dark — you''ve heard of fiber — but you''re not losing sleep over ingredient lists either. You eat what works, trust your gut (literally), and Google things occasionally when the mood strikes.', 'Level up your food game', 'https://oliveapp.com/#features', 11, 18, '2026-04-28 18:59:28.451725+00', '2026-04-28 18:59:28.451725+00');
INSERT INTO public.result (id, quiz_id, title_text, description, cta_text, cta_url, range_lo, range_hi, created_at, updated_at) VALUES ('a669f353-891e-4bf9-adf8-8534c8a14653', 'e6796901-6aca-4291-bcab-efcc188bc584', 'The Mindful Muncher', 'You read labels. Sometimes. You''re the person who orders something healthy and then steals fries off someone else''s plate — balance! You care about what goes in, but you''re not about to ruin a good meal over it.', 'Meet your perfect food tool', 'https://oliveapp.com/#features', 19, 25, '2026-04-28 18:59:28.451725+00', '2026-04-28 18:59:28.451725+00');
INSERT INTO public.result (id, quiz_id, title_text, description, cta_text, cta_url, range_lo, range_hi, created_at, updated_at) VALUES ('cc62f909-3688-4124-80b8-d559b465c1d2', 'e6796901-6aca-4291-bcab-efcc188bc584', 'The Label Detective', 'Congratulations — you have read more nutrition panels than most people have read books. You know what maltodextrin is, you''ve side-eyed a ''natural flavors'' disclosure, and you take the long route through the grocery store on principle. We respect it deeply.', 'You''ll love Olive. Seriously.', 'https://oliveapp.com/', 26, 33, '2026-04-28 18:59:28.451725+00', '2026-04-28 18:59:28.451725+00');
INSERT INTO public.result (id, quiz_id, title_text, description, cta_text, cta_url, range_lo, range_hi, created_at, updated_at) VALUES ('c4659ac4-7787-4f81-996b-903528165da1', '3a3322db-1dcd-4ce7-bfff-f9f126727be2', 'You''re Living on Ultra-Processed Everything 🚨', 'Your diet is heavily reliant on packaged, processed, and fast food. The good news? Small swaps can make a huge difference — and Olive is built to help you find them fast.', 'Try Olive Free', 'https://oliveapp.com/', 0, 10, '2026-04-28 19:00:13.106533+00', '2026-04-28 19:00:13.106533+00');
INSERT INTO public.result (id, quiz_id, title_text, description, cta_text, cta_url, range_lo, range_hi, created_at, updated_at) VALUES ('b6b2b9a9-8595-4a2c-ad85-4288a027f6b7', '3a3322db-1dcd-4ce7-bfff-f9f126727be2', 'Ultra-Processed Food Is Definitely Creeping In 🤔', 'You''re not in the deep end, but processed food is a regular part of your routine. Olive can help you spot the sneaky ingredients and find better alternatives without overhauling your whole life.', 'See How Olive Can Help', 'https://oliveapp.com/#features', 11, 18, '2026-04-28 19:00:13.106533+00', '2026-04-28 19:00:13.106533+00');
INSERT INTO public.result (id, quiz_id, title_text, description, cta_text, cta_url, range_lo, range_hi, created_at, updated_at) VALUES ('9bd7cea4-0404-4b0a-b9f1-bd7599860600', '3a3322db-1dcd-4ce7-bfff-f9f126727be2', 'You''re Doing Pretty Well — With Room to Grow 🌱', 'You make decent choices most of the time, but there''s still some processed food in the mix. Olive can sharpen your label-reading skills and help you level up the last few habits.', 'Check Out Olive', 'https://oliveapp.com/#features', 19, 26, '2026-04-28 19:00:13.106533+00', '2026-04-28 19:00:13.106533+00');
INSERT INTO public.result (id, quiz_id, title_text, description, cta_text, cta_url, range_lo, range_hi, created_at, updated_at) VALUES ('a332e8ac-bd42-4eaf-8737-a0d92c394d13', '3a3322db-1dcd-4ce7-bfff-f9f126727be2', 'You''re a Whole-Food Hero 🥦', 'Your diet is impressively low in ultra-processed food — you cook, you read labels, and you snack smart. Olive is here whenever you want to go even deeper on ingredient transparency.', 'Explore Olive', 'https://oliveapp.com/', 27, 30, '2026-04-28 19:00:13.106533+00', '2026-04-28 19:00:13.106533+00');
INSERT INTO public.result_screen_clicked (id, session_id, result_id, created_at) VALUES ('ec236089-92f8-47fe-b395-51c47852baa2', '7bf6a384-4228-4232-bc7d-1f9e6cf0f07a', 'c4659ac4-7787-4f81-996b-903528165da1', '2026-04-28 19:00:53.815377+00');
INSERT INTO public.result_screen_clicked (id, session_id, result_id, created_at) VALUES ('08c5fab1-ff2f-4514-880d-1393667e80db', '85896ecf-0e7c-4bc1-9b35-c00296c803a5', 'c4659ac4-7787-4f81-996b-903528165da1', '2026-04-28 19:00:53.815377+00');
INSERT INTO public.result_screen_clicked (id, session_id, result_id, created_at) VALUES ('4012c7a3-99b2-4e81-9d72-4208a0e06656', '54814fd5-a4a7-4fa0-b519-ffe814f655a8', 'c4659ac4-7787-4f81-996b-903528165da1', '2026-04-28 19:00:53.815377+00');
INSERT INTO public.result_screen_clicked (id, session_id, result_id, created_at) VALUES ('3a0d22bd-3cae-45a2-a434-d563b37c89be', '4d446d10-794a-4826-b2da-890d0a399bd0', '6639ca26-6539-4a8b-8ab8-16975bec5744', '2026-04-28 19:00:57.372532+00');
INSERT INTO public.result_screen_clicked (id, session_id, result_id, created_at) VALUES ('f2f50643-9315-4b7e-8747-d7e9c5159bbb', '675731b8-673f-4009-b0f8-bb5800a52aa7', '6639ca26-6539-4a8b-8ab8-16975bec5744', '2026-04-28 19:00:57.372532+00');
INSERT INTO public.result_screen_clicked (id, session_id, result_id, created_at) VALUES ('b6535e35-90b8-4eb4-8d0f-912e331efa28', '8c021546-3584-4410-b5d2-31c703ec6e37', '6639ca26-6539-4a8b-8ab8-16975bec5744', '2026-04-28 19:00:57.372532+00');

set session_replication_role = 'origin';
