-- Demo seed: 3 example quizzes (one per type) + simulated takes
-- Every option carries BOTH a score and tags (dual-dimension model)
-- Re-create with: pnpm supabase db reset

set session_replication_role = 'replica';

INSERT INTO public.quiz (id, type, title, description, created_at, updated_at) VALUES ('60a4bd8f-9581-427d-a114-c8b716aa51e7', 'score', 'Are You Eating Too Much Ultra-Processed Food?', 'Answer a few quick questions about your daily eating habits and we''ll tell you how much ultra-processed food is sneaking into your diet — and what you can do about it.', '2026-04-27 20:56:10.288666+00', '2026-04-27 20:56:10.288666+00');
INSERT INTO public.quiz (id, type, title, description, created_at, updated_at) VALUES ('34f9641e-b84b-4c68-88ba-42fb619fec9c', 'tag', 'Let''s personalize your Olive experience 🫒', 'A few quick questions so we can set up Olive around your life — your goals, your kitchen, your grocery run.', '2026-04-27 20:56:41.490604+00', '2026-04-27 20:56:41.490604+00');
INSERT INTO public.quiz (id, type, title, description, created_at, updated_at) VALUES ('0fba976c-dfa8-4dfd-9eb4-fe3e0d619d0e', 'card', 'What Kind of Eater Are You?', 'Five quick questions stand between you and your true food identity. No judgment — just snacks, vibes, and maybe a little self-awareness.', '2026-04-27 20:57:18.553816+00', '2026-04-27 20:57:18.553816+00');
INSERT INTO public.question (id, quiz_id, text, type, "position", created_at, updated_at) VALUES ('ebf233a7-dfc9-4991-91f8-c9adcdcf778d', '60a4bd8f-9581-427d-a114-c8b716aa51e7', 'What does your typical breakfast look like?', 'multiple_choice', 0, '2026-04-27 20:56:10.288666+00', '2026-04-27 20:56:10.288666+00');
INSERT INTO public.question (id, quiz_id, text, type, "position", created_at, updated_at) VALUES ('2e7ad8fc-1ec5-4772-869e-14a4fb460d1f', '60a4bd8f-9581-427d-a114-c8b716aa51e7', 'How often do you read the ingredient list on packaged foods?', 'multiple_choice', 1, '2026-04-27 20:56:10.288666+00', '2026-04-27 20:56:10.288666+00');
INSERT INTO public.question (id, quiz_id, text, type, "position", created_at, updated_at) VALUES ('c86d5571-16ed-461d-bfd9-5acf53e2196f', '60a4bd8f-9581-427d-a114-c8b716aa51e7', 'How often do you cook meals at home from whole ingredients?', 'multiple_choice', 2, '2026-04-27 20:56:10.288666+00', '2026-04-27 20:56:10.288666+00');
INSERT INTO public.question (id, quiz_id, text, type, "position", created_at, updated_at) VALUES ('52135b2c-01f1-4a86-a331-9af1f92ca9f3', '60a4bd8f-9581-427d-a114-c8b716aa51e7', 'How many times a week do you eat fast food or grab something from a drive-through?', 'multiple_choice', 3, '2026-04-27 20:56:10.288666+00', '2026-04-27 20:56:10.288666+00');
INSERT INTO public.question (id, quiz_id, text, type, "position", created_at, updated_at) VALUES ('c293fa39-43aa-42de-a776-f550c048f684', '60a4bd8f-9581-427d-a114-c8b716aa51e7', 'What do your snacks usually look like throughout the day?', 'multiple_choice', 4, '2026-04-27 20:56:10.288666+00', '2026-04-27 20:56:10.288666+00');
INSERT INTO public.question (id, quiz_id, text, type, "position", created_at, updated_at) VALUES ('1dd26044-e35e-4879-8c9e-4f68b5efdff0', '60a4bd8f-9581-427d-a114-c8b716aa51e7', 'When you''re in a rush, what''s your go-to meal solution?', 'multiple_choice', 5, '2026-04-27 20:56:10.288666+00', '2026-04-27 20:56:10.288666+00');
INSERT INTO public.question (id, quiz_id, text, type, "position", created_at, updated_at) VALUES ('47c77808-98b8-4470-9dd9-39269f7ae2e5', '60a4bd8f-9581-427d-a114-c8b716aa51e7', 'How much of your diet would you say comes from packaged or pre-made products?', 'slider', 6, '2026-04-27 20:56:10.288666+00', '2026-04-27 20:56:10.288666+00');
INSERT INTO public.question (id, quiz_id, text, type, "position", created_at, updated_at) VALUES ('c61a3231-f8be-401d-a56b-98a32bb9872a', '34f9641e-b84b-4c68-88ba-42fb619fec9c', 'What are you most hoping Olive will help you with?', 'select_multiple', 0, '2026-04-27 20:56:41.490604+00', '2026-04-27 20:56:41.490604+00');
INSERT INTO public.question (id, quiz_id, text, type, "position", created_at, updated_at) VALUES ('ce0099da-72de-430a-8f4c-5f74ec35ccae', '34f9641e-b84b-4c68-88ba-42fb619fec9c', 'Which grocery stores do you usually shop at?', 'select_multiple', 1, '2026-04-27 20:56:41.490604+00', '2026-04-27 20:56:41.490604+00');
INSERT INTO public.question (id, quiz_id, text, type, "position", created_at, updated_at) VALUES ('4185caac-f3a8-451c-bf3b-682be4dbd0ac', '34f9641e-b84b-4c68-88ba-42fb619fec9c', 'How often do you cook at home in a typical week?', 'slider', 2, '2026-04-27 20:56:41.490604+00', '2026-04-27 20:56:41.490604+00');
INSERT INTO public.question (id, quiz_id, text, type, "position", created_at, updated_at) VALUES ('36f4ebd9-86cf-40c2-8ac3-34395b19ed8d', '34f9641e-b84b-4c68-88ba-42fb619fec9c', 'When you do cook, what best describes your style?', 'multiple_choice', 3, '2026-04-27 20:56:41.490604+00', '2026-04-27 20:56:41.490604+00');
INSERT INTO public.question (id, quiz_id, text, type, "position", created_at, updated_at) VALUES ('691083bc-cf0d-4110-99b1-4b941ba21433', '34f9641e-b84b-4c68-88ba-42fb619fec9c', 'Does anyone in your household have food allergies or dietary restrictions?', 'multiple_choice', 4, '2026-04-27 20:56:41.490604+00', '2026-04-27 20:56:41.490604+00');
INSERT INTO public.question (id, quiz_id, text, type, "position", created_at, updated_at) VALUES ('71c01e18-07a0-4ef2-b1eb-c77c22b7a150', '34f9641e-b84b-4c68-88ba-42fb619fec9c', 'How important is it to you to understand what''s actually in your food?', 'multiple_choice', 5, '2026-04-27 20:56:41.490604+00', '2026-04-27 20:56:41.490604+00');
INSERT INTO public.question (id, quiz_id, text, type, "position", created_at, updated_at) VALUES ('13eacc8b-cfad-4f28-b10d-ed0e7526af5c', '0fba976c-dfa8-4dfd-9eb4-fe3e0d619d0e', 'You''re at a restaurant and the menu has zero photos. What''s your move?', 'multiple_choice', 0, '2026-04-27 20:57:18.553816+00', '2026-04-27 20:57:18.553816+00');
INSERT INTO public.question (id, quiz_id, text, type, "position", created_at, updated_at) VALUES ('3c57f847-f75a-42ba-99f3-e8433288c427', '0fba976c-dfa8-4dfd-9eb4-fe3e0d619d0e', 'A friend tells you a food you love is ''actually really bad for you.'' You:', 'multiple_choice', 1, '2026-04-27 20:57:18.553816+00', '2026-04-27 20:57:18.553816+00');
INSERT INTO public.question (id, quiz_id, text, type, "position", created_at, updated_at) VALUES ('56f93a6e-984c-4152-acdf-f8741918edb7', '0fba976c-dfa8-4dfd-9eb4-fe3e0d619d0e', 'How often do you check the nutrition label before buying something?', 'slider', 2, '2026-04-27 20:57:18.553816+00', '2026-04-27 20:57:18.553816+00');
INSERT INTO public.question (id, quiz_id, text, type, "position", created_at, updated_at) VALUES ('dfd48232-ca02-487a-9cde-8eceea5c320f', '0fba976c-dfa8-4dfd-9eb4-fe3e0d619d0e', 'Pick the meal that best describes your average Tuesday dinner:', 'multiple_choice', 3, '2026-04-27 20:57:18.553816+00', '2026-04-27 20:57:18.553816+00');
INSERT INTO public.question (id, quiz_id, text, type, "position", created_at, updated_at) VALUES ('a8c171cc-5584-4cc9-8124-2a3d4f5be62c', '0fba976c-dfa8-4dfd-9eb4-fe3e0d619d0e', 'Which of these best describes your relationship with ''eating healthy''?', 'select_multiple', 4, '2026-04-27 20:57:18.553816+00', '2026-04-27 20:57:18.553816+00');
INSERT INTO public.option (id, question_id, text, score, tags, "position", created_at, updated_at) VALUES ('51fcc9f7-da7b-4f7f-838a-014ac7f55d66', 'ebf233a7-dfc9-4991-91f8-c9adcdcf778d', 'A bowl of sugary cereal or a packaged pastry', 10, '{ultra-processed,convenience-first}', 0, '2026-04-27 20:56:10.288666+00', '2026-04-27 20:56:10.288666+00');
INSERT INTO public.option (id, question_id, text, score, tags, "position", created_at, updated_at) VALUES ('71fbded7-a8db-42f9-8364-e604e6ef85ed', 'ebf233a7-dfc9-4991-91f8-c9adcdcf778d', 'Instant oatmeal packets or a granola bar', 7, '{semi-processed,convenience-first}', 1, '2026-04-27 20:56:10.288666+00', '2026-04-27 20:56:10.288666+00');
INSERT INTO public.option (id, question_id, text, score, tags, "position", created_at, updated_at) VALUES ('eb251e33-799b-4f62-a3ae-a60e482eab7c', 'ebf233a7-dfc9-4991-91f8-c9adcdcf778d', 'Eggs, toast, or yogurt with fruit', 3, '{whole-foods,label-reader}', 2, '2026-04-27 20:56:10.288666+00', '2026-04-27 20:56:10.288666+00');
INSERT INTO public.option (id, question_id, text, score, tags, "position", created_at, updated_at) VALUES ('03505bde-b991-4f94-bfa4-a393674df1b0', 'ebf233a7-dfc9-4991-91f8-c9adcdcf778d', 'A home-cooked meal like oatmeal from scratch or a veggie omelette', 0, '{whole-foods,home-cook}', 3, '2026-04-27 20:56:10.288666+00', '2026-04-27 20:56:10.288666+00');
INSERT INTO public.option (id, question_id, text, score, tags, "position", created_at, updated_at) VALUES ('5c5ec74d-e914-41e3-adff-eb72a106a528', '2e7ad8fc-1ec5-4772-869e-14a4fb460d1f', 'Never — I don''t really think about it', 10, '{ultra-processed,convenience-first}', 0, '2026-04-27 20:56:10.288666+00', '2026-04-27 20:56:10.288666+00');
INSERT INTO public.option (id, question_id, text, score, tags, "position", created_at, updated_at) VALUES ('8bbfecf4-f8a6-4317-ab0d-d6a2d9de5816', '2e7ad8fc-1ec5-4772-869e-14a4fb460d1f', 'Occasionally, if something catches my eye', 6, '{semi-processed,convenience-first}', 1, '2026-04-27 20:56:10.288666+00', '2026-04-27 20:56:10.288666+00');
INSERT INTO public.option (id, question_id, text, score, tags, "position", created_at, updated_at) VALUES ('5d97c402-e8f5-4315-be44-7e86b915af2d', '2e7ad8fc-1ec5-4772-869e-14a4fb460d1f', 'Often — I like to know what''s in my food', 3, '{label-reader,wellness}', 2, '2026-04-27 20:56:10.288666+00', '2026-04-27 20:56:10.288666+00');
INSERT INTO public.option (id, question_id, text, score, tags, "position", created_at, updated_at) VALUES ('5acbdcc4-f191-484b-9758-aa7b8b8b6e35', '2e7ad8fc-1ec5-4772-869e-14a4fb460d1f', 'Always — I won''t buy something if I can''t pronounce the ingredients', 0, '{label-reader,wellness}', 3, '2026-04-27 20:56:10.288666+00', '2026-04-27 20:56:10.288666+00');
INSERT INTO public.option (id, question_id, text, score, tags, "position", created_at, updated_at) VALUES ('25265608-574b-4139-83b8-f8da43c3300d', 'c86d5571-16ed-461d-bfd9-5acf53e2196f', 'Rarely or never — cooking feels like too much effort', 10, '{convenience-first,ultra-processed}', 0, '2026-04-27 20:56:10.288666+00', '2026-04-27 20:56:10.288666+00');
INSERT INTO public.option (id, question_id, text, score, tags, "position", created_at, updated_at) VALUES ('6ab56849-b3ac-4ff8-83e6-723dfb1b04f6', 'c86d5571-16ed-461d-bfd9-5acf53e2196f', 'Once or twice a week at most', 7, '{convenience-first,semi-processed}', 1, '2026-04-27 20:56:10.288666+00', '2026-04-27 20:56:10.288666+00');
INSERT INTO public.option (id, question_id, text, score, tags, "position", created_at, updated_at) VALUES ('5e976583-96f6-4393-ad16-ea699b2f2693', 'c86d5571-16ed-461d-bfd9-5acf53e2196f', 'A few times a week, but I rely on packaged shortcuts too', 4, '{home-cook,semi-processed}', 2, '2026-04-27 20:56:10.288666+00', '2026-04-27 20:56:10.288666+00');
INSERT INTO public.option (id, question_id, text, score, tags, "position", created_at, updated_at) VALUES ('52e71bcd-adb9-447b-9a79-304e56140bcf', 'c86d5571-16ed-461d-bfd9-5acf53e2196f', 'Most nights — I genuinely enjoy cooking from scratch', 0, '{home-cook,whole-foods}', 3, '2026-04-27 20:56:10.288666+00', '2026-04-27 20:56:10.288666+00');
INSERT INTO public.option (id, question_id, text, score, tags, "position", created_at, updated_at) VALUES ('36893b41-146c-40c8-81d5-64604bb7dc77', '52135b2c-01f1-4a86-a331-9af1f92ca9f3', '5 or more times — it''s basically a food group for me', 10, '{ultra-processed,convenience-first}', 0, '2026-04-27 20:56:10.288666+00', '2026-04-27 20:56:10.288666+00');
INSERT INTO public.option (id, question_id, text, score, tags, "position", created_at, updated_at) VALUES ('2510e814-b194-48f7-a507-5515f120b635', '52135b2c-01f1-4a86-a331-9af1f92ca9f3', '3–4 times a week', 7, '{ultra-processed,convenience-first}', 1, '2026-04-27 20:56:10.288666+00', '2026-04-27 20:56:10.288666+00');
INSERT INTO public.option (id, question_id, text, score, tags, "position", created_at, updated_at) VALUES ('959d2f0d-21bd-4233-8167-7f86376ec682', '52135b2c-01f1-4a86-a331-9af1f92ca9f3', 'Once or twice a week', 4, '{semi-processed,convenience-first}', 2, '2026-04-27 20:56:10.288666+00', '2026-04-27 20:56:10.288666+00');
INSERT INTO public.option (id, question_id, text, score, tags, "position", created_at, updated_at) VALUES ('d542c64b-2e0b-44b1-a6de-d9d6b8384995', '52135b2c-01f1-4a86-a331-9af1f92ca9f3', 'Rarely or only in a pinch', 0, '{whole-foods,wellness}', 3, '2026-04-27 20:56:10.288666+00', '2026-04-27 20:56:10.288666+00');
INSERT INTO public.option (id, question_id, text, score, tags, "position", created_at, updated_at) VALUES ('eb7b1923-7881-4cc5-85d2-60cfc4d5045d', 'c293fa39-43aa-42de-a776-f550c048f684', 'Chips, candy, or packaged cookies', 10, '{ultra-processed,convenience-first}', 0, '2026-04-27 20:56:10.288666+00', '2026-04-27 20:56:10.288666+00');
INSERT INTO public.option (id, question_id, text, score, tags, "position", created_at, updated_at) VALUES ('620dd8ab-75a3-40ea-84db-219d0b1fc56c', 'c293fa39-43aa-42de-a776-f550c048f684', 'Protein bars, flavored rice cakes, or diet snack packs', 6, '{semi-processed,convenience-first}', 1, '2026-04-27 20:56:10.288666+00', '2026-04-27 20:56:10.288666+00');
INSERT INTO public.option (id, question_id, text, score, tags, "position", created_at, updated_at) VALUES ('b34923f5-a85c-423e-8946-dde2527e0852', 'c293fa39-43aa-42de-a776-f550c048f684', 'A mix — sometimes fruit, sometimes something packaged', 3, '{semi-processed,wellness}', 2, '2026-04-27 20:56:10.288666+00', '2026-04-27 20:56:10.288666+00');
INSERT INTO public.option (id, question_id, text, score, tags, "position", created_at, updated_at) VALUES ('a9e063a2-40da-40c3-8e15-fd7b39b60d61', 'c293fa39-43aa-42de-a776-f550c048f684', 'Fruit, nuts, veggies, or other whole foods', 0, '{whole-foods,wellness}', 3, '2026-04-27 20:56:10.288666+00', '2026-04-27 20:56:10.288666+00');
INSERT INTO public.option (id, question_id, text, score, tags, "position", created_at, updated_at) VALUES ('4011c595-178d-4b00-a8e1-a42a69b449a9', '1dd26044-e35e-4879-8c9e-4f68b5efdff0', 'Frozen ready meals or instant noodles', 10, '{ultra-processed,convenience-first}', 0, '2026-04-27 20:56:10.288666+00', '2026-04-27 20:56:10.288666+00');
INSERT INTO public.option (id, question_id, text, score, tags, "position", created_at, updated_at) VALUES ('97465a4d-9540-4a0e-939c-226179215b1c', '1dd26044-e35e-4879-8c9e-4f68b5efdff0', 'Fast food or a convenience store grab', 8, '{ultra-processed,convenience-first}', 1, '2026-04-27 20:56:10.288666+00', '2026-04-27 20:56:10.288666+00');
INSERT INTO public.option (id, question_id, text, score, tags, "position", created_at, updated_at) VALUES ('dc31563c-b41d-4517-9481-374089b93906', '1dd26044-e35e-4879-8c9e-4f68b5efdff0', 'A store-bought sandwich or pre-made salad', 4, '{semi-processed,convenience-first}', 2, '2026-04-27 20:56:10.288666+00', '2026-04-27 20:56:10.288666+00');
INSERT INTO public.option (id, question_id, text, score, tags, "position", created_at, updated_at) VALUES ('59cda7b5-db27-470e-8688-bec183b48948', '1dd26044-e35e-4879-8c9e-4f68b5efdff0', 'Leftovers from a home-cooked meal I prepped ahead', 0, '{home-cook,whole-foods}', 3, '2026-04-27 20:56:10.288666+00', '2026-04-27 20:56:10.288666+00');
INSERT INTO public.option (id, question_id, text, score, tags, "position", created_at, updated_at) VALUES ('bc195531-1b6c-4b6c-8b46-a9a1f7bfd3b1', '47c77808-98b8-4470-9dd9-39269f7ae2e5', 'Roughly what % of your meals involve packaged or pre-made products?', 10, '{ultra-processed,convenience-first}', 0, '2026-04-27 20:56:10.288666+00', '2026-04-27 20:56:10.288666+00');
INSERT INTO public.option (id, question_id, text, score, tags, "position", created_at, updated_at) VALUES ('19dd0ef6-66e1-420a-8b83-c6197c69b4ce', 'c61a3231-f8be-401d-a56b-98a32bb9872a', 'Losing weight and eating lighter', 3, '{weight-loss,health-conscious}', 0, '2026-04-27 20:56:41.490604+00', '2026-04-27 20:56:41.490604+00');
INSERT INTO public.option (id, question_id, text, score, tags, "position", created_at, updated_at) VALUES ('55f29ffc-bd7c-43e5-99da-94df7d3c4463', 'c61a3231-f8be-401d-a56b-98a32bb9872a', 'Cleaning up my diet — fewer processed foods, more real ingredients', 3, '{clean-eating,label-reader}', 1, '2026-04-27 20:56:41.490604+00', '2026-04-27 20:56:41.490604+00');
INSERT INTO public.option (id, question_id, text, score, tags, "position", created_at, updated_at) VALUES ('bd56869e-fd5e-402a-9e46-beb874c064f7', 'c61a3231-f8be-401d-a56b-98a32bb9872a', 'Tracking allergens and avoiding ingredients that don''t work for me', 3, '{allergy-tracking,label-reader}', 2, '2026-04-27 20:56:41.490604+00', '2026-04-27 20:56:41.490604+00');
INSERT INTO public.option (id, question_id, text, score, tags, "position", created_at, updated_at) VALUES ('66293fc0-da67-4ebf-ae06-b0f92d2eb410', 'c61a3231-f8be-401d-a56b-98a32bb9872a', 'Getting my kids to eat better (without a meltdown)', 3, '{family-feeding,kid-friendly}', 3, '2026-04-27 20:56:41.490604+00', '2026-04-27 20:56:41.490604+00');
INSERT INTO public.option (id, question_id, text, score, tags, "position", created_at, updated_at) VALUES ('788f446d-8708-46c3-a8a4-db7a1e821b6c', 'ce0099da-72de-430a-8f4c-5f74ec35ccae', 'Whole Foods or another natural/organic market', 2, '{clean-eating,label-reader}', 0, '2026-04-27 20:56:41.490604+00', '2026-04-27 20:56:41.490604+00');
INSERT INTO public.option (id, question_id, text, score, tags, "position", created_at, updated_at) VALUES ('1826cc04-842e-4100-8a0b-1d587597230c', 'ce0099da-72de-430a-8f4c-5f74ec35ccae', 'Trader Joe''s', 2, '{clean-eating,budget-savvy}', 1, '2026-04-27 20:56:41.490604+00', '2026-04-27 20:56:41.490604+00');
INSERT INTO public.option (id, question_id, text, score, tags, "position", created_at, updated_at) VALUES ('994bbc64-0de0-4224-aaea-91df9840fdc5', 'ce0099da-72de-430a-8f4c-5f74ec35ccae', 'Target or Walmart', 1, '{convenience-first,budget-savvy}', 2, '2026-04-27 20:56:41.490604+00', '2026-04-27 20:56:41.490604+00');
INSERT INTO public.option (id, question_id, text, score, tags, "position", created_at, updated_at) VALUES ('10a68db9-aa3e-4f77-af4d-96076e16c6eb', 'ce0099da-72de-430a-8f4c-5f74ec35ccae', 'A local or regional grocery chain (Kroger, Publix, HEB, etc.)', 1, '{convenience-first,family-feeding}', 3, '2026-04-27 20:56:41.490604+00', '2026-04-27 20:56:41.490604+00');
INSERT INTO public.option (id, question_id, text, score, tags, "position", created_at, updated_at) VALUES ('5baad744-326f-4c31-946b-b47aa7a5b19d', 'ce0099da-72de-430a-8f4c-5f74ec35ccae', 'Amazon Fresh or online delivery', 2, '{convenience-first,label-reader}', 4, '2026-04-27 20:56:41.490604+00', '2026-04-27 20:56:41.490604+00');
INSERT INTO public.option (id, question_id, text, score, tags, "position", created_at, updated_at) VALUES ('76a2d2e3-f88a-4b88-8b6b-da650ae4a116', 'ce0099da-72de-430a-8f4c-5f74ec35ccae', 'I mix it up — a little of everything', 1, '{convenience-first,budget-savvy}', 5, '2026-04-27 20:56:41.490604+00', '2026-04-27 20:56:41.490604+00');
INSERT INTO public.option (id, question_id, text, score, tags, "position", created_at, updated_at) VALUES ('802cde38-6f31-4abb-a767-757da9fb095d', '4185caac-f3a8-451c-bf3b-682be4dbd0ac', 'Nights I cook at home per week', 7, '{home-cooking}', 0, '2026-04-27 20:56:41.490604+00', '2026-04-27 20:56:41.490604+00');
INSERT INTO public.option (id, question_id, text, score, tags, "position", created_at, updated_at) VALUES ('481fbf5b-80b0-45eb-a443-29ebb8e77660', '36f4ebd9-86cf-40c2-8ac3-34395b19ed8d', 'Quick and simple — 30 minutes or less, please', 1, '{convenience-first,family-feeding}', 0, '2026-04-27 20:56:41.490604+00', '2026-04-27 20:56:41.490604+00');
INSERT INTO public.option (id, question_id, text, score, tags, "position", created_at, updated_at) VALUES ('ede5c303-b9f2-4b46-a0ff-960ff63bfc09', '36f4ebd9-86cf-40c2-8ac3-34395b19ed8d', 'I like following a recipe and making something real', 2, '{home-cooking,clean-eating}', 1, '2026-04-27 20:56:41.490604+00', '2026-04-27 20:56:41.490604+00');
INSERT INTO public.option (id, question_id, text, score, tags, "position", created_at, updated_at) VALUES ('3fa5a93a-9ae6-47f3-bda0-cf2edfe5dd71', '36f4ebd9-86cf-40c2-8ac3-34395b19ed8d', 'I get creative and improvise with what''s in the fridge', 3, '{home-cooking,health-conscious}', 2, '2026-04-27 20:56:41.490604+00', '2026-04-27 20:56:41.490604+00');
INSERT INTO public.option (id, question_id, text, score, tags, "position", created_at, updated_at) VALUES ('54638e70-8f91-49a0-850a-3b692cadb837', '36f4ebd9-86cf-40c2-8ac3-34395b19ed8d', 'Cooking isn''t really my thing — I''m here to shop smarter', 1, '{convenience-first,label-reader}', 3, '2026-04-27 20:56:41.490604+00', '2026-04-27 20:56:41.490604+00');
INSERT INTO public.option (id, question_id, text, score, tags, "position", created_at, updated_at) VALUES ('5eb45007-c3b7-4b0e-b9cb-8c6aef4dbf66', '691083bc-cf0d-4110-99b1-4b941ba21433', 'Yes — allergies (like nuts, dairy, gluten, shellfish)', 3, '{allergy-tracking,label-reader}', 0, '2026-04-27 20:56:41.490604+00', '2026-04-27 20:56:41.490604+00');
INSERT INTO public.option (id, question_id, text, score, tags, "position", created_at, updated_at) VALUES ('9a94789a-8ae7-4c88-a990-d2a4b05c20cb', '691083bc-cf0d-4110-99b1-4b941ba21433', 'Yes — dietary choices (vegan, vegetarian, halal, kosher, etc.)', 2, '{clean-eating,label-reader}', 1, '2026-04-27 20:56:41.490604+00', '2026-04-27 20:56:41.490604+00');
INSERT INTO public.option (id, question_id, text, score, tags, "position", created_at, updated_at) VALUES ('74a38d86-cb88-4c8b-a291-410080761c20', '691083bc-cf0d-4110-99b1-4b941ba21433', 'Not really, but I do avoid certain ingredients', 1, '{label-reader,health-conscious}', 2, '2026-04-27 20:56:41.490604+00', '2026-04-27 20:56:41.490604+00');
INSERT INTO public.option (id, question_id, text, score, tags, "position", created_at, updated_at) VALUES ('71294f95-159b-49ff-814f-a344bcc99224', '691083bc-cf0d-4110-99b1-4b941ba21433', 'Nope, we eat pretty much everything', 0, '{convenience-first}', 3, '2026-04-27 20:56:41.490604+00', '2026-04-27 20:56:41.490604+00');
INSERT INTO public.option (id, question_id, text, score, tags, "position", created_at, updated_at) VALUES ('8e24be8c-221a-47c3-b95a-07acd72a1387', '71c01e18-07a0-4ef2-b1eb-c77c22b7a150', 'Super important — I read every label', 3, '{label-reader,health-conscious}', 0, '2026-04-27 20:56:41.490604+00', '2026-04-27 20:56:41.490604+00');
INSERT INTO public.option (id, question_id, text, score, tags, "position", created_at, updated_at) VALUES ('d112a722-41d4-49cb-9666-41eedef948d8', '71c01e18-07a0-4ef2-b1eb-c77c22b7a150', 'Pretty important — I try to stay informed', 2, '{label-reader,clean-eating}', 1, '2026-04-27 20:56:41.490604+00', '2026-04-27 20:56:41.490604+00');
INSERT INTO public.option (id, question_id, text, score, tags, "position", created_at, updated_at) VALUES ('95a1ce01-95c3-4a49-bfc8-7544365faae6', '71c01e18-07a0-4ef2-b1eb-c77c22b7a150', 'Somewhat — I care but I don''t obsess over it', 1, '{health-conscious,convenience-first}', 2, '2026-04-27 20:56:41.490604+00', '2026-04-27 20:56:41.490604+00');
INSERT INTO public.option (id, question_id, text, score, tags, "position", created_at, updated_at) VALUES ('f5824aab-fd0a-439d-bf64-5039cab72b51', '71c01e18-07a0-4ef2-b1eb-c77c22b7a150', 'Not that much — I mostly shop by taste and price', 0, '{convenience-first,budget-savvy}', 3, '2026-04-27 20:56:41.490604+00', '2026-04-27 20:56:41.490604+00');
INSERT INTO public.option (id, question_id, text, score, tags, "position", created_at, updated_at) VALUES ('997c3cb6-8231-4851-90f6-9ca101700a27', '13eacc8b-cfad-4f28-b10d-ed0e7526af5c', 'Read every single ingredient listed and quietly Google two of them', 4, '{label-reader,research-mode}', 0, '2026-04-27 20:57:18.553816+00', '2026-04-27 20:57:18.553816+00');
INSERT INTO public.option (id, question_id, text, score, tags, "position", created_at, updated_at) VALUES ('8467671f-4cd5-4fcd-8ba8-5e30b574a362', '13eacc8b-cfad-4f28-b10d-ed0e7526af5c', 'Ask the server what''s good and go with whatever they say with full trust', 1, '{spontaneous,vibes-first}', 1, '2026-04-27 20:57:18.553816+00', '2026-04-27 20:57:18.553816+00');
INSERT INTO public.option (id, question_id, text, score, tags, "position", created_at, updated_at) VALUES ('963cc8f9-bfd9-4212-883e-18e226fc2043', '13eacc8b-cfad-4f28-b10d-ed0e7526af5c', 'Find the safest-sounding thing and order it immediately to avoid anxiety', 2, '{comfort-seeker,cautious}', 2, '2026-04-27 20:57:18.553816+00', '2026-04-27 20:57:18.553816+00');
INSERT INTO public.option (id, question_id, text, score, tags, "position", created_at, updated_at) VALUES ('242f8dcb-6a8d-48f3-aef7-47714a3ce227', '13eacc8b-cfad-4f28-b10d-ed0e7526af5c', 'Order three things ''to share'' and eat most of them yourself', 3, '{adventurous,abundance-mindset}', 3, '2026-04-27 20:57:18.553816+00', '2026-04-27 20:57:18.553816+00');
INSERT INTO public.option (id, question_id, text, score, tags, "position", created_at, updated_at) VALUES ('e3065efb-a8df-42f3-a785-64d6c504d26b', '3c57f847-f75a-42ba-99f3-e8433288c427', 'Already knew. You''ve done the research. You just choose joy anyway.', 3, '{label-reader,conscious-indulger}', 0, '2026-04-27 20:57:18.553816+00', '2026-04-27 20:57:18.553816+00');
INSERT INTO public.option (id, question_id, text, score, tags, "position", created_at, updated_at) VALUES ('f3b4504c-be90-4377-bf64-6da37722d292', '3c57f847-f75a-42ba-99f3-e8433288c427', 'Enter a mild spiral and quietly remove it from your life for two weeks', 4, '{label-reader,research-mode}', 1, '2026-04-27 20:57:18.553816+00', '2026-04-27 20:57:18.553816+00');
INSERT INTO public.option (id, question_id, text, score, tags, "position", created_at, updated_at) VALUES ('d3921c84-d78b-476c-84ba-558a3d75c0cb', '3c57f847-f75a-42ba-99f3-e8433288c427', 'Nod thoughtfully, then eat it again the next day', 2, '{spontaneous,comfort-seeker}', 2, '2026-04-27 20:57:18.553816+00', '2026-04-27 20:57:18.553816+00');
INSERT INTO public.option (id, question_id, text, score, tags, "position", created_at, updated_at) VALUES ('84463c52-0654-410a-80df-39e0aeafa46a', '3c57f847-f75a-42ba-99f3-e8433288c427', 'What? No. That can''t be right. Who told them that?', 1, '{blissfully-unaware,vibes-first}', 3, '2026-04-27 20:57:18.553816+00', '2026-04-27 20:57:18.553816+00');
INSERT INTO public.option (id, question_id, text, score, tags, "position", created_at, updated_at) VALUES ('6582b210-b228-45da-997b-b522360d4bd5', '56f93a6e-984c-4152-acdf-f8741918edb7', 'Label-checking frequency (0 = Never, 10 = Every. Single. Time.)', 10, '{label-reader}', 0, '2026-04-27 20:57:18.553816+00', '2026-04-27 20:57:18.553816+00');
INSERT INTO public.option (id, question_id, text, score, tags, "position", created_at, updated_at) VALUES ('b963d8c9-a44e-4ea0-a945-46b5940a39c7', 'dfd48232-ca02-487a-9cde-8eceea5c320f', 'Something I prepped Sunday with macros in mind', 5, '{label-reader,research-mode,wellness}', 0, '2026-04-27 20:57:18.553816+00', '2026-04-27 20:57:18.553816+00');
INSERT INTO public.option (id, question_id, text, score, tags, "position", created_at, updated_at) VALUES ('29a73816-21e4-4b80-8b0d-c5c93b72ccce', 'dfd48232-ca02-487a-9cde-8eceea5c320f', 'Takeout from my beloved rotation of three places', 2, '{comfort-seeker,spontaneous}', 1, '2026-04-27 20:57:18.553816+00', '2026-04-27 20:57:18.553816+00');
INSERT INTO public.option (id, question_id, text, score, tags, "position", created_at, updated_at) VALUES ('52bc15cb-ce0c-4370-a579-b5f38b639f53', 'dfd48232-ca02-487a-9cde-8eceea5c320f', 'Whatever required the fewest dishes', 1, '{blissfully-unaware,convenience-first}', 2, '2026-04-27 20:57:18.553816+00', '2026-04-27 20:57:18.553816+00');
INSERT INTO public.option (id, question_id, text, score, tags, "position", created_at, updated_at) VALUES ('fc022d53-5d97-470b-b836-655558a5afa2', 'dfd48232-ca02-487a-9cde-8eceea5c320f', 'An ''experimental'' recipe that was either genius or a disaster', 4, '{adventurous,abundance-mindset}', 3, '2026-04-27 20:57:18.553816+00', '2026-04-27 20:57:18.553816+00');
INSERT INTO public.option (id, question_id, text, score, tags, "position", created_at, updated_at) VALUES ('02b51478-33cd-4174-9e71-4dd79f1137f5', 'a8c171cc-5584-4cc9-8124-2a3d4f5be62c', 'I read blogs, listen to podcasts, and have opinions about seed oils', 5, '{label-reader,research-mode,wellness}', 0, '2026-04-27 20:57:18.553816+00', '2026-04-27 20:57:18.553816+00');
INSERT INTO public.option (id, question_id, text, score, tags, "position", created_at, updated_at) VALUES ('b6f27afd-5430-436b-9021-75fa370e909d', 'a8c171cc-5584-4cc9-8124-2a3d4f5be62c', 'I try to eat colorfully and call it a day', 3, '{wellness,vibes-first}', 1, '2026-04-27 20:57:18.553816+00', '2026-04-27 20:57:18.553816+00');
INSERT INTO public.option (id, question_id, text, score, tags, "position", created_at, updated_at) VALUES ('e4e3e2d6-f97c-4a2e-9dfe-de15beb518c1', 'a8c171cc-5584-4cc9-8124-2a3d4f5be62c', 'I offset bad choices with a green juice and feel balanced', 2, '{conscious-indulger,comfort-seeker}', 2, '2026-04-27 20:57:18.553816+00', '2026-04-27 20:57:18.553816+00');
INSERT INTO public.option (id, question_id, text, score, tags, "position", created_at, updated_at) VALUES ('9d7e2823-3bbe-4826-b085-ff5451ed8912', 'a8c171cc-5584-4cc9-8124-2a3d4f5be62c', 'Healthy is a vibe not a rulebook and I''m thriving', 1, '{blissfully-unaware,spontaneous,vibes-first}', 3, '2026-04-27 20:57:18.553816+00', '2026-04-27 20:57:18.553816+00');
INSERT INTO public.session (id, quiz_id, start_time, end_time, device, browser, referrer, user_agent, created_at, updated_at) VALUES ('008f18b4-2c69-4603-8f32-cafab61eda9b', '34f9641e-b84b-4c68-88ba-42fb619fec9c', '2026-04-27 20:57:11.341663+00', '2026-04-27 20:57:18.94+00', 'Desktop', 'Chrome', NULL, 'Mozilla/5.0 (Macintosh; Intel Mac OS X 10_15_7) AppleWebKit/537.36 (KHTML, like Gecko) Chrome/147.0.0.0 Safari/537.36', '2026-04-27 20:57:11.341663+00', '2026-04-27 20:57:18.941635+00');
INSERT INTO public.session (id, quiz_id, start_time, end_time, device, browser, referrer, user_agent, created_at, updated_at) VALUES ('ff8ef1a4-3fda-4244-afd2-b16af3e43f05', '60a4bd8f-9581-427d-a114-c8b716aa51e7', '2026-04-27 20:57:41.753528+00', '2026-04-27 20:57:41.753528+00', 'Desktop', 'Chrome', 'google.com', 'demo-seed', '2026-04-27 20:57:41.753528+00', '2026-04-27 20:57:41.753528+00');
INSERT INTO public.session (id, quiz_id, start_time, end_time, device, browser, referrer, user_agent, created_at, updated_at) VALUES ('a78192c6-0b84-4fe4-8d53-fba556b9d3b0', '60a4bd8f-9581-427d-a114-c8b716aa51e7', '2026-04-27 20:57:41.753528+00', '2026-04-27 20:57:41.753528+00', 'Mobile', 'Firefox', NULL, 'demo-seed', '2026-04-27 20:57:41.753528+00', '2026-04-27 20:57:41.753528+00');
INSERT INTO public.session (id, quiz_id, start_time, end_time, device, browser, referrer, user_agent, created_at, updated_at) VALUES ('70f8b885-60a8-4bba-8069-9f986a156567', '60a4bd8f-9581-427d-a114-c8b716aa51e7', '2026-04-27 20:57:41.753528+00', '2026-04-27 20:57:41.753528+00', 'Mobile', 'Edge', 'instagram.com', 'demo-seed', '2026-04-27 20:57:41.753528+00', '2026-04-27 20:57:41.753528+00');
INSERT INTO public.session (id, quiz_id, start_time, end_time, device, browser, referrer, user_agent, created_at, updated_at) VALUES ('fe838806-cd71-45f4-a329-ca390b493140', '60a4bd8f-9581-427d-a114-c8b716aa51e7', '2026-04-27 20:57:41.753528+00', '2026-04-27 20:57:41.753528+00', 'Desktop', 'Safari', 'reddit.com', 'demo-seed', '2026-04-27 20:57:41.753528+00', '2026-04-27 20:57:41.753528+00');
INSERT INTO public.session (id, quiz_id, start_time, end_time, device, browser, referrer, user_agent, created_at, updated_at) VALUES ('b275d7ed-a8b4-4b33-ba31-9a28786adced', '60a4bd8f-9581-427d-a114-c8b716aa51e7', '2026-04-27 20:57:41.753528+00', '2026-04-27 20:57:41.753528+00', 'Mobile', 'Chrome', 'twitter.com', 'demo-seed', '2026-04-27 20:57:41.753528+00', '2026-04-27 20:57:41.753528+00');
INSERT INTO public.session (id, quiz_id, start_time, end_time, device, browser, referrer, user_agent, created_at, updated_at) VALUES ('eded56c5-834f-4bcd-a7a2-953452427ffd', '60a4bd8f-9581-427d-a114-c8b716aa51e7', '2026-04-27 20:57:41.753528+00', '2026-04-27 20:57:41.753528+00', 'Mobile', 'Firefox', 'google.com', 'demo-seed', '2026-04-27 20:57:41.753528+00', '2026-04-27 20:57:41.753528+00');
INSERT INTO public.session (id, quiz_id, start_time, end_time, device, browser, referrer, user_agent, created_at, updated_at) VALUES ('e2d4d5fd-d0f6-489d-a245-630127c8b23a', '60a4bd8f-9581-427d-a114-c8b716aa51e7', '2026-04-27 20:57:41.753528+00', NULL, 'Mobile', 'Safari', 'tiktok.com', 'demo-seed', '2026-04-27 20:57:41.753528+00', '2026-04-27 20:57:41.753528+00');
INSERT INTO public.session (id, quiz_id, start_time, end_time, device, browser, referrer, user_agent, created_at, updated_at) VALUES ('7a9aacfa-6c08-45c5-9b4f-16f16fc94f27', '60a4bd8f-9581-427d-a114-c8b716aa51e7', '2026-04-27 20:57:41.753528+00', NULL, 'Mobile', 'Safari', 'tiktok.com', 'demo-seed', '2026-04-27 20:57:41.753528+00', '2026-04-27 20:57:41.753528+00');
INSERT INTO public.session (id, quiz_id, start_time, end_time, device, browser, referrer, user_agent, created_at, updated_at) VALUES ('02bb5d6b-a15d-4b15-8778-4d7ed06a0b50', '34f9641e-b84b-4c68-88ba-42fb619fec9c', '2026-04-27 20:57:43.641457+00', '2026-04-27 20:57:43.641457+00', 'Desktop', 'Chrome', 'google.com', 'demo-seed', '2026-04-27 20:57:43.641457+00', '2026-04-27 20:57:43.641457+00');
INSERT INTO public.session (id, quiz_id, start_time, end_time, device, browser, referrer, user_agent, created_at, updated_at) VALUES ('9cf6fc17-c7a9-43ca-b495-95296a610405', '34f9641e-b84b-4c68-88ba-42fb619fec9c', '2026-04-27 20:57:43.641457+00', '2026-04-27 20:57:43.641457+00', 'Mobile', 'Firefox', NULL, 'demo-seed', '2026-04-27 20:57:43.641457+00', '2026-04-27 20:57:43.641457+00');
INSERT INTO public.session (id, quiz_id, start_time, end_time, device, browser, referrer, user_agent, created_at, updated_at) VALUES ('fbc6c907-1bbe-4cef-94ae-66b52bab82e9', '34f9641e-b84b-4c68-88ba-42fb619fec9c', '2026-04-27 20:57:43.641457+00', '2026-04-27 20:57:43.641457+00', 'Mobile', 'Edge', 'instagram.com', 'demo-seed', '2026-04-27 20:57:43.641457+00', '2026-04-27 20:57:43.641457+00');
INSERT INTO public.session (id, quiz_id, start_time, end_time, device, browser, referrer, user_agent, created_at, updated_at) VALUES ('45347c02-4a58-45db-9140-e50f3dd272bc', '34f9641e-b84b-4c68-88ba-42fb619fec9c', '2026-04-27 20:57:43.641457+00', '2026-04-27 20:57:43.641457+00', 'Desktop', 'Safari', 'reddit.com', 'demo-seed', '2026-04-27 20:57:43.641457+00', '2026-04-27 20:57:43.641457+00');
INSERT INTO public.session (id, quiz_id, start_time, end_time, device, browser, referrer, user_agent, created_at, updated_at) VALUES ('c7485c48-a3f0-434a-bfdd-19e59a1edf16', '34f9641e-b84b-4c68-88ba-42fb619fec9c', '2026-04-27 20:57:43.641457+00', '2026-04-27 20:57:43.641457+00', 'Mobile', 'Chrome', 'twitter.com', 'demo-seed', '2026-04-27 20:57:43.641457+00', '2026-04-27 20:57:43.641457+00');
INSERT INTO public.session (id, quiz_id, start_time, end_time, device, browser, referrer, user_agent, created_at, updated_at) VALUES ('d41260fd-5871-4c56-813d-d53da877e9aa', '34f9641e-b84b-4c68-88ba-42fb619fec9c', '2026-04-27 20:57:43.641457+00', '2026-04-27 20:57:43.641457+00', 'Mobile', 'Firefox', 'google.com', 'demo-seed', '2026-04-27 20:57:43.641457+00', '2026-04-27 20:57:43.641457+00');
INSERT INTO public.session (id, quiz_id, start_time, end_time, device, browser, referrer, user_agent, created_at, updated_at) VALUES ('db3d1c5f-25b9-43d6-9945-e45e824a3620', '34f9641e-b84b-4c68-88ba-42fb619fec9c', '2026-04-27 20:57:43.641457+00', NULL, 'Mobile', 'Safari', 'tiktok.com', 'demo-seed', '2026-04-27 20:57:43.641457+00', '2026-04-27 20:57:43.641457+00');
INSERT INTO public.session (id, quiz_id, start_time, end_time, device, browser, referrer, user_agent, created_at, updated_at) VALUES ('99e327ac-4fcb-4a00-a7e9-ca4e0bfae192', '34f9641e-b84b-4c68-88ba-42fb619fec9c', '2026-04-27 20:57:43.641457+00', NULL, 'Mobile', 'Safari', 'tiktok.com', 'demo-seed', '2026-04-27 20:57:43.641457+00', '2026-04-27 20:57:43.641457+00');
INSERT INTO public.session (id, quiz_id, start_time, end_time, device, browser, referrer, user_agent, created_at, updated_at) VALUES ('0f3ddf2e-5a17-4144-82a3-55ec1386fb2f', '0fba976c-dfa8-4dfd-9eb4-fe3e0d619d0e', '2026-04-27 20:57:45.25383+00', '2026-04-27 20:57:45.25383+00', 'Desktop', 'Chrome', 'google.com', 'demo-seed', '2026-04-27 20:57:45.25383+00', '2026-04-27 20:57:45.25383+00');
INSERT INTO public.session (id, quiz_id, start_time, end_time, device, browser, referrer, user_agent, created_at, updated_at) VALUES ('730fc4db-dc33-42ec-a4ee-3ce5b8c43414', '0fba976c-dfa8-4dfd-9eb4-fe3e0d619d0e', '2026-04-27 20:57:45.25383+00', '2026-04-27 20:57:45.25383+00', 'Mobile', 'Firefox', NULL, 'demo-seed', '2026-04-27 20:57:45.25383+00', '2026-04-27 20:57:45.25383+00');
INSERT INTO public.session (id, quiz_id, start_time, end_time, device, browser, referrer, user_agent, created_at, updated_at) VALUES ('90f8c08a-7247-4e82-9159-4a2aa37b1f46', '0fba976c-dfa8-4dfd-9eb4-fe3e0d619d0e', '2026-04-27 20:57:45.25383+00', '2026-04-27 20:57:45.25383+00', 'Mobile', 'Edge', 'instagram.com', 'demo-seed', '2026-04-27 20:57:45.25383+00', '2026-04-27 20:57:45.25383+00');
INSERT INTO public.session (id, quiz_id, start_time, end_time, device, browser, referrer, user_agent, created_at, updated_at) VALUES ('986fdbfd-9085-4202-a5ed-3bd8aed4a84d', '0fba976c-dfa8-4dfd-9eb4-fe3e0d619d0e', '2026-04-27 20:57:45.25383+00', '2026-04-27 20:57:45.25383+00', 'Desktop', 'Safari', 'reddit.com', 'demo-seed', '2026-04-27 20:57:45.25383+00', '2026-04-27 20:57:45.25383+00');
INSERT INTO public.session (id, quiz_id, start_time, end_time, device, browser, referrer, user_agent, created_at, updated_at) VALUES ('d5afdf89-67a7-4bc6-96b4-c8f64ba3864e', '0fba976c-dfa8-4dfd-9eb4-fe3e0d619d0e', '2026-04-27 20:57:45.25383+00', '2026-04-27 20:57:45.25383+00', 'Mobile', 'Chrome', 'twitter.com', 'demo-seed', '2026-04-27 20:57:45.25383+00', '2026-04-27 20:57:45.25383+00');
INSERT INTO public.session (id, quiz_id, start_time, end_time, device, browser, referrer, user_agent, created_at, updated_at) VALUES ('60dc967d-faa6-4800-a569-1f74c773647b', '0fba976c-dfa8-4dfd-9eb4-fe3e0d619d0e', '2026-04-27 20:57:45.25383+00', '2026-04-27 20:57:45.25383+00', 'Mobile', 'Firefox', 'google.com', 'demo-seed', '2026-04-27 20:57:45.25383+00', '2026-04-27 20:57:45.25383+00');
INSERT INTO public.session (id, quiz_id, start_time, end_time, device, browser, referrer, user_agent, created_at, updated_at) VALUES ('4c306598-164b-4fbd-b4c3-898f145bb551', '0fba976c-dfa8-4dfd-9eb4-fe3e0d619d0e', '2026-04-27 20:57:45.25383+00', NULL, 'Mobile', 'Safari', 'tiktok.com', 'demo-seed', '2026-04-27 20:57:45.25383+00', '2026-04-27 20:57:45.25383+00');
INSERT INTO public.session (id, quiz_id, start_time, end_time, device, browser, referrer, user_agent, created_at, updated_at) VALUES ('28b24b0c-9c32-4aae-a249-0154fbcf9a2f', '0fba976c-dfa8-4dfd-9eb4-fe3e0d619d0e', '2026-04-27 20:57:45.25383+00', NULL, 'Mobile', 'Safari', 'tiktok.com', 'demo-seed', '2026-04-27 20:57:45.25383+00', '2026-04-27 20:57:45.25383+00');
INSERT INTO public.questions_answered (id, session_id, question_id, option_chosen_id, numeric_answer, selected_option_ids, answered_at, created_at, updated_at) VALUES ('f9b78cbd-0a6d-4b9c-961c-dd8f6e103862', '008f18b4-2c69-4603-8f32-cafab61eda9b', 'c61a3231-f8be-401d-a56b-98a32bb9872a', NULL, NULL, '{55f29ffc-bd7c-43e5-99da-94df7d3c4463}', '2026-04-27 20:57:13.986649+00', '2026-04-27 20:57:13.986649+00', '2026-04-27 20:57:13.986649+00');
INSERT INTO public.questions_answered (id, session_id, question_id, option_chosen_id, numeric_answer, selected_option_ids, answered_at, created_at, updated_at) VALUES ('3d0c82e2-90b9-40a5-8d7e-13388dacf187', '008f18b4-2c69-4603-8f32-cafab61eda9b', 'ce0099da-72de-430a-8f4c-5f74ec35ccae', NULL, NULL, '{55f29ffc-bd7c-43e5-99da-94df7d3c4463,10a68db9-aa3e-4f77-af4d-96076e16c6eb,76a2d2e3-f88a-4b88-8b6b-da650ae4a116}', '2026-04-27 20:57:15.490105+00', '2026-04-27 20:57:15.490105+00', '2026-04-27 20:57:15.490105+00');
INSERT INTO public.questions_answered (id, session_id, question_id, option_chosen_id, numeric_answer, selected_option_ids, answered_at, created_at, updated_at) VALUES ('10b11e7c-9a23-4226-9042-b3fba3ec7dad', '008f18b4-2c69-4603-8f32-cafab61eda9b', '4185caac-f3a8-451c-bf3b-682be4dbd0ac', NULL, 5, NULL, '2026-04-27 20:57:17.414854+00', '2026-04-27 20:57:17.414854+00', '2026-04-27 20:57:17.414854+00');
INSERT INTO public.questions_answered (id, session_id, question_id, option_chosen_id, numeric_answer, selected_option_ids, answered_at, created_at, updated_at) VALUES ('1493c019-17f3-4bf9-afdf-605e4bf172e4', '008f18b4-2c69-4603-8f32-cafab61eda9b', '36f4ebd9-86cf-40c2-8ac3-34395b19ed8d', 'ede5c303-b9f2-4b46-a0ff-960ff63bfc09', NULL, NULL, '2026-04-27 20:57:17.981666+00', '2026-04-27 20:57:17.981666+00', '2026-04-27 20:57:17.981666+00');
INSERT INTO public.questions_answered (id, session_id, question_id, option_chosen_id, numeric_answer, selected_option_ids, answered_at, created_at, updated_at) VALUES ('76ff82f1-3200-4789-b5af-38968643b402', '008f18b4-2c69-4603-8f32-cafab61eda9b', '691083bc-cf0d-4110-99b1-4b941ba21433', '5eb45007-c3b7-4b0e-b9cb-8c6aef4dbf66', NULL, NULL, '2026-04-27 20:57:18.514044+00', '2026-04-27 20:57:18.514044+00', '2026-04-27 20:57:18.514044+00');
INSERT INTO public.questions_answered (id, session_id, question_id, option_chosen_id, numeric_answer, selected_option_ids, answered_at, created_at, updated_at) VALUES ('274f7713-6d65-4c86-814f-99db088e56b6', '008f18b4-2c69-4603-8f32-cafab61eda9b', '71c01e18-07a0-4ef2-b1eb-c77c22b7a150', '8e24be8c-221a-47c3-b95a-07acd72a1387', NULL, NULL, '2026-04-27 20:57:18.918089+00', '2026-04-27 20:57:18.918089+00', '2026-04-27 20:57:18.918089+00');
INSERT INTO public.questions_answered (id, session_id, question_id, option_chosen_id, numeric_answer, selected_option_ids, answered_at, created_at, updated_at) VALUES ('eef61e76-344a-458b-8d09-c20fd02568c9', 'ff8ef1a4-3fda-4244-afd2-b16af3e43f05', 'ebf233a7-dfc9-4991-91f8-c9adcdcf778d', '71fbded7-a8db-42f9-8364-e604e6ef85ed', NULL, NULL, '2026-04-27 20:57:41.753528+00', '2026-04-27 20:57:41.753528+00', '2026-04-27 20:57:41.753528+00');
INSERT INTO public.questions_answered (id, session_id, question_id, option_chosen_id, numeric_answer, selected_option_ids, answered_at, created_at, updated_at) VALUES ('b422d8be-287f-420d-821b-a0aab220ca5c', 'ff8ef1a4-3fda-4244-afd2-b16af3e43f05', '2e7ad8fc-1ec5-4772-869e-14a4fb460d1f', '8bbfecf4-f8a6-4317-ab0d-d6a2d9de5816', NULL, NULL, '2026-04-27 20:57:41.753528+00', '2026-04-27 20:57:41.753528+00', '2026-04-27 20:57:41.753528+00');
INSERT INTO public.questions_answered (id, session_id, question_id, option_chosen_id, numeric_answer, selected_option_ids, answered_at, created_at, updated_at) VALUES ('41fcca88-cb9d-4eb7-8848-9b584d65efb6', 'ff8ef1a4-3fda-4244-afd2-b16af3e43f05', 'c86d5571-16ed-461d-bfd9-5acf53e2196f', '6ab56849-b3ac-4ff8-83e6-723dfb1b04f6', NULL, NULL, '2026-04-27 20:57:41.753528+00', '2026-04-27 20:57:41.753528+00', '2026-04-27 20:57:41.753528+00');
INSERT INTO public.questions_answered (id, session_id, question_id, option_chosen_id, numeric_answer, selected_option_ids, answered_at, created_at, updated_at) VALUES ('ed046ab5-2de0-4359-9403-35d9c10638f2', 'ff8ef1a4-3fda-4244-afd2-b16af3e43f05', '52135b2c-01f1-4a86-a331-9af1f92ca9f3', '2510e814-b194-48f7-a507-5515f120b635', NULL, NULL, '2026-04-27 20:57:41.753528+00', '2026-04-27 20:57:41.753528+00', '2026-04-27 20:57:41.753528+00');
INSERT INTO public.questions_answered (id, session_id, question_id, option_chosen_id, numeric_answer, selected_option_ids, answered_at, created_at, updated_at) VALUES ('06dc9456-c42c-4f3c-8369-7f399c411698', 'ff8ef1a4-3fda-4244-afd2-b16af3e43f05', 'c293fa39-43aa-42de-a776-f550c048f684', '620dd8ab-75a3-40ea-84db-219d0b1fc56c', NULL, NULL, '2026-04-27 20:57:41.753528+00', '2026-04-27 20:57:41.753528+00', '2026-04-27 20:57:41.753528+00');
INSERT INTO public.questions_answered (id, session_id, question_id, option_chosen_id, numeric_answer, selected_option_ids, answered_at, created_at, updated_at) VALUES ('f79082b1-646e-44cd-8094-fafad78cc035', 'ff8ef1a4-3fda-4244-afd2-b16af3e43f05', '1dd26044-e35e-4879-8c9e-4f68b5efdff0', '97465a4d-9540-4a0e-939c-226179215b1c', NULL, NULL, '2026-04-27 20:57:41.753528+00', '2026-04-27 20:57:41.753528+00', '2026-04-27 20:57:41.753528+00');
INSERT INTO public.questions_answered (id, session_id, question_id, option_chosen_id, numeric_answer, selected_option_ids, answered_at, created_at, updated_at) VALUES ('509d4394-b0cc-447f-a963-1bbb051bce52', 'ff8ef1a4-3fda-4244-afd2-b16af3e43f05', '47c77808-98b8-4470-9dd9-39269f7ae2e5', NULL, 3, NULL, '2026-04-27 20:57:41.753528+00', '2026-04-27 20:57:41.753528+00', '2026-04-27 20:57:41.753528+00');
INSERT INTO public.questions_answered (id, session_id, question_id, option_chosen_id, numeric_answer, selected_option_ids, answered_at, created_at, updated_at) VALUES ('11b4476f-7f42-4e47-b417-562d16c9752e', 'a78192c6-0b84-4fe4-8d53-fba556b9d3b0', 'ebf233a7-dfc9-4991-91f8-c9adcdcf778d', 'eb251e33-799b-4f62-a3ae-a60e482eab7c', NULL, NULL, '2026-04-27 20:57:41.753528+00', '2026-04-27 20:57:41.753528+00', '2026-04-27 20:57:41.753528+00');
INSERT INTO public.questions_answered (id, session_id, question_id, option_chosen_id, numeric_answer, selected_option_ids, answered_at, created_at, updated_at) VALUES ('30013728-4145-4391-bf2e-398fe1603b1f', 'a78192c6-0b84-4fe4-8d53-fba556b9d3b0', '2e7ad8fc-1ec5-4772-869e-14a4fb460d1f', '5d97c402-e8f5-4315-be44-7e86b915af2d', NULL, NULL, '2026-04-27 20:57:41.753528+00', '2026-04-27 20:57:41.753528+00', '2026-04-27 20:57:41.753528+00');
INSERT INTO public.questions_answered (id, session_id, question_id, option_chosen_id, numeric_answer, selected_option_ids, answered_at, created_at, updated_at) VALUES ('d3c20817-116b-4bc3-870c-79b5730a231a', 'a78192c6-0b84-4fe4-8d53-fba556b9d3b0', 'c86d5571-16ed-461d-bfd9-5acf53e2196f', '5e976583-96f6-4393-ad16-ea699b2f2693', NULL, NULL, '2026-04-27 20:57:41.753528+00', '2026-04-27 20:57:41.753528+00', '2026-04-27 20:57:41.753528+00');
INSERT INTO public.questions_answered (id, session_id, question_id, option_chosen_id, numeric_answer, selected_option_ids, answered_at, created_at, updated_at) VALUES ('14f4810e-1d88-4438-9cac-e2cccd4b59f6', 'a78192c6-0b84-4fe4-8d53-fba556b9d3b0', '52135b2c-01f1-4a86-a331-9af1f92ca9f3', '959d2f0d-21bd-4233-8167-7f86376ec682', NULL, NULL, '2026-04-27 20:57:41.753528+00', '2026-04-27 20:57:41.753528+00', '2026-04-27 20:57:41.753528+00');
INSERT INTO public.questions_answered (id, session_id, question_id, option_chosen_id, numeric_answer, selected_option_ids, answered_at, created_at, updated_at) VALUES ('438c0adf-27cb-4927-826c-f3eee7c2be2e', 'a78192c6-0b84-4fe4-8d53-fba556b9d3b0', 'c293fa39-43aa-42de-a776-f550c048f684', 'b34923f5-a85c-423e-8946-dde2527e0852', NULL, NULL, '2026-04-27 20:57:41.753528+00', '2026-04-27 20:57:41.753528+00', '2026-04-27 20:57:41.753528+00');
INSERT INTO public.questions_answered (id, session_id, question_id, option_chosen_id, numeric_answer, selected_option_ids, answered_at, created_at, updated_at) VALUES ('26a0b975-5fbf-4de9-9c10-3a1c62cd5457', 'a78192c6-0b84-4fe4-8d53-fba556b9d3b0', '1dd26044-e35e-4879-8c9e-4f68b5efdff0', 'dc31563c-b41d-4517-9481-374089b93906', NULL, NULL, '2026-04-27 20:57:41.753528+00', '2026-04-27 20:57:41.753528+00', '2026-04-27 20:57:41.753528+00');
INSERT INTO public.questions_answered (id, session_id, question_id, option_chosen_id, numeric_answer, selected_option_ids, answered_at, created_at, updated_at) VALUES ('e656f2f0-1403-4d10-b3fd-aec8852c94bb', 'a78192c6-0b84-4fe4-8d53-fba556b9d3b0', '47c77808-98b8-4470-9dd9-39269f7ae2e5', NULL, 6, NULL, '2026-04-27 20:57:41.753528+00', '2026-04-27 20:57:41.753528+00', '2026-04-27 20:57:41.753528+00');
INSERT INTO public.questions_answered (id, session_id, question_id, option_chosen_id, numeric_answer, selected_option_ids, answered_at, created_at, updated_at) VALUES ('3d0de6d7-e0f0-4315-aafb-2838af7f05b5', '70f8b885-60a8-4bba-8069-9f986a156567', 'ebf233a7-dfc9-4991-91f8-c9adcdcf778d', '03505bde-b991-4f94-bfa4-a393674df1b0', NULL, NULL, '2026-04-27 20:57:41.753528+00', '2026-04-27 20:57:41.753528+00', '2026-04-27 20:57:41.753528+00');
INSERT INTO public.questions_answered (id, session_id, question_id, option_chosen_id, numeric_answer, selected_option_ids, answered_at, created_at, updated_at) VALUES ('f0d19cc2-d257-4f55-bd0e-fe627b27d9fb', '70f8b885-60a8-4bba-8069-9f986a156567', '2e7ad8fc-1ec5-4772-869e-14a4fb460d1f', '5acbdcc4-f191-484b-9758-aa7b8b8b6e35', NULL, NULL, '2026-04-27 20:57:41.753528+00', '2026-04-27 20:57:41.753528+00', '2026-04-27 20:57:41.753528+00');
INSERT INTO public.questions_answered (id, session_id, question_id, option_chosen_id, numeric_answer, selected_option_ids, answered_at, created_at, updated_at) VALUES ('5c93d710-b835-46fc-b0c7-d84b4422df66', '70f8b885-60a8-4bba-8069-9f986a156567', 'c86d5571-16ed-461d-bfd9-5acf53e2196f', '52e71bcd-adb9-447b-9a79-304e56140bcf', NULL, NULL, '2026-04-27 20:57:41.753528+00', '2026-04-27 20:57:41.753528+00', '2026-04-27 20:57:41.753528+00');
INSERT INTO public.questions_answered (id, session_id, question_id, option_chosen_id, numeric_answer, selected_option_ids, answered_at, created_at, updated_at) VALUES ('e8777492-32a5-493f-bf7f-489f3554bb4e', '70f8b885-60a8-4bba-8069-9f986a156567', '52135b2c-01f1-4a86-a331-9af1f92ca9f3', 'd542c64b-2e0b-44b1-a6de-d9d6b8384995', NULL, NULL, '2026-04-27 20:57:41.753528+00', '2026-04-27 20:57:41.753528+00', '2026-04-27 20:57:41.753528+00');
INSERT INTO public.questions_answered (id, session_id, question_id, option_chosen_id, numeric_answer, selected_option_ids, answered_at, created_at, updated_at) VALUES ('782d0e3c-0925-44a8-9f13-a6da3f26e5a1', '70f8b885-60a8-4bba-8069-9f986a156567', 'c293fa39-43aa-42de-a776-f550c048f684', 'a9e063a2-40da-40c3-8e15-fd7b39b60d61', NULL, NULL, '2026-04-27 20:57:41.753528+00', '2026-04-27 20:57:41.753528+00', '2026-04-27 20:57:41.753528+00');
INSERT INTO public.questions_answered (id, session_id, question_id, option_chosen_id, numeric_answer, selected_option_ids, answered_at, created_at, updated_at) VALUES ('d28e1d7e-1d1c-4292-9784-72786ce9f9ea', '70f8b885-60a8-4bba-8069-9f986a156567', '1dd26044-e35e-4879-8c9e-4f68b5efdff0', '59cda7b5-db27-470e-8688-bec183b48948', NULL, NULL, '2026-04-27 20:57:41.753528+00', '2026-04-27 20:57:41.753528+00', '2026-04-27 20:57:41.753528+00');
INSERT INTO public.questions_answered (id, session_id, question_id, option_chosen_id, numeric_answer, selected_option_ids, answered_at, created_at, updated_at) VALUES ('168639e1-0cfc-460b-b8da-1b1cce725b67', '70f8b885-60a8-4bba-8069-9f986a156567', '47c77808-98b8-4470-9dd9-39269f7ae2e5', NULL, 9, NULL, '2026-04-27 20:57:41.753528+00', '2026-04-27 20:57:41.753528+00', '2026-04-27 20:57:41.753528+00');
INSERT INTO public.questions_answered (id, session_id, question_id, option_chosen_id, numeric_answer, selected_option_ids, answered_at, created_at, updated_at) VALUES ('14593a7c-1dc6-41b3-a59d-b04685ef6fed', 'fe838806-cd71-45f4-a329-ca390b493140', 'ebf233a7-dfc9-4991-91f8-c9adcdcf778d', '51fcc9f7-da7b-4f7f-838a-014ac7f55d66', NULL, NULL, '2026-04-27 20:57:41.753528+00', '2026-04-27 20:57:41.753528+00', '2026-04-27 20:57:41.753528+00');
INSERT INTO public.questions_answered (id, session_id, question_id, option_chosen_id, numeric_answer, selected_option_ids, answered_at, created_at, updated_at) VALUES ('946c6c8f-22e2-4290-b20f-d74d7f29c644', 'fe838806-cd71-45f4-a329-ca390b493140', '2e7ad8fc-1ec5-4772-869e-14a4fb460d1f', '5c5ec74d-e914-41e3-adff-eb72a106a528', NULL, NULL, '2026-04-27 20:57:41.753528+00', '2026-04-27 20:57:41.753528+00', '2026-04-27 20:57:41.753528+00');
INSERT INTO public.questions_answered (id, session_id, question_id, option_chosen_id, numeric_answer, selected_option_ids, answered_at, created_at, updated_at) VALUES ('03a216ec-d0e9-410c-916b-39a7f0ed1837', 'fe838806-cd71-45f4-a329-ca390b493140', 'c86d5571-16ed-461d-bfd9-5acf53e2196f', '25265608-574b-4139-83b8-f8da43c3300d', NULL, NULL, '2026-04-27 20:57:41.753528+00', '2026-04-27 20:57:41.753528+00', '2026-04-27 20:57:41.753528+00');
INSERT INTO public.questions_answered (id, session_id, question_id, option_chosen_id, numeric_answer, selected_option_ids, answered_at, created_at, updated_at) VALUES ('762a53eb-c70d-49fe-9157-936bbdfad7e1', 'fe838806-cd71-45f4-a329-ca390b493140', '52135b2c-01f1-4a86-a331-9af1f92ca9f3', '36893b41-146c-40c8-81d5-64604bb7dc77', NULL, NULL, '2026-04-27 20:57:41.753528+00', '2026-04-27 20:57:41.753528+00', '2026-04-27 20:57:41.753528+00');
INSERT INTO public.questions_answered (id, session_id, question_id, option_chosen_id, numeric_answer, selected_option_ids, answered_at, created_at, updated_at) VALUES ('278128b1-7879-4181-8c73-666da943c3a0', 'fe838806-cd71-45f4-a329-ca390b493140', 'c293fa39-43aa-42de-a776-f550c048f684', 'eb7b1923-7881-4cc5-85d2-60cfc4d5045d', NULL, NULL, '2026-04-27 20:57:41.753528+00', '2026-04-27 20:57:41.753528+00', '2026-04-27 20:57:41.753528+00');
INSERT INTO public.questions_answered (id, session_id, question_id, option_chosen_id, numeric_answer, selected_option_ids, answered_at, created_at, updated_at) VALUES ('2a51048a-0778-40dc-8452-2b2dbf8f638e', 'fe838806-cd71-45f4-a329-ca390b493140', '1dd26044-e35e-4879-8c9e-4f68b5efdff0', '4011c595-178d-4b00-a8e1-a42a69b449a9', NULL, NULL, '2026-04-27 20:57:41.753528+00', '2026-04-27 20:57:41.753528+00', '2026-04-27 20:57:41.753528+00');
INSERT INTO public.questions_answered (id, session_id, question_id, option_chosen_id, numeric_answer, selected_option_ids, answered_at, created_at, updated_at) VALUES ('d51f4072-cfc2-4f26-a74b-85308f8defc2', 'fe838806-cd71-45f4-a329-ca390b493140', '47c77808-98b8-4470-9dd9-39269f7ae2e5', NULL, 1, NULL, '2026-04-27 20:57:41.753528+00', '2026-04-27 20:57:41.753528+00', '2026-04-27 20:57:41.753528+00');
INSERT INTO public.questions_answered (id, session_id, question_id, option_chosen_id, numeric_answer, selected_option_ids, answered_at, created_at, updated_at) VALUES ('a377c2d6-9399-44ef-aa28-d20f7ef6c7b8', 'b275d7ed-a8b4-4b33-ba31-9a28786adced', 'ebf233a7-dfc9-4991-91f8-c9adcdcf778d', '71fbded7-a8db-42f9-8364-e604e6ef85ed', NULL, NULL, '2026-04-27 20:57:41.753528+00', '2026-04-27 20:57:41.753528+00', '2026-04-27 20:57:41.753528+00');
INSERT INTO public.questions_answered (id, session_id, question_id, option_chosen_id, numeric_answer, selected_option_ids, answered_at, created_at, updated_at) VALUES ('02683c7b-37ed-4b5e-a60b-f087000bb426', 'b275d7ed-a8b4-4b33-ba31-9a28786adced', '2e7ad8fc-1ec5-4772-869e-14a4fb460d1f', '8bbfecf4-f8a6-4317-ab0d-d6a2d9de5816', NULL, NULL, '2026-04-27 20:57:41.753528+00', '2026-04-27 20:57:41.753528+00', '2026-04-27 20:57:41.753528+00');
INSERT INTO public.questions_answered (id, session_id, question_id, option_chosen_id, numeric_answer, selected_option_ids, answered_at, created_at, updated_at) VALUES ('00bb2acc-5096-4dc5-ba8c-19ce75ed283d', 'b275d7ed-a8b4-4b33-ba31-9a28786adced', 'c86d5571-16ed-461d-bfd9-5acf53e2196f', '6ab56849-b3ac-4ff8-83e6-723dfb1b04f6', NULL, NULL, '2026-04-27 20:57:41.753528+00', '2026-04-27 20:57:41.753528+00', '2026-04-27 20:57:41.753528+00');
INSERT INTO public.questions_answered (id, session_id, question_id, option_chosen_id, numeric_answer, selected_option_ids, answered_at, created_at, updated_at) VALUES ('7e24cba1-49ed-4a3d-92d6-c638c06e1839', 'b275d7ed-a8b4-4b33-ba31-9a28786adced', '52135b2c-01f1-4a86-a331-9af1f92ca9f3', '2510e814-b194-48f7-a507-5515f120b635', NULL, NULL, '2026-04-27 20:57:41.753528+00', '2026-04-27 20:57:41.753528+00', '2026-04-27 20:57:41.753528+00');
INSERT INTO public.questions_answered (id, session_id, question_id, option_chosen_id, numeric_answer, selected_option_ids, answered_at, created_at, updated_at) VALUES ('8054acb3-c95d-48ad-a2c6-468e8e1a704c', 'b275d7ed-a8b4-4b33-ba31-9a28786adced', 'c293fa39-43aa-42de-a776-f550c048f684', '620dd8ab-75a3-40ea-84db-219d0b1fc56c', NULL, NULL, '2026-04-27 20:57:41.753528+00', '2026-04-27 20:57:41.753528+00', '2026-04-27 20:57:41.753528+00');
INSERT INTO public.questions_answered (id, session_id, question_id, option_chosen_id, numeric_answer, selected_option_ids, answered_at, created_at, updated_at) VALUES ('c51e533c-72ae-4050-8ebc-a0038ff599bb', 'b275d7ed-a8b4-4b33-ba31-9a28786adced', '1dd26044-e35e-4879-8c9e-4f68b5efdff0', '97465a4d-9540-4a0e-939c-226179215b1c', NULL, NULL, '2026-04-27 20:57:41.753528+00', '2026-04-27 20:57:41.753528+00', '2026-04-27 20:57:41.753528+00');
INSERT INTO public.questions_answered (id, session_id, question_id, option_chosen_id, numeric_answer, selected_option_ids, answered_at, created_at, updated_at) VALUES ('23f1e6e9-9eb1-4efa-8eef-b0d2546cfa27', 'b275d7ed-a8b4-4b33-ba31-9a28786adced', '47c77808-98b8-4470-9dd9-39269f7ae2e5', NULL, 4, NULL, '2026-04-27 20:57:41.753528+00', '2026-04-27 20:57:41.753528+00', '2026-04-27 20:57:41.753528+00');
INSERT INTO public.questions_answered (id, session_id, question_id, option_chosen_id, numeric_answer, selected_option_ids, answered_at, created_at, updated_at) VALUES ('14c2c5bf-acff-4ca8-a190-459782cf905f', 'eded56c5-834f-4bcd-a7a2-953452427ffd', 'ebf233a7-dfc9-4991-91f8-c9adcdcf778d', 'eb251e33-799b-4f62-a3ae-a60e482eab7c', NULL, NULL, '2026-04-27 20:57:41.753528+00', '2026-04-27 20:57:41.753528+00', '2026-04-27 20:57:41.753528+00');
INSERT INTO public.questions_answered (id, session_id, question_id, option_chosen_id, numeric_answer, selected_option_ids, answered_at, created_at, updated_at) VALUES ('2802ee5f-0af4-4998-95a3-516ed58a8d48', 'eded56c5-834f-4bcd-a7a2-953452427ffd', '2e7ad8fc-1ec5-4772-869e-14a4fb460d1f', '5d97c402-e8f5-4315-be44-7e86b915af2d', NULL, NULL, '2026-04-27 20:57:41.753528+00', '2026-04-27 20:57:41.753528+00', '2026-04-27 20:57:41.753528+00');
INSERT INTO public.questions_answered (id, session_id, question_id, option_chosen_id, numeric_answer, selected_option_ids, answered_at, created_at, updated_at) VALUES ('4650acf2-441d-40e4-a810-6908af891c26', 'eded56c5-834f-4bcd-a7a2-953452427ffd', 'c86d5571-16ed-461d-bfd9-5acf53e2196f', '5e976583-96f6-4393-ad16-ea699b2f2693', NULL, NULL, '2026-04-27 20:57:41.753528+00', '2026-04-27 20:57:41.753528+00', '2026-04-27 20:57:41.753528+00');
INSERT INTO public.questions_answered (id, session_id, question_id, option_chosen_id, numeric_answer, selected_option_ids, answered_at, created_at, updated_at) VALUES ('41637b50-e2f5-4432-9e02-81c8ee2f9e80', 'eded56c5-834f-4bcd-a7a2-953452427ffd', '52135b2c-01f1-4a86-a331-9af1f92ca9f3', '959d2f0d-21bd-4233-8167-7f86376ec682', NULL, NULL, '2026-04-27 20:57:41.753528+00', '2026-04-27 20:57:41.753528+00', '2026-04-27 20:57:41.753528+00');
INSERT INTO public.questions_answered (id, session_id, question_id, option_chosen_id, numeric_answer, selected_option_ids, answered_at, created_at, updated_at) VALUES ('9dabdbb4-9453-4100-99c1-e9ce455d7380', 'eded56c5-834f-4bcd-a7a2-953452427ffd', 'c293fa39-43aa-42de-a776-f550c048f684', 'b34923f5-a85c-423e-8946-dde2527e0852', NULL, NULL, '2026-04-27 20:57:41.753528+00', '2026-04-27 20:57:41.753528+00', '2026-04-27 20:57:41.753528+00');
INSERT INTO public.questions_answered (id, session_id, question_id, option_chosen_id, numeric_answer, selected_option_ids, answered_at, created_at, updated_at) VALUES ('307b791f-a245-4f85-b18c-a7104f2d0536', 'eded56c5-834f-4bcd-a7a2-953452427ffd', '1dd26044-e35e-4879-8c9e-4f68b5efdff0', 'dc31563c-b41d-4517-9481-374089b93906', NULL, NULL, '2026-04-27 20:57:41.753528+00', '2026-04-27 20:57:41.753528+00', '2026-04-27 20:57:41.753528+00');
INSERT INTO public.questions_answered (id, session_id, question_id, option_chosen_id, numeric_answer, selected_option_ids, answered_at, created_at, updated_at) VALUES ('80cce681-bd74-424f-bb2c-c39a40461cfe', 'eded56c5-834f-4bcd-a7a2-953452427ffd', '47c77808-98b8-4470-9dd9-39269f7ae2e5', NULL, 7, NULL, '2026-04-27 20:57:41.753528+00', '2026-04-27 20:57:41.753528+00', '2026-04-27 20:57:41.753528+00');
INSERT INTO public.questions_answered (id, session_id, question_id, option_chosen_id, numeric_answer, selected_option_ids, answered_at, created_at, updated_at) VALUES ('e8f5207b-8acc-49f9-875c-12bfc1f51348', 'e2d4d5fd-d0f6-489d-a245-630127c8b23a', 'ebf233a7-dfc9-4991-91f8-c9adcdcf778d', '51fcc9f7-da7b-4f7f-838a-014ac7f55d66', NULL, NULL, '2026-04-27 20:57:41.753528+00', '2026-04-27 20:57:41.753528+00', '2026-04-27 20:57:41.753528+00');
INSERT INTO public.questions_answered (id, session_id, question_id, option_chosen_id, numeric_answer, selected_option_ids, answered_at, created_at, updated_at) VALUES ('16f5f0e3-6737-4c94-92ea-4f820bcf8d46', '7a9aacfa-6c08-45c5-9b4f-16f16fc94f27', 'ebf233a7-dfc9-4991-91f8-c9adcdcf778d', '51fcc9f7-da7b-4f7f-838a-014ac7f55d66', NULL, NULL, '2026-04-27 20:57:41.753528+00', '2026-04-27 20:57:41.753528+00', '2026-04-27 20:57:41.753528+00');
INSERT INTO public.questions_answered (id, session_id, question_id, option_chosen_id, numeric_answer, selected_option_ids, answered_at, created_at, updated_at) VALUES ('201a284f-70d7-4ac8-a2d9-a7c0d6a2fc59', '02bb5d6b-a15d-4b15-8778-4d7ed06a0b50', 'c61a3231-f8be-401d-a56b-98a32bb9872a', NULL, NULL, '{19dd0ef6-66e1-420a-8b83-c6197c69b4ce,55f29ffc-bd7c-43e5-99da-94df7d3c4463}', '2026-04-27 20:57:43.641457+00', '2026-04-27 20:57:43.641457+00', '2026-04-27 20:57:43.641457+00');
INSERT INTO public.questions_answered (id, session_id, question_id, option_chosen_id, numeric_answer, selected_option_ids, answered_at, created_at, updated_at) VALUES ('dfa45d0f-e18d-488b-9c36-c51638de7cd4', '02bb5d6b-a15d-4b15-8778-4d7ed06a0b50', 'ce0099da-72de-430a-8f4c-5f74ec35ccae', NULL, NULL, '{788f446d-8708-46c3-a8a4-db7a1e821b6c,1826cc04-842e-4100-8a0b-1d587597230c}', '2026-04-27 20:57:43.641457+00', '2026-04-27 20:57:43.641457+00', '2026-04-27 20:57:43.641457+00');
INSERT INTO public.questions_answered (id, session_id, question_id, option_chosen_id, numeric_answer, selected_option_ids, answered_at, created_at, updated_at) VALUES ('34ea5aa0-4946-4f40-9c2f-b45cd60ac418', '02bb5d6b-a15d-4b15-8778-4d7ed06a0b50', '4185caac-f3a8-451c-bf3b-682be4dbd0ac', NULL, 3, NULL, '2026-04-27 20:57:43.641457+00', '2026-04-27 20:57:43.641457+00', '2026-04-27 20:57:43.641457+00');
INSERT INTO public.questions_answered (id, session_id, question_id, option_chosen_id, numeric_answer, selected_option_ids, answered_at, created_at, updated_at) VALUES ('e2cd41dc-0aed-43c6-8b40-ade24c7113c5', '02bb5d6b-a15d-4b15-8778-4d7ed06a0b50', '36f4ebd9-86cf-40c2-8ac3-34395b19ed8d', 'ede5c303-b9f2-4b46-a0ff-960ff63bfc09', NULL, NULL, '2026-04-27 20:57:43.641457+00', '2026-04-27 20:57:43.641457+00', '2026-04-27 20:57:43.641457+00');
INSERT INTO public.questions_answered (id, session_id, question_id, option_chosen_id, numeric_answer, selected_option_ids, answered_at, created_at, updated_at) VALUES ('b3981dc8-70f6-4a79-8c46-e906603d146b', '02bb5d6b-a15d-4b15-8778-4d7ed06a0b50', '691083bc-cf0d-4110-99b1-4b941ba21433', '9a94789a-8ae7-4c88-a990-d2a4b05c20cb', NULL, NULL, '2026-04-27 20:57:43.641457+00', '2026-04-27 20:57:43.641457+00', '2026-04-27 20:57:43.641457+00');
INSERT INTO public.questions_answered (id, session_id, question_id, option_chosen_id, numeric_answer, selected_option_ids, answered_at, created_at, updated_at) VALUES ('615eaf56-6088-4540-a91e-3798fe02b696', '02bb5d6b-a15d-4b15-8778-4d7ed06a0b50', '71c01e18-07a0-4ef2-b1eb-c77c22b7a150', 'd112a722-41d4-49cb-9666-41eedef948d8', NULL, NULL, '2026-04-27 20:57:43.641457+00', '2026-04-27 20:57:43.641457+00', '2026-04-27 20:57:43.641457+00');
INSERT INTO public.questions_answered (id, session_id, question_id, option_chosen_id, numeric_answer, selected_option_ids, answered_at, created_at, updated_at) VALUES ('f7ea776d-162e-45df-a5a6-75242fddf054', '9cf6fc17-c7a9-43ca-b495-95296a610405', 'c61a3231-f8be-401d-a56b-98a32bb9872a', NULL, NULL, '{19dd0ef6-66e1-420a-8b83-c6197c69b4ce,55f29ffc-bd7c-43e5-99da-94df7d3c4463,bd56869e-fd5e-402a-9e46-beb874c064f7}', '2026-04-27 20:57:43.641457+00', '2026-04-27 20:57:43.641457+00', '2026-04-27 20:57:43.641457+00');
INSERT INTO public.questions_answered (id, session_id, question_id, option_chosen_id, numeric_answer, selected_option_ids, answered_at, created_at, updated_at) VALUES ('99bf7fd8-3ffc-45e5-b092-592ae8d90a5f', '9cf6fc17-c7a9-43ca-b495-95296a610405', 'ce0099da-72de-430a-8f4c-5f74ec35ccae', NULL, NULL, '{788f446d-8708-46c3-a8a4-db7a1e821b6c,1826cc04-842e-4100-8a0b-1d587597230c,994bbc64-0de0-4224-aaea-91df9840fdc5}', '2026-04-27 20:57:43.641457+00', '2026-04-27 20:57:43.641457+00', '2026-04-27 20:57:43.641457+00');
INSERT INTO public.questions_answered (id, session_id, question_id, option_chosen_id, numeric_answer, selected_option_ids, answered_at, created_at, updated_at) VALUES ('14ffa31c-2f2d-48c1-a14c-7741d3fb4cd0', '9cf6fc17-c7a9-43ca-b495-95296a610405', '4185caac-f3a8-451c-bf3b-682be4dbd0ac', NULL, 6, NULL, '2026-04-27 20:57:43.641457+00', '2026-04-27 20:57:43.641457+00', '2026-04-27 20:57:43.641457+00');
INSERT INTO public.questions_answered (id, session_id, question_id, option_chosen_id, numeric_answer, selected_option_ids, answered_at, created_at, updated_at) VALUES ('687fe5e0-d220-4a3e-9a25-7f49e845595b', '9cf6fc17-c7a9-43ca-b495-95296a610405', '36f4ebd9-86cf-40c2-8ac3-34395b19ed8d', '3fa5a93a-9ae6-47f3-bda0-cf2edfe5dd71', NULL, NULL, '2026-04-27 20:57:43.641457+00', '2026-04-27 20:57:43.641457+00', '2026-04-27 20:57:43.641457+00');
INSERT INTO public.questions_answered (id, session_id, question_id, option_chosen_id, numeric_answer, selected_option_ids, answered_at, created_at, updated_at) VALUES ('14ad9111-2c28-46f8-a8bc-71629cba0575', '9cf6fc17-c7a9-43ca-b495-95296a610405', '691083bc-cf0d-4110-99b1-4b941ba21433', '74a38d86-cb88-4c8b-a291-410080761c20', NULL, NULL, '2026-04-27 20:57:43.641457+00', '2026-04-27 20:57:43.641457+00', '2026-04-27 20:57:43.641457+00');
INSERT INTO public.questions_answered (id, session_id, question_id, option_chosen_id, numeric_answer, selected_option_ids, answered_at, created_at, updated_at) VALUES ('aaf7bd60-e23a-4797-b240-02acaf5995b9', '9cf6fc17-c7a9-43ca-b495-95296a610405', '71c01e18-07a0-4ef2-b1eb-c77c22b7a150', '95a1ce01-95c3-4a49-bfc8-7544365faae6', NULL, NULL, '2026-04-27 20:57:43.641457+00', '2026-04-27 20:57:43.641457+00', '2026-04-27 20:57:43.641457+00');
INSERT INTO public.questions_answered (id, session_id, question_id, option_chosen_id, numeric_answer, selected_option_ids, answered_at, created_at, updated_at) VALUES ('b6bc8d5e-378c-4116-830f-da50bd261582', 'fbc6c907-1bbe-4cef-94ae-66b52bab82e9', 'c61a3231-f8be-401d-a56b-98a32bb9872a', NULL, NULL, '{19dd0ef6-66e1-420a-8b83-c6197c69b4ce,55f29ffc-bd7c-43e5-99da-94df7d3c4463,bd56869e-fd5e-402a-9e46-beb874c064f7,66293fc0-da67-4ebf-ae06-b0f92d2eb410}', '2026-04-27 20:57:43.641457+00', '2026-04-27 20:57:43.641457+00', '2026-04-27 20:57:43.641457+00');
INSERT INTO public.questions_answered (id, session_id, question_id, option_chosen_id, numeric_answer, selected_option_ids, answered_at, created_at, updated_at) VALUES ('2fa3ff46-a2aa-4e34-b784-396d608ec116', 'fbc6c907-1bbe-4cef-94ae-66b52bab82e9', 'ce0099da-72de-430a-8f4c-5f74ec35ccae', NULL, NULL, '{788f446d-8708-46c3-a8a4-db7a1e821b6c,1826cc04-842e-4100-8a0b-1d587597230c,994bbc64-0de0-4224-aaea-91df9840fdc5,10a68db9-aa3e-4f77-af4d-96076e16c6eb}', '2026-04-27 20:57:43.641457+00', '2026-04-27 20:57:43.641457+00', '2026-04-27 20:57:43.641457+00');
INSERT INTO public.questions_answered (id, session_id, question_id, option_chosen_id, numeric_answer, selected_option_ids, answered_at, created_at, updated_at) VALUES ('c5136bbf-ed70-4f20-98c4-3e5df73d4e0e', 'fbc6c907-1bbe-4cef-94ae-66b52bab82e9', '4185caac-f3a8-451c-bf3b-682be4dbd0ac', NULL, 1, NULL, '2026-04-27 20:57:43.641457+00', '2026-04-27 20:57:43.641457+00', '2026-04-27 20:57:43.641457+00');
INSERT INTO public.questions_answered (id, session_id, question_id, option_chosen_id, numeric_answer, selected_option_ids, answered_at, created_at, updated_at) VALUES ('7fbc18f6-416a-4ed4-9b06-494a21bceb3d', 'fbc6c907-1bbe-4cef-94ae-66b52bab82e9', '36f4ebd9-86cf-40c2-8ac3-34395b19ed8d', '54638e70-8f91-49a0-850a-3b692cadb837', NULL, NULL, '2026-04-27 20:57:43.641457+00', '2026-04-27 20:57:43.641457+00', '2026-04-27 20:57:43.641457+00');
INSERT INTO public.questions_answered (id, session_id, question_id, option_chosen_id, numeric_answer, selected_option_ids, answered_at, created_at, updated_at) VALUES ('545c4340-632e-41fb-8088-e791668cd09e', 'fbc6c907-1bbe-4cef-94ae-66b52bab82e9', '691083bc-cf0d-4110-99b1-4b941ba21433', '71294f95-159b-49ff-814f-a344bcc99224', NULL, NULL, '2026-04-27 20:57:43.641457+00', '2026-04-27 20:57:43.641457+00', '2026-04-27 20:57:43.641457+00');
INSERT INTO public.questions_answered (id, session_id, question_id, option_chosen_id, numeric_answer, selected_option_ids, answered_at, created_at, updated_at) VALUES ('bbce4d81-f4f7-46fd-91cf-73c6ba9e65a4', 'fbc6c907-1bbe-4cef-94ae-66b52bab82e9', '71c01e18-07a0-4ef2-b1eb-c77c22b7a150', 'f5824aab-fd0a-439d-bf64-5039cab72b51', NULL, NULL, '2026-04-27 20:57:43.641457+00', '2026-04-27 20:57:43.641457+00', '2026-04-27 20:57:43.641457+00');
INSERT INTO public.questions_answered (id, session_id, question_id, option_chosen_id, numeric_answer, selected_option_ids, answered_at, created_at, updated_at) VALUES ('e2a9a88c-3485-4c50-b09f-392f4b20c68a', '45347c02-4a58-45db-9140-e50f3dd272bc', 'c61a3231-f8be-401d-a56b-98a32bb9872a', NULL, NULL, '{19dd0ef6-66e1-420a-8b83-c6197c69b4ce}', '2026-04-27 20:57:43.641457+00', '2026-04-27 20:57:43.641457+00', '2026-04-27 20:57:43.641457+00');
INSERT INTO public.questions_answered (id, session_id, question_id, option_chosen_id, numeric_answer, selected_option_ids, answered_at, created_at, updated_at) VALUES ('14574a49-d527-48d3-b7df-13fa1ddb8a86', '45347c02-4a58-45db-9140-e50f3dd272bc', 'ce0099da-72de-430a-8f4c-5f74ec35ccae', NULL, NULL, '{788f446d-8708-46c3-a8a4-db7a1e821b6c}', '2026-04-27 20:57:43.641457+00', '2026-04-27 20:57:43.641457+00', '2026-04-27 20:57:43.641457+00');
INSERT INTO public.questions_answered (id, session_id, question_id, option_chosen_id, numeric_answer, selected_option_ids, answered_at, created_at, updated_at) VALUES ('b4dd1d88-5dce-4e28-8b8f-c24134797ee9', '45347c02-4a58-45db-9140-e50f3dd272bc', '4185caac-f3a8-451c-bf3b-682be4dbd0ac', NULL, 4, NULL, '2026-04-27 20:57:43.641457+00', '2026-04-27 20:57:43.641457+00', '2026-04-27 20:57:43.641457+00');
INSERT INTO public.questions_answered (id, session_id, question_id, option_chosen_id, numeric_answer, selected_option_ids, answered_at, created_at, updated_at) VALUES ('a6882f73-4daa-4c01-a8be-bc8bb42da351', '45347c02-4a58-45db-9140-e50f3dd272bc', '36f4ebd9-86cf-40c2-8ac3-34395b19ed8d', '481fbf5b-80b0-45eb-a443-29ebb8e77660', NULL, NULL, '2026-04-27 20:57:43.641457+00', '2026-04-27 20:57:43.641457+00', '2026-04-27 20:57:43.641457+00');
INSERT INTO public.questions_answered (id, session_id, question_id, option_chosen_id, numeric_answer, selected_option_ids, answered_at, created_at, updated_at) VALUES ('51a86a58-c2ed-455e-a78c-0a6a3bd28fd7', '45347c02-4a58-45db-9140-e50f3dd272bc', '691083bc-cf0d-4110-99b1-4b941ba21433', '5eb45007-c3b7-4b0e-b9cb-8c6aef4dbf66', NULL, NULL, '2026-04-27 20:57:43.641457+00', '2026-04-27 20:57:43.641457+00', '2026-04-27 20:57:43.641457+00');
INSERT INTO public.questions_answered (id, session_id, question_id, option_chosen_id, numeric_answer, selected_option_ids, answered_at, created_at, updated_at) VALUES ('7d5f2272-d306-4660-9639-88a437120ec4', '45347c02-4a58-45db-9140-e50f3dd272bc', '71c01e18-07a0-4ef2-b1eb-c77c22b7a150', '8e24be8c-221a-47c3-b95a-07acd72a1387', NULL, NULL, '2026-04-27 20:57:43.641457+00', '2026-04-27 20:57:43.641457+00', '2026-04-27 20:57:43.641457+00');
INSERT INTO public.questions_answered (id, session_id, question_id, option_chosen_id, numeric_answer, selected_option_ids, answered_at, created_at, updated_at) VALUES ('01465131-efab-454a-bd76-95c00c884128', 'c7485c48-a3f0-434a-bfdd-19e59a1edf16', 'c61a3231-f8be-401d-a56b-98a32bb9872a', NULL, NULL, '{19dd0ef6-66e1-420a-8b83-c6197c69b4ce,55f29ffc-bd7c-43e5-99da-94df7d3c4463}', '2026-04-27 20:57:43.641457+00', '2026-04-27 20:57:43.641457+00', '2026-04-27 20:57:43.641457+00');
INSERT INTO public.questions_answered (id, session_id, question_id, option_chosen_id, numeric_answer, selected_option_ids, answered_at, created_at, updated_at) VALUES ('49a9b566-dda8-419f-aef6-bf2e62bfd009', 'c7485c48-a3f0-434a-bfdd-19e59a1edf16', 'ce0099da-72de-430a-8f4c-5f74ec35ccae', NULL, NULL, '{788f446d-8708-46c3-a8a4-db7a1e821b6c,1826cc04-842e-4100-8a0b-1d587597230c}', '2026-04-27 20:57:43.641457+00', '2026-04-27 20:57:43.641457+00', '2026-04-27 20:57:43.641457+00');
INSERT INTO public.questions_answered (id, session_id, question_id, option_chosen_id, numeric_answer, selected_option_ids, answered_at, created_at, updated_at) VALUES ('2fe3210b-6a01-4296-8aa0-f05d83e620a7', 'c7485c48-a3f0-434a-bfdd-19e59a1edf16', '4185caac-f3a8-451c-bf3b-682be4dbd0ac', NULL, 7, NULL, '2026-04-27 20:57:43.641457+00', '2026-04-27 20:57:43.641457+00', '2026-04-27 20:57:43.641457+00');
INSERT INTO public.questions_answered (id, session_id, question_id, option_chosen_id, numeric_answer, selected_option_ids, answered_at, created_at, updated_at) VALUES ('b462f80f-2cd8-42f7-8437-e4bb8731494e', 'c7485c48-a3f0-434a-bfdd-19e59a1edf16', '36f4ebd9-86cf-40c2-8ac3-34395b19ed8d', 'ede5c303-b9f2-4b46-a0ff-960ff63bfc09', NULL, NULL, '2026-04-27 20:57:43.641457+00', '2026-04-27 20:57:43.641457+00', '2026-04-27 20:57:43.641457+00');
INSERT INTO public.questions_answered (id, session_id, question_id, option_chosen_id, numeric_answer, selected_option_ids, answered_at, created_at, updated_at) VALUES ('d791eead-c3f2-435f-a33f-2142760f6ced', 'c7485c48-a3f0-434a-bfdd-19e59a1edf16', '691083bc-cf0d-4110-99b1-4b941ba21433', '9a94789a-8ae7-4c88-a990-d2a4b05c20cb', NULL, NULL, '2026-04-27 20:57:43.641457+00', '2026-04-27 20:57:43.641457+00', '2026-04-27 20:57:43.641457+00');
INSERT INTO public.questions_answered (id, session_id, question_id, option_chosen_id, numeric_answer, selected_option_ids, answered_at, created_at, updated_at) VALUES ('5ace897a-dba4-46d9-a736-ca1abdc2317b', 'c7485c48-a3f0-434a-bfdd-19e59a1edf16', '71c01e18-07a0-4ef2-b1eb-c77c22b7a150', 'd112a722-41d4-49cb-9666-41eedef948d8', NULL, NULL, '2026-04-27 20:57:43.641457+00', '2026-04-27 20:57:43.641457+00', '2026-04-27 20:57:43.641457+00');
INSERT INTO public.questions_answered (id, session_id, question_id, option_chosen_id, numeric_answer, selected_option_ids, answered_at, created_at, updated_at) VALUES ('747e8454-b333-480f-b70c-915fe78b3e48', 'd41260fd-5871-4c56-813d-d53da877e9aa', 'c61a3231-f8be-401d-a56b-98a32bb9872a', NULL, NULL, '{19dd0ef6-66e1-420a-8b83-c6197c69b4ce,55f29ffc-bd7c-43e5-99da-94df7d3c4463,bd56869e-fd5e-402a-9e46-beb874c064f7}', '2026-04-27 20:57:43.641457+00', '2026-04-27 20:57:43.641457+00', '2026-04-27 20:57:43.641457+00');
INSERT INTO public.questions_answered (id, session_id, question_id, option_chosen_id, numeric_answer, selected_option_ids, answered_at, created_at, updated_at) VALUES ('730f2d49-1531-4b7d-add9-434e2790d81c', 'd41260fd-5871-4c56-813d-d53da877e9aa', 'ce0099da-72de-430a-8f4c-5f74ec35ccae', NULL, NULL, '{788f446d-8708-46c3-a8a4-db7a1e821b6c,1826cc04-842e-4100-8a0b-1d587597230c,994bbc64-0de0-4224-aaea-91df9840fdc5}', '2026-04-27 20:57:43.641457+00', '2026-04-27 20:57:43.641457+00', '2026-04-27 20:57:43.641457+00');
INSERT INTO public.questions_answered (id, session_id, question_id, option_chosen_id, numeric_answer, selected_option_ids, answered_at, created_at, updated_at) VALUES ('067f1088-79c9-4b29-8601-11f3621eff16', 'd41260fd-5871-4c56-813d-d53da877e9aa', '4185caac-f3a8-451c-bf3b-682be4dbd0ac', NULL, 2, NULL, '2026-04-27 20:57:43.641457+00', '2026-04-27 20:57:43.641457+00', '2026-04-27 20:57:43.641457+00');
INSERT INTO public.questions_answered (id, session_id, question_id, option_chosen_id, numeric_answer, selected_option_ids, answered_at, created_at, updated_at) VALUES ('56e0bafe-5d57-4fb6-b214-f0a6b73886ea', 'd41260fd-5871-4c56-813d-d53da877e9aa', '36f4ebd9-86cf-40c2-8ac3-34395b19ed8d', '3fa5a93a-9ae6-47f3-bda0-cf2edfe5dd71', NULL, NULL, '2026-04-27 20:57:43.641457+00', '2026-04-27 20:57:43.641457+00', '2026-04-27 20:57:43.641457+00');
INSERT INTO public.questions_answered (id, session_id, question_id, option_chosen_id, numeric_answer, selected_option_ids, answered_at, created_at, updated_at) VALUES ('27241914-d5c5-49df-ba09-48f630e02bc8', 'd41260fd-5871-4c56-813d-d53da877e9aa', '691083bc-cf0d-4110-99b1-4b941ba21433', '74a38d86-cb88-4c8b-a291-410080761c20', NULL, NULL, '2026-04-27 20:57:43.641457+00', '2026-04-27 20:57:43.641457+00', '2026-04-27 20:57:43.641457+00');
INSERT INTO public.questions_answered (id, session_id, question_id, option_chosen_id, numeric_answer, selected_option_ids, answered_at, created_at, updated_at) VALUES ('e8035c5a-1ba0-4be6-9d7c-2ed75b49dc0b', 'd41260fd-5871-4c56-813d-d53da877e9aa', '71c01e18-07a0-4ef2-b1eb-c77c22b7a150', '95a1ce01-95c3-4a49-bfc8-7544365faae6', NULL, NULL, '2026-04-27 20:57:43.641457+00', '2026-04-27 20:57:43.641457+00', '2026-04-27 20:57:43.641457+00');
INSERT INTO public.questions_answered (id, session_id, question_id, option_chosen_id, numeric_answer, selected_option_ids, answered_at, created_at, updated_at) VALUES ('172ca5a8-cd1b-4431-8ea6-a0c909f00f75', 'db3d1c5f-25b9-43d6-9945-e45e824a3620', 'c61a3231-f8be-401d-a56b-98a32bb9872a', NULL, NULL, '{19dd0ef6-66e1-420a-8b83-c6197c69b4ce}', '2026-04-27 20:57:43.641457+00', '2026-04-27 20:57:43.641457+00', '2026-04-27 20:57:43.641457+00');
INSERT INTO public.questions_answered (id, session_id, question_id, option_chosen_id, numeric_answer, selected_option_ids, answered_at, created_at, updated_at) VALUES ('3aefd033-2ae4-4e3a-b84f-1f737c6afa7f', '99e327ac-4fcb-4a00-a7e9-ca4e0bfae192', 'c61a3231-f8be-401d-a56b-98a32bb9872a', NULL, NULL, '{19dd0ef6-66e1-420a-8b83-c6197c69b4ce}', '2026-04-27 20:57:43.641457+00', '2026-04-27 20:57:43.641457+00', '2026-04-27 20:57:43.641457+00');
INSERT INTO public.questions_answered (id, session_id, question_id, option_chosen_id, numeric_answer, selected_option_ids, answered_at, created_at, updated_at) VALUES ('c568dbfd-bb0f-4147-a972-6c2a7a2fc0c0', '0f3ddf2e-5a17-4144-82a3-55ec1386fb2f', '13eacc8b-cfad-4f28-b10d-ed0e7526af5c', '8467671f-4cd5-4fcd-8ba8-5e30b574a362', NULL, NULL, '2026-04-27 20:57:45.25383+00', '2026-04-27 20:57:45.25383+00', '2026-04-27 20:57:45.25383+00');
INSERT INTO public.questions_answered (id, session_id, question_id, option_chosen_id, numeric_answer, selected_option_ids, answered_at, created_at, updated_at) VALUES ('e12481b9-485e-4db5-960f-dc7399de667a', '0f3ddf2e-5a17-4144-82a3-55ec1386fb2f', '3c57f847-f75a-42ba-99f3-e8433288c427', 'f3b4504c-be90-4377-bf64-6da37722d292', NULL, NULL, '2026-04-27 20:57:45.25383+00', '2026-04-27 20:57:45.25383+00', '2026-04-27 20:57:45.25383+00');
INSERT INTO public.questions_answered (id, session_id, question_id, option_chosen_id, numeric_answer, selected_option_ids, answered_at, created_at, updated_at) VALUES ('379d56e7-7fe5-41a6-8069-c03ae6f786d8', '0f3ddf2e-5a17-4144-82a3-55ec1386fb2f', '56f93a6e-984c-4152-acdf-f8741918edb7', NULL, 3, NULL, '2026-04-27 20:57:45.25383+00', '2026-04-27 20:57:45.25383+00', '2026-04-27 20:57:45.25383+00');
INSERT INTO public.questions_answered (id, session_id, question_id, option_chosen_id, numeric_answer, selected_option_ids, answered_at, created_at, updated_at) VALUES ('279e5498-c772-4359-974a-44289dd681b7', '0f3ddf2e-5a17-4144-82a3-55ec1386fb2f', 'dfd48232-ca02-487a-9cde-8eceea5c320f', '29a73816-21e4-4b80-8b0d-c5c93b72ccce', NULL, NULL, '2026-04-27 20:57:45.25383+00', '2026-04-27 20:57:45.25383+00', '2026-04-27 20:57:45.25383+00');
INSERT INTO public.questions_answered (id, session_id, question_id, option_chosen_id, numeric_answer, selected_option_ids, answered_at, created_at, updated_at) VALUES ('ec74bee6-4a6d-4624-9df9-4d174cf0f6ad', '0f3ddf2e-5a17-4144-82a3-55ec1386fb2f', 'a8c171cc-5584-4cc9-8124-2a3d4f5be62c', NULL, NULL, '{02b51478-33cd-4174-9e71-4dd79f1137f5,b6f27afd-5430-436b-9021-75fa370e909d}', '2026-04-27 20:57:45.25383+00', '2026-04-27 20:57:45.25383+00', '2026-04-27 20:57:45.25383+00');
INSERT INTO public.questions_answered (id, session_id, question_id, option_chosen_id, numeric_answer, selected_option_ids, answered_at, created_at, updated_at) VALUES ('0772f10c-e902-48a0-bf6d-be701dac2be5', '730fc4db-dc33-42ec-a4ee-3ce5b8c43414', '13eacc8b-cfad-4f28-b10d-ed0e7526af5c', '963cc8f9-bfd9-4212-883e-18e226fc2043', NULL, NULL, '2026-04-27 20:57:45.25383+00', '2026-04-27 20:57:45.25383+00', '2026-04-27 20:57:45.25383+00');
INSERT INTO public.questions_answered (id, session_id, question_id, option_chosen_id, numeric_answer, selected_option_ids, answered_at, created_at, updated_at) VALUES ('7dc3c63a-87a7-4233-9738-e2c7bfcc7e91', '730fc4db-dc33-42ec-a4ee-3ce5b8c43414', '3c57f847-f75a-42ba-99f3-e8433288c427', 'd3921c84-d78b-476c-84ba-558a3d75c0cb', NULL, NULL, '2026-04-27 20:57:45.25383+00', '2026-04-27 20:57:45.25383+00', '2026-04-27 20:57:45.25383+00');
INSERT INTO public.questions_answered (id, session_id, question_id, option_chosen_id, numeric_answer, selected_option_ids, answered_at, created_at, updated_at) VALUES ('9b9b160f-bf42-4ecc-bafa-534b67bafadd', '730fc4db-dc33-42ec-a4ee-3ce5b8c43414', '56f93a6e-984c-4152-acdf-f8741918edb7', NULL, 6, NULL, '2026-04-27 20:57:45.25383+00', '2026-04-27 20:57:45.25383+00', '2026-04-27 20:57:45.25383+00');
INSERT INTO public.questions_answered (id, session_id, question_id, option_chosen_id, numeric_answer, selected_option_ids, answered_at, created_at, updated_at) VALUES ('134d1c7c-6e21-4a73-9210-e4fab1763d11', '730fc4db-dc33-42ec-a4ee-3ce5b8c43414', 'dfd48232-ca02-487a-9cde-8eceea5c320f', '52bc15cb-ce0c-4370-a579-b5f38b639f53', NULL, NULL, '2026-04-27 20:57:45.25383+00', '2026-04-27 20:57:45.25383+00', '2026-04-27 20:57:45.25383+00');
INSERT INTO public.questions_answered (id, session_id, question_id, option_chosen_id, numeric_answer, selected_option_ids, answered_at, created_at, updated_at) VALUES ('d05b5b20-92fd-4c69-95b6-08707cffbdb8', '730fc4db-dc33-42ec-a4ee-3ce5b8c43414', 'a8c171cc-5584-4cc9-8124-2a3d4f5be62c', NULL, NULL, '{02b51478-33cd-4174-9e71-4dd79f1137f5,b6f27afd-5430-436b-9021-75fa370e909d,e4e3e2d6-f97c-4a2e-9dfe-de15beb518c1}', '2026-04-27 20:57:45.25383+00', '2026-04-27 20:57:45.25383+00', '2026-04-27 20:57:45.25383+00');
INSERT INTO public.questions_answered (id, session_id, question_id, option_chosen_id, numeric_answer, selected_option_ids, answered_at, created_at, updated_at) VALUES ('96ba669a-ed18-49d2-a4ec-f5ce208e4d2e', '90f8c08a-7247-4e82-9159-4a2aa37b1f46', '13eacc8b-cfad-4f28-b10d-ed0e7526af5c', '242f8dcb-6a8d-48f3-aef7-47714a3ce227', NULL, NULL, '2026-04-27 20:57:45.25383+00', '2026-04-27 20:57:45.25383+00', '2026-04-27 20:57:45.25383+00');
INSERT INTO public.questions_answered (id, session_id, question_id, option_chosen_id, numeric_answer, selected_option_ids, answered_at, created_at, updated_at) VALUES ('5bdd0f12-7807-4b91-b0c5-f40db3406176', '90f8c08a-7247-4e82-9159-4a2aa37b1f46', '3c57f847-f75a-42ba-99f3-e8433288c427', '84463c52-0654-410a-80df-39e0aeafa46a', NULL, NULL, '2026-04-27 20:57:45.25383+00', '2026-04-27 20:57:45.25383+00', '2026-04-27 20:57:45.25383+00');
INSERT INTO public.questions_answered (id, session_id, question_id, option_chosen_id, numeric_answer, selected_option_ids, answered_at, created_at, updated_at) VALUES ('126ab49b-c44f-4233-8db9-c60b7770d132', '90f8c08a-7247-4e82-9159-4a2aa37b1f46', '56f93a6e-984c-4152-acdf-f8741918edb7', NULL, 9, NULL, '2026-04-27 20:57:45.25383+00', '2026-04-27 20:57:45.25383+00', '2026-04-27 20:57:45.25383+00');
INSERT INTO public.questions_answered (id, session_id, question_id, option_chosen_id, numeric_answer, selected_option_ids, answered_at, created_at, updated_at) VALUES ('65a7a42c-e127-423c-b6c8-98f89e4bacf4', '90f8c08a-7247-4e82-9159-4a2aa37b1f46', 'dfd48232-ca02-487a-9cde-8eceea5c320f', 'fc022d53-5d97-470b-b836-655558a5afa2', NULL, NULL, '2026-04-27 20:57:45.25383+00', '2026-04-27 20:57:45.25383+00', '2026-04-27 20:57:45.25383+00');
INSERT INTO public.questions_answered (id, session_id, question_id, option_chosen_id, numeric_answer, selected_option_ids, answered_at, created_at, updated_at) VALUES ('5294a8f5-b48b-41e3-9643-0b0915dcc531', '90f8c08a-7247-4e82-9159-4a2aa37b1f46', 'a8c171cc-5584-4cc9-8124-2a3d4f5be62c', NULL, NULL, '{02b51478-33cd-4174-9e71-4dd79f1137f5,b6f27afd-5430-436b-9021-75fa370e909d,e4e3e2d6-f97c-4a2e-9dfe-de15beb518c1,9d7e2823-3bbe-4826-b085-ff5451ed8912}', '2026-04-27 20:57:45.25383+00', '2026-04-27 20:57:45.25383+00', '2026-04-27 20:57:45.25383+00');
INSERT INTO public.questions_answered (id, session_id, question_id, option_chosen_id, numeric_answer, selected_option_ids, answered_at, created_at, updated_at) VALUES ('0cde6356-7585-447a-9deb-69d487d807d1', '986fdbfd-9085-4202-a5ed-3bd8aed4a84d', '13eacc8b-cfad-4f28-b10d-ed0e7526af5c', '997c3cb6-8231-4851-90f6-9ca101700a27', NULL, NULL, '2026-04-27 20:57:45.25383+00', '2026-04-27 20:57:45.25383+00', '2026-04-27 20:57:45.25383+00');
INSERT INTO public.questions_answered (id, session_id, question_id, option_chosen_id, numeric_answer, selected_option_ids, answered_at, created_at, updated_at) VALUES ('291cbb8d-a5e8-4cfe-9414-324923a87b18', '986fdbfd-9085-4202-a5ed-3bd8aed4a84d', '3c57f847-f75a-42ba-99f3-e8433288c427', 'e3065efb-a8df-42f3-a785-64d6c504d26b', NULL, NULL, '2026-04-27 20:57:45.25383+00', '2026-04-27 20:57:45.25383+00', '2026-04-27 20:57:45.25383+00');
INSERT INTO public.questions_answered (id, session_id, question_id, option_chosen_id, numeric_answer, selected_option_ids, answered_at, created_at, updated_at) VALUES ('69042ef2-7592-4f77-ab77-51cbb4710f10', '986fdbfd-9085-4202-a5ed-3bd8aed4a84d', '56f93a6e-984c-4152-acdf-f8741918edb7', NULL, 1, NULL, '2026-04-27 20:57:45.25383+00', '2026-04-27 20:57:45.25383+00', '2026-04-27 20:57:45.25383+00');
INSERT INTO public.questions_answered (id, session_id, question_id, option_chosen_id, numeric_answer, selected_option_ids, answered_at, created_at, updated_at) VALUES ('4c1504f6-264a-4758-953f-66b874ac0532', '986fdbfd-9085-4202-a5ed-3bd8aed4a84d', 'dfd48232-ca02-487a-9cde-8eceea5c320f', 'b963d8c9-a44e-4ea0-a945-46b5940a39c7', NULL, NULL, '2026-04-27 20:57:45.25383+00', '2026-04-27 20:57:45.25383+00', '2026-04-27 20:57:45.25383+00');
INSERT INTO public.questions_answered (id, session_id, question_id, option_chosen_id, numeric_answer, selected_option_ids, answered_at, created_at, updated_at) VALUES ('1e8faae6-5d44-4c38-a548-ff54cfaed3b3', '986fdbfd-9085-4202-a5ed-3bd8aed4a84d', 'a8c171cc-5584-4cc9-8124-2a3d4f5be62c', NULL, NULL, '{02b51478-33cd-4174-9e71-4dd79f1137f5}', '2026-04-27 20:57:45.25383+00', '2026-04-27 20:57:45.25383+00', '2026-04-27 20:57:45.25383+00');
INSERT INTO public.questions_answered (id, session_id, question_id, option_chosen_id, numeric_answer, selected_option_ids, answered_at, created_at, updated_at) VALUES ('90dff59b-d7c4-4455-af1b-3effcb9f7c32', 'd5afdf89-67a7-4bc6-96b4-c8f64ba3864e', '13eacc8b-cfad-4f28-b10d-ed0e7526af5c', '8467671f-4cd5-4fcd-8ba8-5e30b574a362', NULL, NULL, '2026-04-27 20:57:45.25383+00', '2026-04-27 20:57:45.25383+00', '2026-04-27 20:57:45.25383+00');
INSERT INTO public.questions_answered (id, session_id, question_id, option_chosen_id, numeric_answer, selected_option_ids, answered_at, created_at, updated_at) VALUES ('c517ea41-d028-4bb8-8417-1c342bd6dc69', 'd5afdf89-67a7-4bc6-96b4-c8f64ba3864e', '3c57f847-f75a-42ba-99f3-e8433288c427', 'f3b4504c-be90-4377-bf64-6da37722d292', NULL, NULL, '2026-04-27 20:57:45.25383+00', '2026-04-27 20:57:45.25383+00', '2026-04-27 20:57:45.25383+00');
INSERT INTO public.questions_answered (id, session_id, question_id, option_chosen_id, numeric_answer, selected_option_ids, answered_at, created_at, updated_at) VALUES ('d31f7737-f6ab-47a7-85cf-e1bd22e36dcd', 'd5afdf89-67a7-4bc6-96b4-c8f64ba3864e', '56f93a6e-984c-4152-acdf-f8741918edb7', NULL, 4, NULL, '2026-04-27 20:57:45.25383+00', '2026-04-27 20:57:45.25383+00', '2026-04-27 20:57:45.25383+00');
INSERT INTO public.questions_answered (id, session_id, question_id, option_chosen_id, numeric_answer, selected_option_ids, answered_at, created_at, updated_at) VALUES ('685a5385-d1c8-43dd-b811-f666901d2a35', 'd5afdf89-67a7-4bc6-96b4-c8f64ba3864e', 'dfd48232-ca02-487a-9cde-8eceea5c320f', '29a73816-21e4-4b80-8b0d-c5c93b72ccce', NULL, NULL, '2026-04-27 20:57:45.25383+00', '2026-04-27 20:57:45.25383+00', '2026-04-27 20:57:45.25383+00');
INSERT INTO public.questions_answered (id, session_id, question_id, option_chosen_id, numeric_answer, selected_option_ids, answered_at, created_at, updated_at) VALUES ('66458b5d-dbc9-4cd3-a263-3e027137b227', 'd5afdf89-67a7-4bc6-96b4-c8f64ba3864e', 'a8c171cc-5584-4cc9-8124-2a3d4f5be62c', NULL, NULL, '{02b51478-33cd-4174-9e71-4dd79f1137f5,b6f27afd-5430-436b-9021-75fa370e909d}', '2026-04-27 20:57:45.25383+00', '2026-04-27 20:57:45.25383+00', '2026-04-27 20:57:45.25383+00');
INSERT INTO public.questions_answered (id, session_id, question_id, option_chosen_id, numeric_answer, selected_option_ids, answered_at, created_at, updated_at) VALUES ('ba9d20d4-95e2-4ddb-afb2-f32be757ec13', '60dc967d-faa6-4800-a569-1f74c773647b', '13eacc8b-cfad-4f28-b10d-ed0e7526af5c', '963cc8f9-bfd9-4212-883e-18e226fc2043', NULL, NULL, '2026-04-27 20:57:45.25383+00', '2026-04-27 20:57:45.25383+00', '2026-04-27 20:57:45.25383+00');
INSERT INTO public.questions_answered (id, session_id, question_id, option_chosen_id, numeric_answer, selected_option_ids, answered_at, created_at, updated_at) VALUES ('99437f98-b8fd-4dba-9feb-efb1efbacec0', '60dc967d-faa6-4800-a569-1f74c773647b', '3c57f847-f75a-42ba-99f3-e8433288c427', 'd3921c84-d78b-476c-84ba-558a3d75c0cb', NULL, NULL, '2026-04-27 20:57:45.25383+00', '2026-04-27 20:57:45.25383+00', '2026-04-27 20:57:45.25383+00');
INSERT INTO public.questions_answered (id, session_id, question_id, option_chosen_id, numeric_answer, selected_option_ids, answered_at, created_at, updated_at) VALUES ('cf830cb9-2464-45b2-aaa8-696a748385f6', '60dc967d-faa6-4800-a569-1f74c773647b', '56f93a6e-984c-4152-acdf-f8741918edb7', NULL, 7, NULL, '2026-04-27 20:57:45.25383+00', '2026-04-27 20:57:45.25383+00', '2026-04-27 20:57:45.25383+00');
INSERT INTO public.questions_answered (id, session_id, question_id, option_chosen_id, numeric_answer, selected_option_ids, answered_at, created_at, updated_at) VALUES ('adca3869-349d-42c1-bee3-e18d1f587325', '60dc967d-faa6-4800-a569-1f74c773647b', 'dfd48232-ca02-487a-9cde-8eceea5c320f', '52bc15cb-ce0c-4370-a579-b5f38b639f53', NULL, NULL, '2026-04-27 20:57:45.25383+00', '2026-04-27 20:57:45.25383+00', '2026-04-27 20:57:45.25383+00');
INSERT INTO public.questions_answered (id, session_id, question_id, option_chosen_id, numeric_answer, selected_option_ids, answered_at, created_at, updated_at) VALUES ('1aba3ba4-0f70-4982-ae9d-1d2cd8c78d87', '60dc967d-faa6-4800-a569-1f74c773647b', 'a8c171cc-5584-4cc9-8124-2a3d4f5be62c', NULL, NULL, '{02b51478-33cd-4174-9e71-4dd79f1137f5,b6f27afd-5430-436b-9021-75fa370e909d,e4e3e2d6-f97c-4a2e-9dfe-de15beb518c1}', '2026-04-27 20:57:45.25383+00', '2026-04-27 20:57:45.25383+00', '2026-04-27 20:57:45.25383+00');
INSERT INTO public.questions_answered (id, session_id, question_id, option_chosen_id, numeric_answer, selected_option_ids, answered_at, created_at, updated_at) VALUES ('605e1f01-97b2-4976-928c-c47b676a2763', '4c306598-164b-4fbd-b4c3-898f145bb551', '13eacc8b-cfad-4f28-b10d-ed0e7526af5c', '997c3cb6-8231-4851-90f6-9ca101700a27', NULL, NULL, '2026-04-27 20:57:45.25383+00', '2026-04-27 20:57:45.25383+00', '2026-04-27 20:57:45.25383+00');
INSERT INTO public.questions_answered (id, session_id, question_id, option_chosen_id, numeric_answer, selected_option_ids, answered_at, created_at, updated_at) VALUES ('28c7de5e-9d43-41e8-8319-76ba469daeaa', '28b24b0c-9c32-4aae-a249-0154fbcf9a2f', '13eacc8b-cfad-4f28-b10d-ed0e7526af5c', '997c3cb6-8231-4851-90f6-9ca101700a27', NULL, NULL, '2026-04-27 20:57:45.25383+00', '2026-04-27 20:57:45.25383+00', '2026-04-27 20:57:45.25383+00');
INSERT INTO public.result (id, quiz_id, title_text, description, cta_text, cta_url, range_lo, range_hi, created_at, updated_at) VALUES ('515b8f2c-fef6-4be3-a644-ff2c1a3c1491', '0fba976c-dfa8-4dfd-9eb4-fe3e0d619d0e', 'The Label Detective', 'You''ve memorized the difference between maltodextrin and dextrose, and honestly? Respect. You eat with intention, research with enthusiasm, and probably have a strong opinion about oat milk. Your grocery cart is a masterpiece of deliberate choices.', 'See how Olive can sharpen your detective skills 🔍', 'https://oliveapp.com/#features', 28, 45, '2026-04-27 20:57:18.553816+00', '2026-04-27 20:57:18.553816+00');
INSERT INTO public.result (id, quiz_id, title_text, description, cta_text, cta_url, range_lo, range_hi, created_at, updated_at) VALUES ('abbca85f-4714-4c03-8f84-06009b9a35c4', '0fba976c-dfa8-4dfd-9eb4-fe3e0d619d0e', 'The Conscious Balancer', 'You know enough to care, but you also know life is too short to skip dessert. You make thoughtful choices most of the time and extend yourself grace the rest of the time. Nutritionally self-aware, spiritually at peace.', 'Explore how Olive keeps your balance in check ⚖️', 'https://oliveapp.com/#features', 18, 27, '2026-04-27 20:57:18.553816+00', '2026-04-27 20:57:18.553816+00');
INSERT INTO public.result (id, quiz_id, title_text, description, cta_text, cta_url, range_lo, range_hi, created_at, updated_at) VALUES ('0dca912a-eb65-4afb-8930-5edf20d9294c', '0fba976c-dfa8-4dfd-9eb4-fe3e0d619d0e', 'The Cheerful Pragmatist', 'You eat what works, you enjoy what tastes good, and you''re not losing sleep over it. You''ve got bigger things to think about than grams of fiber. Life is good and so is that Tuesday takeout.', 'Let Olive do the thinking so you don''t have to 🍕', 'https://oliveapp.com/', 9, 17, '2026-04-27 20:57:18.553816+00', '2026-04-27 20:57:18.553816+00');
INSERT INTO public.result (id, quiz_id, title_text, description, cta_text, cta_url, range_lo, range_hi, created_at, updated_at) VALUES ('825214c7-f14d-463c-afef-ad6977b23c48', '0fba976c-dfa8-4dfd-9eb4-fe3e0d619d0e', 'The Blissfully Unaware', 'Food is fuel, fun, and frankly none of anyone''s business. You eat with pure instinct and zero spreadsheets, and there''s something genuinely freeing about that. Ignorance isn''t always bliss — but sometimes it totally is.', 'Discover what Olive might (gently) reveal 😇', 'https://oliveapp.com/', 0, 8, '2026-04-27 20:57:18.553816+00', '2026-04-27 20:57:18.553816+00');
INSERT INTO public.result (id, quiz_id, title_text, description, cta_text, cta_url, range_lo, range_hi, created_at, updated_at) VALUES ('4b6daa02-e766-4d38-bc66-aeba2a6ade10', '60a4bd8f-9581-427d-a114-c8b716aa51e7', 'You''re a Whole Foods Hero 🥦', 'Your diet is impressively low in ultra-processed foods. You cook, you read labels, and you''re making choices your gut bacteria are genuinely excited about. Olive can help you keep that streak going and discover even more clean-ingredient wins.', 'Explore Olive', 'https://oliveapp.com/', 0, 15, '2026-04-27 20:56:10.288666+00', '2026-04-27 20:56:10.288666+00');
INSERT INTO public.result (id, quiz_id, title_text, description, cta_text, cta_url, range_lo, range_hi, created_at, updated_at) VALUES ('a7c9500b-d0b3-4dc8-acea-8d0b9a91c968', '60a4bd8f-9581-427d-a114-c8b716aa51e7', 'Pretty Mindful, With Room to Grow 🌿', 'You''re making some solid choices, but a few ultra-processed habits are sneaking in. A little more label-reading and home cooking could make a big difference — and Olive is built to help you spot exactly where to level up.', 'See How Olive Can Help', 'https://oliveapp.com/#features', 16, 35, '2026-04-27 20:56:10.288666+00', '2026-04-27 20:56:10.288666+00');
INSERT INTO public.result (id, quiz_id, title_text, description, cta_text, cta_url, range_lo, range_hi, created_at, updated_at) VALUES ('98b6cc3a-3c23-477e-94d0-dd272b153436', '60a4bd8f-9581-427d-a114-c8b716aa51e7', 'The Processed Food Middle Ground 🤔', 'You''re somewhere in the middle — not terrible, but ultra-processed foods are definitely a regular part of your routine. The good news: small swaps add up fast. Olive makes it easy to identify what''s worth changing.', 'Start Making Smarter Swaps', 'https://oliveapp.com/#features', 36, 55, '2026-04-27 20:56:10.288666+00', '2026-04-27 20:56:10.288666+00');
INSERT INTO public.result (id, quiz_id, title_text, description, cta_text, cta_url, range_lo, range_hi, created_at, updated_at) VALUES ('e92b1db6-4792-4c64-9958-e1b298a4d5f8', '60a4bd8f-9581-427d-a114-c8b716aa51e7', 'Ultra-Processed Alert 🚨', 'Your diet is leaning heavily on ultra-processed foods, and your body is probably feeling it. The great news? You don''t have to overhaul everything overnight. Olive helps you make one better choice at a time — starting today.', 'Try Olive Today', 'https://oliveapp.com/', 56, 70, '2026-04-27 20:56:10.288666+00', '2026-04-27 20:56:10.288666+00');
INSERT INTO public.result_screen_clicked (id, session_id, result_id, created_at) VALUES ('b229f03a-9892-4258-ba05-6c78f7350fea', 'ff8ef1a4-3fda-4244-afd2-b16af3e43f05', '4b6daa02-e766-4d38-bc66-aeba2a6ade10', '2026-04-27 20:57:41.753528+00');
INSERT INTO public.result_screen_clicked (id, session_id, result_id, created_at) VALUES ('1a3c01c1-d7da-4a34-ad03-2523f7b2aa7f', 'a78192c6-0b84-4fe4-8d53-fba556b9d3b0', '4b6daa02-e766-4d38-bc66-aeba2a6ade10', '2026-04-27 20:57:41.753528+00');
INSERT INTO public.result_screen_clicked (id, session_id, result_id, created_at) VALUES ('7a3b9c07-15f8-4d6d-bef4-ba72f7de06ed', '70f8b885-60a8-4bba-8069-9f986a156567', '4b6daa02-e766-4d38-bc66-aeba2a6ade10', '2026-04-27 20:57:41.753528+00');
INSERT INTO public.result_screen_clicked (id, session_id, result_id, created_at) VALUES ('0f904a41-bf59-4468-96cb-634943fc0a7f', '0f3ddf2e-5a17-4144-82a3-55ec1386fb2f', '825214c7-f14d-463c-afef-ad6977b23c48', '2026-04-27 20:57:45.25383+00');
INSERT INTO public.result_screen_clicked (id, session_id, result_id, created_at) VALUES ('01e3a989-766d-41d1-90ee-e84768633359', '730fc4db-dc33-42ec-a4ee-3ce5b8c43414', '825214c7-f14d-463c-afef-ad6977b23c48', '2026-04-27 20:57:45.25383+00');
INSERT INTO public.result_screen_clicked (id, session_id, result_id, created_at) VALUES ('1da7c8eb-25d2-4da8-baf0-f7d40dedd7ec', '90f8c08a-7247-4e82-9159-4a2aa37b1f46', '825214c7-f14d-463c-afef-ad6977b23c48', '2026-04-27 20:57:45.25383+00');

set session_replication_role = 'origin';
