-- Demo seed: 3 example quizzes (one per type) + simulated takes
-- Auto-generated by /tmp/seed-raw.sql -> stripped to bare INSERTs
-- Re-create with: pnpm supabase db reset

set session_replication_role = 'replica';

INSERT INTO public.quiz (id, type, title, description, created_at, updated_at) VALUES ('212359b5-4fbd-4eae-94c1-251524608d1d', 'score', 'Are You Eating Too Much Ultra-Processed Food?', 'Answer a few quick questions about your daily eating habits and we''ll tell you how much ultra-processed food is sneaking into your diet — and what to do about it.', '2026-04-27 19:30:20.60376+00', '2026-04-27 19:30:20.60376+00');
INSERT INTO public.quiz (id, type, title, description, created_at, updated_at) VALUES ('44a6b0c5-188e-4ee3-850f-011d0daef90c', 'tag', 'Let''s personalize your Olive experience 🫒', 'Answer a few quick questions so we can tailor your ingredient alerts, shopping tips, and meal ideas to what actually matters to you.', '2026-04-27 19:30:55.707951+00', '2026-04-27 19:30:55.707951+00');
INSERT INTO public.quiz (id, type, title, description, created_at, updated_at) VALUES ('92f3ce75-5a8e-40d7-b6a8-4a83fcbea49d', 'card', 'What Kind of Eater Are You?', 'Five quick questions stand between you and the truth about your eating personality. No judgment — only vibes (and maybe a little self-reflection).', '2026-04-27 19:31:21.812849+00', '2026-04-27 19:31:21.812849+00');
INSERT INTO public.question (id, quiz_id, text, type, "position", created_at, updated_at) VALUES ('ce3dd17e-7c35-4e72-8ddf-e04c4cc526b1', '212359b5-4fbd-4eae-94c1-251524608d1d', 'What does your typical breakfast look like?', 'multiple_choice', 0, '2026-04-27 19:30:20.60376+00', '2026-04-27 19:30:20.60376+00');
INSERT INTO public.question (id, quiz_id, text, type, "position", created_at, updated_at) VALUES ('52d86630-5c67-40a4-875c-f202c90c30f4', '212359b5-4fbd-4eae-94c1-251524608d1d', 'How often do you flip a package over and actually read the ingredient list?', 'multiple_choice', 1, '2026-04-27 19:30:20.60376+00', '2026-04-27 19:30:20.60376+00');
INSERT INTO public.question (id, quiz_id, text, type, "position", created_at, updated_at) VALUES ('40289a12-37f8-4dbd-8575-5b95e989cc3f', '212359b5-4fbd-4eae-94c1-251524608d1d', 'How often do you cook meals at home from whole or minimally processed ingredients?', 'multiple_choice', 2, '2026-04-27 19:30:20.60376+00', '2026-04-27 19:30:20.60376+00');
INSERT INTO public.question (id, quiz_id, text, type, "position", created_at, updated_at) VALUES ('e1d55c84-584c-481a-879b-1f98717fcf51', '212359b5-4fbd-4eae-94c1-251524608d1d', 'How many times a week do you eat fast food or grab a drive-through meal?', 'multiple_choice', 3, '2026-04-27 19:30:20.60376+00', '2026-04-27 19:30:20.60376+00');
INSERT INTO public.question (id, quiz_id, text, type, "position", created_at, updated_at) VALUES ('e5475db5-0757-40d7-b154-6ce366f7a45b', '212359b5-4fbd-4eae-94c1-251524608d1d', 'Which of these packaged foods show up in your cart most weeks? (Pick all that apply)', 'select_multiple', 4, '2026-04-27 19:30:20.60376+00', '2026-04-27 19:30:20.60376+00');
INSERT INTO public.question (id, quiz_id, text, type, "position", created_at, updated_at) VALUES ('5093d846-a8e8-4c8a-b350-57fd48142639', '212359b5-4fbd-4eae-94c1-251524608d1d', 'On a scale of 0–10, how much do you rely on packaged convenience foods on a typical day?', 'slider', 5, '2026-04-27 19:30:20.60376+00', '2026-04-27 19:30:20.60376+00');
INSERT INTO public.question (id, quiz_id, text, type, "position", created_at, updated_at) VALUES ('3d650fd3-7417-4cd8-bbf0-18bdfb453e3e', '44a6b0c5-188e-4ee3-850f-011d0daef90c', 'What are your main health goals right now? Pick everything that fits.', 'select_multiple', 0, '2026-04-27 19:30:55.707951+00', '2026-04-27 19:30:55.707951+00');
INSERT INTO public.question (id, quiz_id, text, type, "position", created_at, updated_at) VALUES ('967a4551-215d-4dcf-960e-45025ab9fdfd', '44a6b0c5-188e-4ee3-850f-011d0daef90c', 'Which grocery stores do you shop at most? (Pick all that apply)', 'select_multiple', 1, '2026-04-27 19:30:55.707951+00', '2026-04-27 19:30:55.707951+00');
INSERT INTO public.question (id, quiz_id, text, type, "position", created_at, updated_at) VALUES ('ea54230e-abc7-4b71-8d31-02a4d2f44958', '44a6b0c5-188e-4ee3-850f-011d0daef90c', 'How often do you actually cook at home during the week?', 'multiple_choice', 2, '2026-04-27 19:30:55.707951+00', '2026-04-27 19:30:55.707951+00');
INSERT INTO public.question (id, quiz_id, text, type, "position", created_at, updated_at) VALUES ('087fe57b-51d1-4c60-9d22-030eef377e28', '44a6b0c5-188e-4ee3-850f-011d0daef90c', 'Does anyone in your household have food allergies or sensitivities?', 'multiple_choice', 3, '2026-04-27 19:30:55.707951+00', '2026-04-27 19:30:55.707951+00');
INSERT INTO public.question (id, quiz_id, text, type, "position", created_at, updated_at) VALUES ('87fccd9e-ac4f-484a-ac77-d55aa2e4e4f1', '44a6b0c5-188e-4ee3-850f-011d0daef90c', 'How much do you think about ingredient labels when you shop?', 'multiple_choice', 4, '2026-04-27 19:30:55.707951+00', '2026-04-27 19:30:55.707951+00');
INSERT INTO public.question (id, quiz_id, text, type, "position", created_at, updated_at) VALUES ('da8539c6-4cee-4218-9520-25d291947dab', '44a6b0c5-188e-4ee3-850f-011d0daef90c', 'Are you shopping for just yourself or feeding a whole crew?', 'multiple_choice', 5, '2026-04-27 19:30:55.707951+00', '2026-04-27 19:30:55.707951+00');
INSERT INTO public.question (id, quiz_id, text, type, "position", created_at, updated_at) VALUES ('f2bc1a3b-27c5-4e6b-a1e9-f6dda0a542a0', '44a6b0c5-188e-4ee3-850f-011d0daef90c', 'How adventurous are you when it comes to trying new foods or brands?', 'multiple_choice', 6, '2026-04-27 19:30:55.707951+00', '2026-04-27 19:30:55.707951+00');
INSERT INTO public.question (id, quiz_id, text, type, "position", created_at, updated_at) VALUES ('5ea3794b-cc7c-4540-a21f-d4e269635c96', '92f3ce75-5a8e-40d7-b6a8-4a83fcbea49d', 'You''re at a dinner party and the host serves something you''ve never seen before. What do you do?', 'multiple_choice', 0, '2026-04-27 19:31:21.812849+00', '2026-04-27 19:31:21.812849+00');
INSERT INTO public.question (id, quiz_id, text, type, "position", created_at, updated_at) VALUES ('4af5b2ec-5f89-42c8-9746-f92e7cc85f68', '92f3ce75-5a8e-40d7-b6a8-4a83fcbea49d', 'You''re grocery shopping. How long does it take you to pick a loaf of bread?', 'multiple_choice', 1, '2026-04-27 19:31:21.812849+00', '2026-04-27 19:31:21.812849+00');
INSERT INTO public.question (id, quiz_id, text, type, "position", created_at, updated_at) VALUES ('b12f14bb-c07c-4c3f-b57e-610235e71924', '92f3ce75-5a8e-40d7-b6a8-4a83fcbea49d', 'A friend says a food is ''bad for you.'' What''s your reaction?', 'multiple_choice', 2, '2026-04-27 19:31:21.812849+00', '2026-04-27 19:31:21.812849+00');
INSERT INTO public.question (id, quiz_id, text, type, "position", created_at, updated_at) VALUES ('bf1fa483-353e-44cd-b896-668aafa2397a', '92f3ce75-5a8e-40d7-b6a8-4a83fcbea49d', 'Which of these phrases lives rent-free in your head?', 'multiple_choice', 3, '2026-04-27 19:31:21.812849+00', '2026-04-27 19:31:21.812849+00');
INSERT INTO public.question (id, quiz_id, text, type, "position", created_at, updated_at) VALUES ('73490f77-21c8-4ebd-be39-5cf7473ad263', '92f3ce75-5a8e-40d7-b6a8-4a83fcbea49d', 'How would you describe your relationship with the nutrition facts panel?', 'multiple_choice', 4, '2026-04-27 19:31:21.812849+00', '2026-04-27 19:31:21.812849+00');
INSERT INTO public.option (id, question_id, text, score, tags, "position", created_at, updated_at) VALUES ('2586c9fc-dcda-4f5d-8de1-1e40053fef08', 'ce3dd17e-7c35-4e72-8ddf-e04c4cc526b1', 'A bowl of sugary cereal or a pastry straight from the box', 4, '{}', 0, '2026-04-27 19:30:20.60376+00', '2026-04-27 19:30:20.60376+00');
INSERT INTO public.option (id, question_id, text, score, tags, "position", created_at, updated_at) VALUES ('76ab260b-1fe5-4360-9aec-7904457e4317', 'ce3dd17e-7c35-4e72-8ddf-e04c4cc526b1', 'Packaged granola bar or instant oatmeal packet', 3, '{}', 1, '2026-04-27 19:30:20.60376+00', '2026-04-27 19:30:20.60376+00');
INSERT INTO public.option (id, question_id, text, score, tags, "position", created_at, updated_at) VALUES ('f399036d-27e4-4958-bc54-9587dc3404e3', 'ce3dd17e-7c35-4e72-8ddf-e04c4cc526b1', 'Eggs, fruit, or whole-grain toast I put together myself', 1, '{}', 2, '2026-04-27 19:30:20.60376+00', '2026-04-27 19:30:20.60376+00');
INSERT INTO public.option (id, question_id, text, score, tags, "position", created_at, updated_at) VALUES ('50ba54f4-097f-4c5f-ba88-43ac4b9c6cda', 'ce3dd17e-7c35-4e72-8ddf-e04c4cc526b1', 'I skip breakfast or just have black coffee', 0, '{}', 3, '2026-04-27 19:30:20.60376+00', '2026-04-27 19:30:20.60376+00');
INSERT INTO public.option (id, question_id, text, score, tags, "position", created_at, updated_at) VALUES ('c448a9ce-3117-476e-a311-ca35e56c70ed', '52d86630-5c67-40a4-875c-f202c90c30f4', 'Almost never — I go by taste or habit', 4, '{}', 0, '2026-04-27 19:30:20.60376+00', '2026-04-27 19:30:20.60376+00');
INSERT INTO public.option (id, question_id, text, score, tags, "position", created_at, updated_at) VALUES ('58d4477d-b2fe-46b2-8517-a35632dc128c', '52d86630-5c67-40a4-875c-f202c90c30f4', 'Occasionally, but only when something seems off', 2, '{}', 1, '2026-04-27 19:30:20.60376+00', '2026-04-27 19:30:20.60376+00');
INSERT INTO public.option (id, question_id, text, score, tags, "position", created_at, updated_at) VALUES ('396d3ce5-fcbf-4583-810f-279450044ee5', '52d86630-5c67-40a4-875c-f202c90c30f4', 'Pretty regularly — I like to know what''s in my food', 1, '{}', 2, '2026-04-27 19:30:20.60376+00', '2026-04-27 19:30:20.60376+00');
INSERT INTO public.option (id, question_id, text, score, tags, "position", created_at, updated_at) VALUES ('c24d6c3f-9050-424b-9c70-651f37013d27', '52d86630-5c67-40a4-875c-f202c90c30f4', 'Always, no exceptions', 0, '{}', 3, '2026-04-27 19:30:20.60376+00', '2026-04-27 19:30:20.60376+00');
INSERT INTO public.option (id, question_id, text, score, tags, "position", created_at, updated_at) VALUES ('03b3048c-1a01-4afd-8b69-5a36db413361', '40289a12-37f8-4dbd-8575-5b95e989cc3f', 'Rarely or never — cooking isn''t really my thing', 4, '{}', 0, '2026-04-27 19:30:20.60376+00', '2026-04-27 19:30:20.60376+00');
INSERT INTO public.option (id, question_id, text, score, tags, "position", created_at, updated_at) VALUES ('a6071cee-5d10-45e7-8e84-c61101bb868e', '40289a12-37f8-4dbd-8575-5b95e989cc3f', 'A couple of times a week at most', 3, '{}', 1, '2026-04-27 19:30:20.60376+00', '2026-04-27 19:30:20.60376+00');
INSERT INTO public.option (id, question_id, text, score, tags, "position", created_at, updated_at) VALUES ('edba7e02-2f3c-4b1a-9325-de392d5d0772', '40289a12-37f8-4dbd-8575-5b95e989cc3f', 'Most nights, but I rely on shortcuts on busy days', 1, '{}', 2, '2026-04-27 19:30:20.60376+00', '2026-04-27 19:30:20.60376+00');
INSERT INTO public.option (id, question_id, text, score, tags, "position", created_at, updated_at) VALUES ('cd25d0c2-8c1b-475c-a455-f5a3e6fb7a71', '40289a12-37f8-4dbd-8575-5b95e989cc3f', 'Almost every day — it''s a priority for me', 0, '{}', 3, '2026-04-27 19:30:20.60376+00', '2026-04-27 19:30:20.60376+00');
INSERT INTO public.option (id, question_id, text, score, tags, "position", created_at, updated_at) VALUES ('98c8918c-a68b-419a-b27f-281d7ecfb374', 'e1d55c84-584c-481a-879b-1f98717fcf51', '5 or more times — it''s basically a food group', 5, '{}', 0, '2026-04-27 19:30:20.60376+00', '2026-04-27 19:30:20.60376+00');
INSERT INTO public.option (id, question_id, text, score, tags, "position", created_at, updated_at) VALUES ('d6f2c11d-1275-4c7e-91f8-482e1bac20d1', 'e1d55c84-584c-481a-879b-1f98717fcf51', '3–4 times a week', 4, '{}', 1, '2026-04-27 19:30:20.60376+00', '2026-04-27 19:30:20.60376+00');
INSERT INTO public.option (id, question_id, text, score, tags, "position", created_at, updated_at) VALUES ('23c16527-7204-443c-93c8-031f1086992c', 'e1d55c84-584c-481a-879b-1f98717fcf51', 'Once or twice a week', 2, '{}', 2, '2026-04-27 19:30:20.60376+00', '2026-04-27 19:30:20.60376+00');
INSERT INTO public.option (id, question_id, text, score, tags, "position", created_at, updated_at) VALUES ('0aa0acaf-2a3c-4745-8ee7-9d08452fb216', 'e1d55c84-584c-481a-879b-1f98717fcf51', 'Rarely or only on special occasions', 0, '{}', 3, '2026-04-27 19:30:20.60376+00', '2026-04-27 19:30:20.60376+00');
INSERT INTO public.option (id, question_id, text, score, tags, "position", created_at, updated_at) VALUES ('03779145-bf18-41a6-8e78-6ef9b35ad8d0', 'e5475db5-0757-40d7-b154-6ce366f7a45b', 'Chips, crackers, or flavored popcorn', 2, '{}', 0, '2026-04-27 19:30:20.60376+00', '2026-04-27 19:30:20.60376+00');
INSERT INTO public.option (id, question_id, text, score, tags, "position", created_at, updated_at) VALUES ('6e9734bc-6d1f-4f15-9e89-9706f92fa29d', 'e5475db5-0757-40d7-b154-6ce366f7a45b', 'Frozen ready meals or microwaveable dinners', 3, '{}', 1, '2026-04-27 19:30:20.60376+00', '2026-04-27 19:30:20.60376+00');
INSERT INTO public.option (id, question_id, text, score, tags, "position", created_at, updated_at) VALUES ('f2463841-cc01-453d-9a9d-4b093f7eb175', 'e5475db5-0757-40d7-b154-6ce366f7a45b', 'Sugary drinks, sodas, or flavored coffees', 2, '{}', 2, '2026-04-27 19:30:20.60376+00', '2026-04-27 19:30:20.60376+00');
INSERT INTO public.option (id, question_id, text, score, tags, "position", created_at, updated_at) VALUES ('cd28394f-58a2-43b8-9de4-b80a250bb303', 'e5475db5-0757-40d7-b154-6ce366f7a45b', 'Deli meats, hot dogs, or packaged sausages', 2, '{}', 3, '2026-04-27 19:30:20.60376+00', '2026-04-27 19:30:20.60376+00');
INSERT INTO public.option (id, question_id, text, score, tags, "position", created_at, updated_at) VALUES ('770329a1-0cb4-4043-a874-be87a1711964', 'e5475db5-0757-40d7-b154-6ce366f7a45b', 'None of these — I keep it pretty clean', 0, '{}', 4, '2026-04-27 19:30:20.60376+00', '2026-04-27 19:30:20.60376+00');
INSERT INTO public.option (id, question_id, text, score, tags, "position", created_at, updated_at) VALUES ('485a694e-faba-4574-b02f-c46d42e7adb5', '5093d846-a8e8-4c8a-b350-57fd48142639', '0 = I barely touch packaged foods, 10 = Almost everything I eat comes from a package', 10, '{}', 0, '2026-04-27 19:30:20.60376+00', '2026-04-27 19:30:20.60376+00');
INSERT INTO public.option (id, question_id, text, score, tags, "position", created_at, updated_at) VALUES ('01c98b8f-4d37-48af-b123-bc61fa73baa3', '3d650fd3-7417-4cd8-bbf0-18bdfb453e3e', 'Lose weight or manage my calorie intake', NULL, '{weight-loss}', 0, '2026-04-27 19:30:55.707951+00', '2026-04-27 19:30:55.707951+00');
INSERT INTO public.option (id, question_id, text, score, tags, "position", created_at, updated_at) VALUES ('959e665c-2067-4916-92eb-6a5e63d6731f', '3d650fd3-7417-4cd8-bbf0-18bdfb453e3e', 'Eat cleaner — fewer additives, more whole foods', NULL, '{clean-eating}', 1, '2026-04-27 19:30:55.707951+00', '2026-04-27 19:30:55.707951+00');
INSERT INTO public.option (id, question_id, text, score, tags, "position", created_at, updated_at) VALUES ('7e235ea5-a7fc-4f85-ba69-ec808371c61d', '3d650fd3-7417-4cd8-bbf0-18bdfb453e3e', 'Track allergens and avoid ingredients that don''t agree with me', NULL, '{allergy-tracking}', 2, '2026-04-27 19:30:55.707951+00', '2026-04-27 19:30:55.707951+00');
INSERT INTO public.option (id, question_id, text, score, tags, "position", created_at, updated_at) VALUES ('74a93042-03b8-4cfe-8eb2-82c81fe7e937', '3d650fd3-7417-4cd8-bbf0-18bdfb453e3e', 'Feed my kids better without the mealtime battles', NULL, '{family-nutrition}', 3, '2026-04-27 19:30:55.707951+00', '2026-04-27 19:30:55.707951+00');
INSERT INTO public.option (id, question_id, text, score, tags, "position", created_at, updated_at) VALUES ('a34857d0-a0bc-4c5a-a0a4-4e0988072991', '3d650fd3-7417-4cd8-bbf0-18bdfb453e3e', 'Just stay generally healthy — no big agenda', NULL, '{general-wellness}', 4, '2026-04-27 19:30:55.707951+00', '2026-04-27 19:30:55.707951+00');
INSERT INTO public.option (id, question_id, text, score, tags, "position", created_at, updated_at) VALUES ('ebd07ea7-5b47-427b-abeb-82cf49502627', '967a4551-215d-4dcf-960e-45025ab9fdfd', 'Whole Foods / Sprouts', NULL, '{natural-grocery}', 0, '2026-04-27 19:30:55.707951+00', '2026-04-27 19:30:55.707951+00');
INSERT INTO public.option (id, question_id, text, score, tags, "position", created_at, updated_at) VALUES ('35b5a8fd-6092-45c3-9fbc-14b8bfc96e88', '967a4551-215d-4dcf-960e-45025ab9fdfd', 'Trader Joe''s', NULL, '{trader-joes}', 1, '2026-04-27 19:30:55.707951+00', '2026-04-27 19:30:55.707951+00');
INSERT INTO public.option (id, question_id, text, score, tags, "position", created_at, updated_at) VALUES ('cdc8beed-68ce-4980-b36b-08c99f25b2b7', '967a4551-215d-4dcf-960e-45025ab9fdfd', 'Kroger / Safeway / Albertsons', NULL, '{conventional-grocery}', 2, '2026-04-27 19:30:55.707951+00', '2026-04-27 19:30:55.707951+00');
INSERT INTO public.option (id, question_id, text, score, tags, "position", created_at, updated_at) VALUES ('f000c0dc-5b80-4fe7-b1ed-29c40c033252', '967a4551-215d-4dcf-960e-45025ab9fdfd', 'Walmart / Target', NULL, '{value-grocery}', 3, '2026-04-27 19:30:55.707951+00', '2026-04-27 19:30:55.707951+00');
INSERT INTO public.option (id, question_id, text, score, tags, "position", created_at, updated_at) VALUES ('72e022c6-e015-45c4-b264-bea8b95ddedc', '967a4551-215d-4dcf-960e-45025ab9fdfd', 'Costco or another warehouse store', NULL, '{bulk-buyer}', 4, '2026-04-27 19:30:55.707951+00', '2026-04-27 19:30:55.707951+00');
INSERT INTO public.option (id, question_id, text, score, tags, "position", created_at, updated_at) VALUES ('df6f26c3-6b79-4798-a321-a545309b2e07', '967a4551-215d-4dcf-960e-45025ab9fdfd', 'I order online / grocery delivery', NULL, '{online-shopper}', 5, '2026-04-27 19:30:55.707951+00', '2026-04-27 19:30:55.707951+00');
INSERT INTO public.option (id, question_id, text, score, tags, "position", created_at, updated_at) VALUES ('7a0e26a1-8f30-4f92-b77d-fc41b426a8b8', 'ea54230e-abc7-4b71-8d31-02a4d2f44958', 'Rarely — we mostly order out or do takeout', NULL, '{convenience-first}', 0, '2026-04-27 19:30:55.707951+00', '2026-04-27 19:30:55.707951+00');
INSERT INTO public.option (id, question_id, text, score, tags, "position", created_at, updated_at) VALUES ('9ee709b7-3122-4c94-b8af-a05dd25097c4', 'ea54230e-abc7-4b71-8d31-02a4d2f44958', 'A few times — cooking happens but it''s not a routine', NULL, '{occasional-cook}', 1, '2026-04-27 19:30:55.707951+00', '2026-04-27 19:30:55.707951+00');
INSERT INTO public.option (id, question_id, text, score, tags, "position", created_at, updated_at) VALUES ('8f8d7dfa-59c1-4ffa-a2fb-6b372866bd85', 'ea54230e-abc7-4b71-8d31-02a4d2f44958', 'Most nights — I''m in the kitchen pretty regularly', NULL, '{regular-cook}', 2, '2026-04-27 19:30:55.707951+00', '2026-04-27 19:30:55.707951+00');
INSERT INTO public.option (id, question_id, text, score, tags, "position", created_at, updated_at) VALUES ('887095b8-529d-4705-8904-65ddaf7c89c1', 'ea54230e-abc7-4b71-8d31-02a4d2f44958', 'Every day — cooking is a big part of my life', NULL, '{home-chef}', 3, '2026-04-27 19:30:55.707951+00', '2026-04-27 19:30:55.707951+00');
INSERT INTO public.option (id, question_id, text, score, tags, "position", created_at, updated_at) VALUES ('b80a2856-809a-4468-8c64-f3a3ef907718', '087fe57b-51d1-4c60-9d22-030eef377e28', 'Yes — it''s a serious allergy we have to be really careful about', NULL, '{allergy-tracking,high-alert}', 0, '2026-04-27 19:30:55.707951+00', '2026-04-27 19:30:55.707951+00');
INSERT INTO public.option (id, question_id, text, score, tags, "position", created_at, updated_at) VALUES ('8eb4f966-51fc-4484-97d5-968be8f56275', '087fe57b-51d1-4c60-9d22-030eef377e28', 'More of a sensitivity — we try to avoid certain things', NULL, '{allergy-tracking,sensitivity}', 1, '2026-04-27 19:30:55.707951+00', '2026-04-27 19:30:55.707951+00');
INSERT INTO public.option (id, question_id, text, score, tags, "position", created_at, updated_at) VALUES ('08517d8f-e389-4dde-8613-6fc94c24df8b', '087fe57b-51d1-4c60-9d22-030eef377e28', 'Not really, but I like knowing what''s in my food anyway', NULL, '{label-reader}', 2, '2026-04-27 19:30:55.707951+00', '2026-04-27 19:30:55.707951+00');
INSERT INTO public.option (id, question_id, text, score, tags, "position", created_at, updated_at) VALUES ('c116ff19-ff54-410a-a257-d6dc8d8546b5', '087fe57b-51d1-4c60-9d22-030eef377e28', 'Nope, no restrictions', NULL, '{no-restrictions}', 3, '2026-04-27 19:30:55.707951+00', '2026-04-27 19:30:55.707951+00');
INSERT INTO public.option (id, question_id, text, score, tags, "position", created_at, updated_at) VALUES ('3c8fd4fa-96fb-49e8-ab1b-7e68bbcbe6e1', '87fccd9e-ac4f-484a-ac77-d55aa2e4e4f1', 'I barely glance at them — life''s too short', NULL, '{convenience-first}', 0, '2026-04-27 19:30:55.707951+00', '2026-04-27 19:30:55.707951+00');
INSERT INTO public.option (id, question_id, text, score, tags, "position", created_at, updated_at) VALUES ('a3de7049-e737-40ce-95b0-e0eae81035c4', '87fccd9e-ac4f-484a-ac77-d55aa2e4e4f1', 'I check for a few key things like sugar or sodium', NULL, '{label-reader}', 1, '2026-04-27 19:30:55.707951+00', '2026-04-27 19:30:55.707951+00');
INSERT INTO public.option (id, question_id, text, score, tags, "position", created_at, updated_at) VALUES ('98df609b-beff-438e-a858-b2318bf0b485', '87fccd9e-ac4f-484a-ac77-d55aa2e4e4f1', 'I read them carefully and know what to look for', NULL, '{clean-eating,label-reader}', 2, '2026-04-27 19:30:55.707951+00', '2026-04-27 19:30:55.707951+00');
INSERT INTO public.option (id, question_id, text, score, tags, "position", created_at, updated_at) VALUES ('12dd8e70-ff44-46c9-9830-fec9cd2d3695', '87fccd9e-ac4f-484a-ac77-d55aa2e4e4f1', 'I scrutinize every ingredient — it''s kind of my thing', NULL, '{clean-eating,ingredient-geek}', 3, '2026-04-27 19:30:55.707951+00', '2026-04-27 19:30:55.707951+00');
INSERT INTO public.option (id, question_id, text, score, tags, "position", created_at, updated_at) VALUES ('e39b615d-0bf5-4b4b-af9c-3dde0f0c9b20', 'da8539c6-4cee-4218-9520-25d291947dab', 'Just me', NULL, '{solo-shopper}', 0, '2026-04-27 19:30:55.707951+00', '2026-04-27 19:30:55.707951+00');
INSERT INTO public.option (id, question_id, text, score, tags, "position", created_at, updated_at) VALUES ('666bf98a-012b-4269-9cd6-a533bad01d4e', 'da8539c6-4cee-4218-9520-25d291947dab', 'Me and a partner', NULL, '{couple-household}', 1, '2026-04-27 19:30:55.707951+00', '2026-04-27 19:30:55.707951+00');
INSERT INTO public.option (id, question_id, text, score, tags, "position", created_at, updated_at) VALUES ('f52f8a99-1212-4cd0-b6b8-134e7e2c66ad', 'da8539c6-4cee-4218-9520-25d291947dab', 'Family with kids', NULL, '{family-nutrition,family-household}', 2, '2026-04-27 19:30:55.707951+00', '2026-04-27 19:30:55.707951+00');
INSERT INTO public.option (id, question_id, text, score, tags, "position", created_at, updated_at) VALUES ('e9b98ced-51fc-4780-a53b-59abec480712', 'da8539c6-4cee-4218-9520-25d291947dab', 'Household with other adults (roommates, family)', NULL, '{shared-household}', 3, '2026-04-27 19:30:55.707951+00', '2026-04-27 19:30:55.707951+00');
INSERT INTO public.option (id, question_id, text, score, tags, "position", created_at, updated_at) VALUES ('3a5f0be7-426f-4ccc-975b-32c99e21d37b', 'f2bc1a3b-27c5-4e6b-a1e9-f6dda0a542a0', 'Give me what I know — I''ve got my staples', NULL, '{brand-loyal}', 0, '2026-04-27 19:30:55.707951+00', '2026-04-27 19:30:55.707951+00');
INSERT INTO public.option (id, question_id, text, score, tags, "position", created_at, updated_at) VALUES ('d05a9667-8727-4b38-8376-032f3162e4aa', 'f2bc1a3b-27c5-4e6b-a1e9-f6dda0a542a0', 'I''ll try something new if a friend recommends it', NULL, '{social-discovery}', 1, '2026-04-27 19:30:55.707951+00', '2026-04-27 19:30:55.707951+00');
INSERT INTO public.option (id, question_id, text, score, tags, "position", created_at, updated_at) VALUES ('d81d00e7-dd8e-4936-be66-8012e7e632b5', 'f2bc1a3b-27c5-4e6b-a1e9-f6dda0a542a0', 'I like exploring — always hunting for something better', NULL, '{explorer}', 2, '2026-04-27 19:30:55.707951+00', '2026-04-27 19:30:55.707951+00');
INSERT INTO public.option (id, question_id, text, score, tags, "position", created_at, updated_at) VALUES ('9d89aab9-a954-4bba-ad19-b669c834b429', 'f2bc1a3b-27c5-4e6b-a1e9-f6dda0a542a0', 'I''m basically a product tester, I love finding hidden gems', NULL, '{ingredient-geek,explorer}', 3, '2026-04-27 19:30:55.707951+00', '2026-04-27 19:30:55.707951+00');
INSERT INTO public.option (id, question_id, text, score, tags, "position", created_at, updated_at) VALUES ('7233342f-de27-4167-be6f-0e786b999f78', '5ea3794b-cc7c-4540-a21f-d4e269635c96', 'Flip the dish over to find the brand name', 4, '{}', 0, '2026-04-27 19:31:21.812849+00', '2026-04-27 19:31:21.812849+00');
INSERT INTO public.option (id, question_id, text, score, tags, "position", created_at, updated_at) VALUES ('db9ef050-6d75-457d-89e9-29a5012e8e0c', '5ea3794b-cc7c-4540-a21f-d4e269635c96', 'Ask what''s in it, write nothing down, and forget immediately', 2, '{}', 1, '2026-04-27 19:31:21.812849+00', '2026-04-27 19:31:21.812849+00');
INSERT INTO public.option (id, question_id, text, score, tags, "position", created_at, updated_at) VALUES ('15525ad9-8e36-4107-9134-f4ed2caa714f', '5ea3794b-cc7c-4540-a21f-d4e269635c96', 'Just eat it. Food is food.', 0, '{}', 2, '2026-04-27 19:31:21.812849+00', '2026-04-27 19:31:21.812849+00');
INSERT INTO public.option (id, question_id, text, score, tags, "position", created_at, updated_at) VALUES ('39a2a518-2141-4464-8763-cd7d2645afb7', '5ea3794b-cc7c-4540-a21f-d4e269635c96', 'Photograph it for the ''gram before touching anything', 3, '{}', 3, '2026-04-27 19:31:21.812849+00', '2026-04-27 19:31:21.812849+00');
INSERT INTO public.option (id, question_id, text, score, tags, "position", created_at, updated_at) VALUES ('acbf67bd-a733-4285-a80d-ca50510d05cb', '4af5b2ec-5f89-42c8-9746-f92e7cc85f68', '45 minutes — I read every label twice and do math', 5, '{}', 0, '2026-04-27 19:31:21.812849+00', '2026-04-27 19:31:21.812849+00');
INSERT INTO public.option (id, question_id, text, score, tags, "position", created_at, updated_at) VALUES ('909d4c7c-0d75-4d84-af90-ddc6a90868cc', '4af5b2ec-5f89-42c8-9746-f92e7cc85f68', 'I glance at the picture on the bag and move on', 1, '{}', 1, '2026-04-27 19:31:21.812849+00', '2026-04-27 19:31:21.812849+00');
INSERT INTO public.option (id, question_id, text, score, tags, "position", created_at, updated_at) VALUES ('432edb05-4f1b-4430-b407-16dc540b9270', '4af5b2ec-5f89-42c8-9746-f92e7cc85f68', 'Whatever''s cheapest. Bread is bread.', 0, '{}', 2, '2026-04-27 19:31:21.812849+00', '2026-04-27 19:31:21.812849+00');
INSERT INTO public.option (id, question_id, text, score, tags, "position", created_at, updated_at) VALUES ('58951cf2-c5cf-4f02-8a67-67325aad9c19', '4af5b2ec-5f89-42c8-9746-f92e7cc85f68', 'I only buy bread from one specific local bakery, obviously', 4, '{}', 3, '2026-04-27 19:31:21.812849+00', '2026-04-27 19:31:21.812849+00');
INSERT INTO public.option (id, question_id, text, score, tags, "position", created_at, updated_at) VALUES ('efbc7aa6-5cc0-4073-945a-83ccf2190c25', 'b12f14bb-c07c-4c3f-b57e-610235e71924', 'Ask them to cite their sources', 5, '{}', 0, '2026-04-27 19:31:21.812849+00', '2026-04-27 19:31:21.812849+00');
INSERT INTO public.option (id, question_id, text, score, tags, "position", created_at, updated_at) VALUES ('2d744f52-9f6c-4a29-8f54-64f2c4edf170', 'b12f14bb-c07c-4c3f-b57e-610235e71924', 'Nod, then eat it anyway', 1, '{}', 1, '2026-04-27 19:31:21.812849+00', '2026-04-27 19:31:21.812849+00');
INSERT INTO public.option (id, question_id, text, score, tags, "position", created_at, updated_at) VALUES ('5835c4c8-3d99-45a8-9afc-cf86b3ff48b2', 'b12f14bb-c07c-4c3f-b57e-610235e71924', 'Immediately add it to my mental ''never again'' list', 3, '{}', 2, '2026-04-27 19:31:21.812849+00', '2026-04-27 19:31:21.812849+00');
INSERT INTO public.option (id, question_id, text, score, tags, "position", created_at, updated_at) VALUES ('eb4aa809-1be6-4e4b-97f2-ba12cc986356', 'b12f14bb-c07c-4c3f-b57e-610235e71924', 'What do you mean ''bad for you''? It tastes fine.', 0, '{}', 3, '2026-04-27 19:31:21.812849+00', '2026-04-27 19:31:21.812849+00');
INSERT INTO public.option (id, question_id, text, score, tags, "position", created_at, updated_at) VALUES ('19041d28-552e-4c03-9748-7e284b38a499', 'bf1fa483-353e-44cd-b896-668aafa2397a', '''If you can''t pronounce it, don''t eat it''', 5, '{}', 0, '2026-04-27 19:31:21.812849+00', '2026-04-27 19:31:21.812849+00');
INSERT INTO public.option (id, question_id, text, score, tags, "position", created_at, updated_at) VALUES ('67e3fb1e-cbff-43ff-9aa6-8670e41c0629', 'bf1fa483-353e-44cd-b896-668aafa2397a', '''Everything in moderation'' (but also, yes to everything)', 2, '{}', 1, '2026-04-27 19:31:21.812849+00', '2026-04-27 19:31:21.812849+00');
INSERT INTO public.option (id, question_id, text, score, tags, "position", created_at, updated_at) VALUES ('efe79e39-bdf2-449b-aea5-ee6c2a002158', 'bf1fa483-353e-44cd-b896-668aafa2397a', '''Treat yourself'' — daily, aggressively', 0, '{}', 2, '2026-04-27 19:31:21.812849+00', '2026-04-27 19:31:21.812849+00');
INSERT INTO public.option (id, question_id, text, score, tags, "position", created_at, updated_at) VALUES ('96f99344-86f1-4090-8324-9a8fdfc1f751', 'bf1fa483-353e-44cd-b896-668aafa2397a', '''Food is fuel'' but also food is joy and it''s complicated', 3, '{}', 3, '2026-04-27 19:31:21.812849+00', '2026-04-27 19:31:21.812849+00');
INSERT INTO public.option (id, question_id, text, score, tags, "position", created_at, updated_at) VALUES ('6405692e-3aee-47ea-9223-63c7edfea5bc', '73490f77-21c8-4ebd-be39-5cf7473ad263', 'We''re basically dating. I check in every single day.', 5, '{}', 0, '2026-04-27 19:31:21.812849+00', '2026-04-27 19:31:21.812849+00');
INSERT INTO public.option (id, question_id, text, score, tags, "position", created_at, updated_at) VALUES ('cc7ea4fa-9489-429d-9fd3-5f92f4477a33', '73490f77-21c8-4ebd-be39-5cf7473ad263', 'We''re acquaintances — I know it exists but rarely visit', 2, '{}', 1, '2026-04-27 19:31:21.812849+00', '2026-04-27 19:31:21.812849+00');
INSERT INTO public.option (id, question_id, text, score, tags, "position", created_at, updated_at) VALUES ('a81b097c-87ab-47c2-aa60-5ad94466eac7', '73490f77-21c8-4ebd-be39-5cf7473ad263', 'Strangers. Total strangers.', 0, '{}', 2, '2026-04-27 19:31:21.812849+00', '2026-04-27 19:31:21.812849+00');
INSERT INTO public.option (id, question_id, text, score, tags, "position", created_at, updated_at) VALUES ('56daceae-87ac-4cbe-ad8e-8274597e8622', '73490f77-21c8-4ebd-be39-5cf7473ad263', 'I read it but honestly only understand like three lines', 1, '{}', 3, '2026-04-27 19:31:21.812849+00', '2026-04-27 19:31:21.812849+00');
INSERT INTO public.session (id, quiz_id, start_time, end_time, device, browser, referrer, user_agent, created_at, updated_at) VALUES ('12ab1ae5-c3db-422a-bbc7-7aa1724f9fd2', '212359b5-4fbd-4eae-94c1-251524608d1d', '2026-04-27 19:31:46.671685+00', '2026-04-27 19:31:46.671685+00', 'Desktop', 'Chrome', 'google.com', 'demo-seed', '2026-04-27 19:31:46.671685+00', '2026-04-27 19:31:46.671685+00');
INSERT INTO public.session (id, quiz_id, start_time, end_time, device, browser, referrer, user_agent, created_at, updated_at) VALUES ('8651d4f6-55dd-4c94-ab30-250a552f6de6', '212359b5-4fbd-4eae-94c1-251524608d1d', '2026-04-27 19:31:46.671685+00', '2026-04-27 19:31:46.671685+00', 'Mobile', 'Firefox', NULL, 'demo-seed', '2026-04-27 19:31:46.671685+00', '2026-04-27 19:31:46.671685+00');
INSERT INTO public.session (id, quiz_id, start_time, end_time, device, browser, referrer, user_agent, created_at, updated_at) VALUES ('ecfff9f7-1b8b-43c6-bd43-a2d1b4808ce9', '212359b5-4fbd-4eae-94c1-251524608d1d', '2026-04-27 19:31:46.671685+00', '2026-04-27 19:31:46.671685+00', 'Mobile', 'Edge', 'instagram.com', 'demo-seed', '2026-04-27 19:31:46.671685+00', '2026-04-27 19:31:46.671685+00');
INSERT INTO public.session (id, quiz_id, start_time, end_time, device, browser, referrer, user_agent, created_at, updated_at) VALUES ('3fdf2019-a6d6-460d-b96b-17d09861f549', '212359b5-4fbd-4eae-94c1-251524608d1d', '2026-04-27 19:31:46.671685+00', '2026-04-27 19:31:46.671685+00', 'Desktop', 'Safari', 'reddit.com', 'demo-seed', '2026-04-27 19:31:46.671685+00', '2026-04-27 19:31:46.671685+00');
INSERT INTO public.session (id, quiz_id, start_time, end_time, device, browser, referrer, user_agent, created_at, updated_at) VALUES ('304acfaf-2b08-4915-83e2-f964cfea43f5', '212359b5-4fbd-4eae-94c1-251524608d1d', '2026-04-27 19:31:46.671685+00', '2026-04-27 19:31:46.671685+00', 'Mobile', 'Chrome', 'twitter.com', 'demo-seed', '2026-04-27 19:31:46.671685+00', '2026-04-27 19:31:46.671685+00');
INSERT INTO public.session (id, quiz_id, start_time, end_time, device, browser, referrer, user_agent, created_at, updated_at) VALUES ('e1895749-731c-42dd-95bf-5c6e1c06d841', '212359b5-4fbd-4eae-94c1-251524608d1d', '2026-04-27 19:31:46.671685+00', '2026-04-27 19:31:46.671685+00', 'Mobile', 'Firefox', 'google.com', 'demo-seed', '2026-04-27 19:31:46.671685+00', '2026-04-27 19:31:46.671685+00');
INSERT INTO public.session (id, quiz_id, start_time, end_time, device, browser, referrer, user_agent, created_at, updated_at) VALUES ('24d0e727-dc9b-48de-9179-6f606952a9bf', '212359b5-4fbd-4eae-94c1-251524608d1d', '2026-04-27 19:31:46.671685+00', NULL, 'Mobile', 'Safari', 'tiktok.com', 'demo-seed', '2026-04-27 19:31:46.671685+00', '2026-04-27 19:31:46.671685+00');
INSERT INTO public.session (id, quiz_id, start_time, end_time, device, browser, referrer, user_agent, created_at, updated_at) VALUES ('5fd38ba7-a488-44fc-9c8f-0ce8c500d6cb', '212359b5-4fbd-4eae-94c1-251524608d1d', '2026-04-27 19:31:46.671685+00', NULL, 'Mobile', 'Safari', 'tiktok.com', 'demo-seed', '2026-04-27 19:31:46.671685+00', '2026-04-27 19:31:46.671685+00');
INSERT INTO public.session (id, quiz_id, start_time, end_time, device, browser, referrer, user_agent, created_at, updated_at) VALUES ('1fb6022e-dcfe-426c-80fd-50e4eb992996', '92f3ce75-5a8e-40d7-b6a8-4a83fcbea49d', '2026-04-27 19:31:50.085257+00', '2026-04-27 19:31:50.085257+00', 'Desktop', 'Chrome', 'google.com', 'demo-seed', '2026-04-27 19:31:50.085257+00', '2026-04-27 19:31:50.085257+00');
INSERT INTO public.session (id, quiz_id, start_time, end_time, device, browser, referrer, user_agent, created_at, updated_at) VALUES ('f4d177e8-c4f3-45a0-af1e-d0e3c936b6c2', '92f3ce75-5a8e-40d7-b6a8-4a83fcbea49d', '2026-04-27 19:31:50.085257+00', '2026-04-27 19:31:50.085257+00', 'Mobile', 'Firefox', NULL, 'demo-seed', '2026-04-27 19:31:50.085257+00', '2026-04-27 19:31:50.085257+00');
INSERT INTO public.session (id, quiz_id, start_time, end_time, device, browser, referrer, user_agent, created_at, updated_at) VALUES ('50de5b3e-153c-49ea-85e5-a8d75dac0267', '92f3ce75-5a8e-40d7-b6a8-4a83fcbea49d', '2026-04-27 19:31:50.085257+00', '2026-04-27 19:31:50.085257+00', 'Mobile', 'Edge', 'instagram.com', 'demo-seed', '2026-04-27 19:31:50.085257+00', '2026-04-27 19:31:50.085257+00');
INSERT INTO public.session (id, quiz_id, start_time, end_time, device, browser, referrer, user_agent, created_at, updated_at) VALUES ('b1e293d1-8150-456a-94ec-8fb56663f7a7', '92f3ce75-5a8e-40d7-b6a8-4a83fcbea49d', '2026-04-27 19:31:50.085257+00', '2026-04-27 19:31:50.085257+00', 'Desktop', 'Safari', 'reddit.com', 'demo-seed', '2026-04-27 19:31:50.085257+00', '2026-04-27 19:31:50.085257+00');
INSERT INTO public.session (id, quiz_id, start_time, end_time, device, browser, referrer, user_agent, created_at, updated_at) VALUES ('2819c421-d8d1-4c1a-8d9f-98ed2746ca4b', '92f3ce75-5a8e-40d7-b6a8-4a83fcbea49d', '2026-04-27 19:31:50.085257+00', '2026-04-27 19:31:50.085257+00', 'Mobile', 'Chrome', 'twitter.com', 'demo-seed', '2026-04-27 19:31:50.085257+00', '2026-04-27 19:31:50.085257+00');
INSERT INTO public.session (id, quiz_id, start_time, end_time, device, browser, referrer, user_agent, created_at, updated_at) VALUES ('cd41adae-f344-443e-9c6b-8df7d2b7218e', '92f3ce75-5a8e-40d7-b6a8-4a83fcbea49d', '2026-04-27 19:31:50.085257+00', '2026-04-27 19:31:50.085257+00', 'Mobile', 'Firefox', 'google.com', 'demo-seed', '2026-04-27 19:31:50.085257+00', '2026-04-27 19:31:50.085257+00');
INSERT INTO public.session (id, quiz_id, start_time, end_time, device, browser, referrer, user_agent, created_at, updated_at) VALUES ('f22f18ea-1ea5-42bf-8469-9d372f709162', '92f3ce75-5a8e-40d7-b6a8-4a83fcbea49d', '2026-04-27 19:31:50.085257+00', NULL, 'Mobile', 'Safari', 'tiktok.com', 'demo-seed', '2026-04-27 19:31:50.085257+00', '2026-04-27 19:31:50.085257+00');
INSERT INTO public.session (id, quiz_id, start_time, end_time, device, browser, referrer, user_agent, created_at, updated_at) VALUES ('2558d42f-7ccf-47c5-9522-024009c25976', '92f3ce75-5a8e-40d7-b6a8-4a83fcbea49d', '2026-04-27 19:31:50.085257+00', NULL, 'Mobile', 'Safari', 'tiktok.com', 'demo-seed', '2026-04-27 19:31:50.085257+00', '2026-04-27 19:31:50.085257+00');
INSERT INTO public.session (id, quiz_id, start_time, end_time, device, browser, referrer, user_agent, created_at, updated_at) VALUES ('3068a83d-079f-49ba-920d-a6a521fe68ea', '44a6b0c5-188e-4ee3-850f-011d0daef90c', '2026-04-27 19:32:21.271346+00', '2026-04-27 19:32:21.271346+00', 'Desktop', 'Chrome', 'google.com', 'demo-seed', '2026-04-27 19:32:21.271346+00', '2026-04-27 19:32:21.271346+00');
INSERT INTO public.session (id, quiz_id, start_time, end_time, device, browser, referrer, user_agent, created_at, updated_at) VALUES ('2c22a6da-ff8e-412e-b036-680a55c980a4', '44a6b0c5-188e-4ee3-850f-011d0daef90c', '2026-04-27 19:32:21.271346+00', '2026-04-27 19:32:21.271346+00', 'Desktop', 'Chrome', 'google.com', 'demo-seed', '2026-04-27 19:32:21.271346+00', '2026-04-27 19:32:21.271346+00');
INSERT INTO public.session (id, quiz_id, start_time, end_time, device, browser, referrer, user_agent, created_at, updated_at) VALUES ('af250a4b-2944-45ff-bd8d-ee23d26aa72a', '44a6b0c5-188e-4ee3-850f-011d0daef90c', '2026-04-27 19:32:21.271346+00', '2026-04-27 19:32:21.271346+00', 'Desktop', 'Chrome', 'google.com', 'demo-seed', '2026-04-27 19:32:21.271346+00', '2026-04-27 19:32:21.271346+00');
INSERT INTO public.session (id, quiz_id, start_time, end_time, device, browser, referrer, user_agent, created_at, updated_at) VALUES ('96526884-b11b-48cd-8031-18a7de486102', '44a6b0c5-188e-4ee3-850f-011d0daef90c', '2026-04-27 19:32:21.271346+00', '2026-04-27 19:32:21.271346+00', 'Desktop', 'Chrome', 'google.com', 'demo-seed', '2026-04-27 19:32:21.271346+00', '2026-04-27 19:32:21.271346+00');
INSERT INTO public.session (id, quiz_id, start_time, end_time, device, browser, referrer, user_agent, created_at, updated_at) VALUES ('8154ee8e-d0f5-4dec-921a-7d6899f11db2', '44a6b0c5-188e-4ee3-850f-011d0daef90c', '2026-04-27 19:32:21.271346+00', '2026-04-27 19:32:21.271346+00', 'Desktop', 'Chrome', 'google.com', 'demo-seed', '2026-04-27 19:32:21.271346+00', '2026-04-27 19:32:21.271346+00');
INSERT INTO public.session (id, quiz_id, start_time, end_time, device, browser, referrer, user_agent, created_at, updated_at) VALUES ('5a83f9b4-46a7-4be9-9790-d4223b750e65', '44a6b0c5-188e-4ee3-850f-011d0daef90c', '2026-04-27 19:32:21.271346+00', '2026-04-27 19:32:21.271346+00', 'Desktop', 'Chrome', 'google.com', 'demo-seed', '2026-04-27 19:32:21.271346+00', '2026-04-27 19:32:21.271346+00');
INSERT INTO public.session (id, quiz_id, start_time, end_time, device, browser, referrer, user_agent, created_at, updated_at) VALUES ('813d10b6-956a-448b-80c3-4de852708e36', '44a6b0c5-188e-4ee3-850f-011d0daef90c', '2026-04-27 19:32:21.271346+00', NULL, 'Mobile', 'Safari', 'tiktok.com', 'demo-seed', '2026-04-27 19:32:21.271346+00', '2026-04-27 19:32:21.271346+00');
INSERT INTO public.session (id, quiz_id, start_time, end_time, device, browser, referrer, user_agent, created_at, updated_at) VALUES ('e70a9cd7-6158-42e1-ac1b-e5e7c10da2a0', '44a6b0c5-188e-4ee3-850f-011d0daef90c', '2026-04-27 19:32:21.271346+00', NULL, 'Mobile', 'Safari', 'tiktok.com', 'demo-seed', '2026-04-27 19:32:21.271346+00', '2026-04-27 19:32:21.271346+00');
INSERT INTO public.questions_answered (id, session_id, question_id, option_chosen_id, numeric_answer, selected_option_ids, answered_at, created_at, updated_at) VALUES ('779657fa-ee04-45c6-b625-99f6e6338058', '12ab1ae5-c3db-422a-bbc7-7aa1724f9fd2', 'ce3dd17e-7c35-4e72-8ddf-e04c4cc526b1', '76ab260b-1fe5-4360-9aec-7904457e4317', NULL, NULL, '2026-04-27 19:31:46.671685+00', '2026-04-27 19:31:46.671685+00', '2026-04-27 19:31:46.671685+00');
INSERT INTO public.questions_answered (id, session_id, question_id, option_chosen_id, numeric_answer, selected_option_ids, answered_at, created_at, updated_at) VALUES ('61896334-8746-449c-843c-44581089c498', '12ab1ae5-c3db-422a-bbc7-7aa1724f9fd2', '52d86630-5c67-40a4-875c-f202c90c30f4', '58d4477d-b2fe-46b2-8517-a35632dc128c', NULL, NULL, '2026-04-27 19:31:46.671685+00', '2026-04-27 19:31:46.671685+00', '2026-04-27 19:31:46.671685+00');
INSERT INTO public.questions_answered (id, session_id, question_id, option_chosen_id, numeric_answer, selected_option_ids, answered_at, created_at, updated_at) VALUES ('36e3a66a-5791-4dad-af2e-5dbff36c6653', '12ab1ae5-c3db-422a-bbc7-7aa1724f9fd2', '40289a12-37f8-4dbd-8575-5b95e989cc3f', 'a6071cee-5d10-45e7-8e84-c61101bb868e', NULL, NULL, '2026-04-27 19:31:46.671685+00', '2026-04-27 19:31:46.671685+00', '2026-04-27 19:31:46.671685+00');
INSERT INTO public.questions_answered (id, session_id, question_id, option_chosen_id, numeric_answer, selected_option_ids, answered_at, created_at, updated_at) VALUES ('32c4dd81-7686-42c2-bb85-261381632b35', '12ab1ae5-c3db-422a-bbc7-7aa1724f9fd2', 'e1d55c84-584c-481a-879b-1f98717fcf51', 'd6f2c11d-1275-4c7e-91f8-482e1bac20d1', NULL, NULL, '2026-04-27 19:31:46.671685+00', '2026-04-27 19:31:46.671685+00', '2026-04-27 19:31:46.671685+00');
INSERT INTO public.questions_answered (id, session_id, question_id, option_chosen_id, numeric_answer, selected_option_ids, answered_at, created_at, updated_at) VALUES ('728c2ed7-e9d3-4ed3-8cfe-588fe605c90c', '12ab1ae5-c3db-422a-bbc7-7aa1724f9fd2', 'e5475db5-0757-40d7-b154-6ce366f7a45b', NULL, NULL, '{03779145-bf18-41a6-8e78-6ef9b35ad8d0,6e9734bc-6d1f-4f15-9e89-9706f92fa29d}', '2026-04-27 19:31:46.671685+00', '2026-04-27 19:31:46.671685+00', '2026-04-27 19:31:46.671685+00');
INSERT INTO public.questions_answered (id, session_id, question_id, option_chosen_id, numeric_answer, selected_option_ids, answered_at, created_at, updated_at) VALUES ('ec968bbf-1251-4565-a190-f2fe5c4a1c2c', '12ab1ae5-c3db-422a-bbc7-7aa1724f9fd2', '5093d846-a8e8-4c8a-b350-57fd48142639', NULL, 3, NULL, '2026-04-27 19:31:46.671685+00', '2026-04-27 19:31:46.671685+00', '2026-04-27 19:31:46.671685+00');
INSERT INTO public.questions_answered (id, session_id, question_id, option_chosen_id, numeric_answer, selected_option_ids, answered_at, created_at, updated_at) VALUES ('78dbcf11-ac89-4b7a-bd8b-2883041aee0f', '8651d4f6-55dd-4c94-ab30-250a552f6de6', 'ce3dd17e-7c35-4e72-8ddf-e04c4cc526b1', 'f399036d-27e4-4958-bc54-9587dc3404e3', NULL, NULL, '2026-04-27 19:31:46.671685+00', '2026-04-27 19:31:46.671685+00', '2026-04-27 19:31:46.671685+00');
INSERT INTO public.questions_answered (id, session_id, question_id, option_chosen_id, numeric_answer, selected_option_ids, answered_at, created_at, updated_at) VALUES ('71c87269-2ac7-42b3-9bcd-c2ffa1f97933', '8651d4f6-55dd-4c94-ab30-250a552f6de6', '52d86630-5c67-40a4-875c-f202c90c30f4', '396d3ce5-fcbf-4583-810f-279450044ee5', NULL, NULL, '2026-04-27 19:31:46.671685+00', '2026-04-27 19:31:46.671685+00', '2026-04-27 19:31:46.671685+00');
INSERT INTO public.questions_answered (id, session_id, question_id, option_chosen_id, numeric_answer, selected_option_ids, answered_at, created_at, updated_at) VALUES ('feb31e24-06fa-44c3-89c7-43a9a97971bc', '8651d4f6-55dd-4c94-ab30-250a552f6de6', '40289a12-37f8-4dbd-8575-5b95e989cc3f', 'edba7e02-2f3c-4b1a-9325-de392d5d0772', NULL, NULL, '2026-04-27 19:31:46.671685+00', '2026-04-27 19:31:46.671685+00', '2026-04-27 19:31:46.671685+00');
INSERT INTO public.questions_answered (id, session_id, question_id, option_chosen_id, numeric_answer, selected_option_ids, answered_at, created_at, updated_at) VALUES ('d271ff62-a849-4662-bc35-cae1bfedac4f', '8651d4f6-55dd-4c94-ab30-250a552f6de6', 'e1d55c84-584c-481a-879b-1f98717fcf51', '23c16527-7204-443c-93c8-031f1086992c', NULL, NULL, '2026-04-27 19:31:46.671685+00', '2026-04-27 19:31:46.671685+00', '2026-04-27 19:31:46.671685+00');
INSERT INTO public.questions_answered (id, session_id, question_id, option_chosen_id, numeric_answer, selected_option_ids, answered_at, created_at, updated_at) VALUES ('f7a64458-1e35-491e-81a9-7bc588c8b46f', '8651d4f6-55dd-4c94-ab30-250a552f6de6', 'e5475db5-0757-40d7-b154-6ce366f7a45b', NULL, NULL, '{03779145-bf18-41a6-8e78-6ef9b35ad8d0,6e9734bc-6d1f-4f15-9e89-9706f92fa29d,f2463841-cc01-453d-9a9d-4b093f7eb175}', '2026-04-27 19:31:46.671685+00', '2026-04-27 19:31:46.671685+00', '2026-04-27 19:31:46.671685+00');
INSERT INTO public.questions_answered (id, session_id, question_id, option_chosen_id, numeric_answer, selected_option_ids, answered_at, created_at, updated_at) VALUES ('4ec10716-114a-4e2c-a585-22cf418635fa', '8651d4f6-55dd-4c94-ab30-250a552f6de6', '5093d846-a8e8-4c8a-b350-57fd48142639', NULL, 6, NULL, '2026-04-27 19:31:46.671685+00', '2026-04-27 19:31:46.671685+00', '2026-04-27 19:31:46.671685+00');
INSERT INTO public.questions_answered (id, session_id, question_id, option_chosen_id, numeric_answer, selected_option_ids, answered_at, created_at, updated_at) VALUES ('57c70ae5-e07c-4e47-ad6e-fb764d53af52', 'ecfff9f7-1b8b-43c6-bd43-a2d1b4808ce9', 'ce3dd17e-7c35-4e72-8ddf-e04c4cc526b1', '50ba54f4-097f-4c5f-ba88-43ac4b9c6cda', NULL, NULL, '2026-04-27 19:31:46.671685+00', '2026-04-27 19:31:46.671685+00', '2026-04-27 19:31:46.671685+00');
INSERT INTO public.questions_answered (id, session_id, question_id, option_chosen_id, numeric_answer, selected_option_ids, answered_at, created_at, updated_at) VALUES ('7f44b794-e049-48d7-91f3-7bfa8ae06fd7', 'ecfff9f7-1b8b-43c6-bd43-a2d1b4808ce9', '52d86630-5c67-40a4-875c-f202c90c30f4', 'c24d6c3f-9050-424b-9c70-651f37013d27', NULL, NULL, '2026-04-27 19:31:46.671685+00', '2026-04-27 19:31:46.671685+00', '2026-04-27 19:31:46.671685+00');
INSERT INTO public.questions_answered (id, session_id, question_id, option_chosen_id, numeric_answer, selected_option_ids, answered_at, created_at, updated_at) VALUES ('72431034-0b7c-4097-ae57-eaf6143ca99a', 'ecfff9f7-1b8b-43c6-bd43-a2d1b4808ce9', '40289a12-37f8-4dbd-8575-5b95e989cc3f', 'cd25d0c2-8c1b-475c-a455-f5a3e6fb7a71', NULL, NULL, '2026-04-27 19:31:46.671685+00', '2026-04-27 19:31:46.671685+00', '2026-04-27 19:31:46.671685+00');
INSERT INTO public.questions_answered (id, session_id, question_id, option_chosen_id, numeric_answer, selected_option_ids, answered_at, created_at, updated_at) VALUES ('ed488e7f-5cf7-44d8-ab8e-b7f29615ad43', 'ecfff9f7-1b8b-43c6-bd43-a2d1b4808ce9', 'e1d55c84-584c-481a-879b-1f98717fcf51', '0aa0acaf-2a3c-4745-8ee7-9d08452fb216', NULL, NULL, '2026-04-27 19:31:46.671685+00', '2026-04-27 19:31:46.671685+00', '2026-04-27 19:31:46.671685+00');
INSERT INTO public.questions_answered (id, session_id, question_id, option_chosen_id, numeric_answer, selected_option_ids, answered_at, created_at, updated_at) VALUES ('7b5fd248-8476-4fdb-ac40-a8dea4f4715a', 'ecfff9f7-1b8b-43c6-bd43-a2d1b4808ce9', 'e5475db5-0757-40d7-b154-6ce366f7a45b', NULL, NULL, '{03779145-bf18-41a6-8e78-6ef9b35ad8d0,6e9734bc-6d1f-4f15-9e89-9706f92fa29d,f2463841-cc01-453d-9a9d-4b093f7eb175,cd28394f-58a2-43b8-9de4-b80a250bb303}', '2026-04-27 19:31:46.671685+00', '2026-04-27 19:31:46.671685+00', '2026-04-27 19:31:46.671685+00');
INSERT INTO public.questions_answered (id, session_id, question_id, option_chosen_id, numeric_answer, selected_option_ids, answered_at, created_at, updated_at) VALUES ('24aa8226-01e5-421f-bc7c-58d1b2b2ea7f', 'ecfff9f7-1b8b-43c6-bd43-a2d1b4808ce9', '5093d846-a8e8-4c8a-b350-57fd48142639', NULL, 9, NULL, '2026-04-27 19:31:46.671685+00', '2026-04-27 19:31:46.671685+00', '2026-04-27 19:31:46.671685+00');
INSERT INTO public.questions_answered (id, session_id, question_id, option_chosen_id, numeric_answer, selected_option_ids, answered_at, created_at, updated_at) VALUES ('36d97465-e154-48ee-8015-a514d97dd979', '3fdf2019-a6d6-460d-b96b-17d09861f549', 'ce3dd17e-7c35-4e72-8ddf-e04c4cc526b1', '2586c9fc-dcda-4f5d-8de1-1e40053fef08', NULL, NULL, '2026-04-27 19:31:46.671685+00', '2026-04-27 19:31:46.671685+00', '2026-04-27 19:31:46.671685+00');
INSERT INTO public.questions_answered (id, session_id, question_id, option_chosen_id, numeric_answer, selected_option_ids, answered_at, created_at, updated_at) VALUES ('5f7ab461-ce67-483a-86f8-985c716f34b9', '3fdf2019-a6d6-460d-b96b-17d09861f549', '52d86630-5c67-40a4-875c-f202c90c30f4', 'c448a9ce-3117-476e-a311-ca35e56c70ed', NULL, NULL, '2026-04-27 19:31:46.671685+00', '2026-04-27 19:31:46.671685+00', '2026-04-27 19:31:46.671685+00');
INSERT INTO public.questions_answered (id, session_id, question_id, option_chosen_id, numeric_answer, selected_option_ids, answered_at, created_at, updated_at) VALUES ('0a702a25-fac4-40a9-8810-786e07e891f6', '3fdf2019-a6d6-460d-b96b-17d09861f549', '40289a12-37f8-4dbd-8575-5b95e989cc3f', '03b3048c-1a01-4afd-8b69-5a36db413361', NULL, NULL, '2026-04-27 19:31:46.671685+00', '2026-04-27 19:31:46.671685+00', '2026-04-27 19:31:46.671685+00');
INSERT INTO public.questions_answered (id, session_id, question_id, option_chosen_id, numeric_answer, selected_option_ids, answered_at, created_at, updated_at) VALUES ('e13d9236-db22-44fe-8122-893f1c1af05a', '3fdf2019-a6d6-460d-b96b-17d09861f549', 'e1d55c84-584c-481a-879b-1f98717fcf51', '98c8918c-a68b-419a-b27f-281d7ecfb374', NULL, NULL, '2026-04-27 19:31:46.671685+00', '2026-04-27 19:31:46.671685+00', '2026-04-27 19:31:46.671685+00');
INSERT INTO public.questions_answered (id, session_id, question_id, option_chosen_id, numeric_answer, selected_option_ids, answered_at, created_at, updated_at) VALUES ('c1d08d0a-aab6-4b88-b568-53f35d97f811', '3fdf2019-a6d6-460d-b96b-17d09861f549', 'e5475db5-0757-40d7-b154-6ce366f7a45b', NULL, NULL, '{03779145-bf18-41a6-8e78-6ef9b35ad8d0}', '2026-04-27 19:31:46.671685+00', '2026-04-27 19:31:46.671685+00', '2026-04-27 19:31:46.671685+00');
INSERT INTO public.questions_answered (id, session_id, question_id, option_chosen_id, numeric_answer, selected_option_ids, answered_at, created_at, updated_at) VALUES ('86267bb5-8ee8-44ed-bc63-899a67c2ce42', '3fdf2019-a6d6-460d-b96b-17d09861f549', '5093d846-a8e8-4c8a-b350-57fd48142639', NULL, 1, NULL, '2026-04-27 19:31:46.671685+00', '2026-04-27 19:31:46.671685+00', '2026-04-27 19:31:46.671685+00');
INSERT INTO public.questions_answered (id, session_id, question_id, option_chosen_id, numeric_answer, selected_option_ids, answered_at, created_at, updated_at) VALUES ('1aa91130-8833-4822-9155-d119f304b6d9', '304acfaf-2b08-4915-83e2-f964cfea43f5', 'ce3dd17e-7c35-4e72-8ddf-e04c4cc526b1', '76ab260b-1fe5-4360-9aec-7904457e4317', NULL, NULL, '2026-04-27 19:31:46.671685+00', '2026-04-27 19:31:46.671685+00', '2026-04-27 19:31:46.671685+00');
INSERT INTO public.questions_answered (id, session_id, question_id, option_chosen_id, numeric_answer, selected_option_ids, answered_at, created_at, updated_at) VALUES ('1862ade3-a055-4804-8029-e73f91ff4cf8', '304acfaf-2b08-4915-83e2-f964cfea43f5', '52d86630-5c67-40a4-875c-f202c90c30f4', '58d4477d-b2fe-46b2-8517-a35632dc128c', NULL, NULL, '2026-04-27 19:31:46.671685+00', '2026-04-27 19:31:46.671685+00', '2026-04-27 19:31:46.671685+00');
INSERT INTO public.questions_answered (id, session_id, question_id, option_chosen_id, numeric_answer, selected_option_ids, answered_at, created_at, updated_at) VALUES ('38b9e4a4-fd7c-42dc-83f2-f2ab00b4a52e', '304acfaf-2b08-4915-83e2-f964cfea43f5', '40289a12-37f8-4dbd-8575-5b95e989cc3f', 'a6071cee-5d10-45e7-8e84-c61101bb868e', NULL, NULL, '2026-04-27 19:31:46.671685+00', '2026-04-27 19:31:46.671685+00', '2026-04-27 19:31:46.671685+00');
INSERT INTO public.questions_answered (id, session_id, question_id, option_chosen_id, numeric_answer, selected_option_ids, answered_at, created_at, updated_at) VALUES ('fdf12d4a-c8c8-4780-84cd-2857b1f6cd26', '304acfaf-2b08-4915-83e2-f964cfea43f5', 'e1d55c84-584c-481a-879b-1f98717fcf51', 'd6f2c11d-1275-4c7e-91f8-482e1bac20d1', NULL, NULL, '2026-04-27 19:31:46.671685+00', '2026-04-27 19:31:46.671685+00', '2026-04-27 19:31:46.671685+00');
INSERT INTO public.questions_answered (id, session_id, question_id, option_chosen_id, numeric_answer, selected_option_ids, answered_at, created_at, updated_at) VALUES ('bd006cbd-5df2-4f7a-bbc0-a4e2b1eacf35', '304acfaf-2b08-4915-83e2-f964cfea43f5', 'e5475db5-0757-40d7-b154-6ce366f7a45b', NULL, NULL, '{03779145-bf18-41a6-8e78-6ef9b35ad8d0,6e9734bc-6d1f-4f15-9e89-9706f92fa29d}', '2026-04-27 19:31:46.671685+00', '2026-04-27 19:31:46.671685+00', '2026-04-27 19:31:46.671685+00');
INSERT INTO public.questions_answered (id, session_id, question_id, option_chosen_id, numeric_answer, selected_option_ids, answered_at, created_at, updated_at) VALUES ('947f0f24-2b13-4315-b6f4-2fb81a86aa8c', '304acfaf-2b08-4915-83e2-f964cfea43f5', '5093d846-a8e8-4c8a-b350-57fd48142639', NULL, 4, NULL, '2026-04-27 19:31:46.671685+00', '2026-04-27 19:31:46.671685+00', '2026-04-27 19:31:46.671685+00');
INSERT INTO public.questions_answered (id, session_id, question_id, option_chosen_id, numeric_answer, selected_option_ids, answered_at, created_at, updated_at) VALUES ('85904d35-14e1-4b79-b996-e4fdc04340fc', 'e1895749-731c-42dd-95bf-5c6e1c06d841', 'ce3dd17e-7c35-4e72-8ddf-e04c4cc526b1', 'f399036d-27e4-4958-bc54-9587dc3404e3', NULL, NULL, '2026-04-27 19:31:46.671685+00', '2026-04-27 19:31:46.671685+00', '2026-04-27 19:31:46.671685+00');
INSERT INTO public.questions_answered (id, session_id, question_id, option_chosen_id, numeric_answer, selected_option_ids, answered_at, created_at, updated_at) VALUES ('6d8f4155-2821-4728-877c-4020369f97dd', 'e1895749-731c-42dd-95bf-5c6e1c06d841', '52d86630-5c67-40a4-875c-f202c90c30f4', '396d3ce5-fcbf-4583-810f-279450044ee5', NULL, NULL, '2026-04-27 19:31:46.671685+00', '2026-04-27 19:31:46.671685+00', '2026-04-27 19:31:46.671685+00');
INSERT INTO public.questions_answered (id, session_id, question_id, option_chosen_id, numeric_answer, selected_option_ids, answered_at, created_at, updated_at) VALUES ('734eabf5-865c-4253-a099-c2455f15792a', 'e1895749-731c-42dd-95bf-5c6e1c06d841', '40289a12-37f8-4dbd-8575-5b95e989cc3f', 'edba7e02-2f3c-4b1a-9325-de392d5d0772', NULL, NULL, '2026-04-27 19:31:46.671685+00', '2026-04-27 19:31:46.671685+00', '2026-04-27 19:31:46.671685+00');
INSERT INTO public.questions_answered (id, session_id, question_id, option_chosen_id, numeric_answer, selected_option_ids, answered_at, created_at, updated_at) VALUES ('39052029-aacc-406b-9d31-d0412299b38c', 'e1895749-731c-42dd-95bf-5c6e1c06d841', 'e1d55c84-584c-481a-879b-1f98717fcf51', '23c16527-7204-443c-93c8-031f1086992c', NULL, NULL, '2026-04-27 19:31:46.671685+00', '2026-04-27 19:31:46.671685+00', '2026-04-27 19:31:46.671685+00');
INSERT INTO public.questions_answered (id, session_id, question_id, option_chosen_id, numeric_answer, selected_option_ids, answered_at, created_at, updated_at) VALUES ('099816d4-54a3-4aaf-8d32-a279796626fa', 'e1895749-731c-42dd-95bf-5c6e1c06d841', 'e5475db5-0757-40d7-b154-6ce366f7a45b', NULL, NULL, '{03779145-bf18-41a6-8e78-6ef9b35ad8d0,6e9734bc-6d1f-4f15-9e89-9706f92fa29d,f2463841-cc01-453d-9a9d-4b093f7eb175}', '2026-04-27 19:31:46.671685+00', '2026-04-27 19:31:46.671685+00', '2026-04-27 19:31:46.671685+00');
INSERT INTO public.questions_answered (id, session_id, question_id, option_chosen_id, numeric_answer, selected_option_ids, answered_at, created_at, updated_at) VALUES ('b7f7d520-036d-42a3-8f60-0317d96a75bc', 'e1895749-731c-42dd-95bf-5c6e1c06d841', '5093d846-a8e8-4c8a-b350-57fd48142639', NULL, 7, NULL, '2026-04-27 19:31:46.671685+00', '2026-04-27 19:31:46.671685+00', '2026-04-27 19:31:46.671685+00');
INSERT INTO public.questions_answered (id, session_id, question_id, option_chosen_id, numeric_answer, selected_option_ids, answered_at, created_at, updated_at) VALUES ('9bd88eed-1d6b-47bd-a225-fc83940643dc', '24d0e727-dc9b-48de-9179-6f606952a9bf', 'ce3dd17e-7c35-4e72-8ddf-e04c4cc526b1', '2586c9fc-dcda-4f5d-8de1-1e40053fef08', NULL, NULL, '2026-04-27 19:31:46.671685+00', '2026-04-27 19:31:46.671685+00', '2026-04-27 19:31:46.671685+00');
INSERT INTO public.questions_answered (id, session_id, question_id, option_chosen_id, numeric_answer, selected_option_ids, answered_at, created_at, updated_at) VALUES ('e59ecd97-066c-425e-b28e-a09ac7e54bda', '5fd38ba7-a488-44fc-9c8f-0ce8c500d6cb', 'ce3dd17e-7c35-4e72-8ddf-e04c4cc526b1', '2586c9fc-dcda-4f5d-8de1-1e40053fef08', NULL, NULL, '2026-04-27 19:31:46.671685+00', '2026-04-27 19:31:46.671685+00', '2026-04-27 19:31:46.671685+00');
INSERT INTO public.questions_answered (id, session_id, question_id, option_chosen_id, numeric_answer, selected_option_ids, answered_at, created_at, updated_at) VALUES ('0ea7f4c0-c0cd-4f9f-9d51-6232a4177c38', '1fb6022e-dcfe-426c-80fd-50e4eb992996', '5ea3794b-cc7c-4540-a21f-d4e269635c96', 'db9ef050-6d75-457d-89e9-29a5012e8e0c', NULL, NULL, '2026-04-27 19:31:50.085257+00', '2026-04-27 19:31:50.085257+00', '2026-04-27 19:31:50.085257+00');
INSERT INTO public.questions_answered (id, session_id, question_id, option_chosen_id, numeric_answer, selected_option_ids, answered_at, created_at, updated_at) VALUES ('b370f1e1-a913-41db-bac8-23e7f05d5a2d', '1fb6022e-dcfe-426c-80fd-50e4eb992996', '4af5b2ec-5f89-42c8-9746-f92e7cc85f68', '909d4c7c-0d75-4d84-af90-ddc6a90868cc', NULL, NULL, '2026-04-27 19:31:50.085257+00', '2026-04-27 19:31:50.085257+00', '2026-04-27 19:31:50.085257+00');
INSERT INTO public.questions_answered (id, session_id, question_id, option_chosen_id, numeric_answer, selected_option_ids, answered_at, created_at, updated_at) VALUES ('4ecb2c88-0803-4397-b2fa-354c31a74565', '1fb6022e-dcfe-426c-80fd-50e4eb992996', 'b12f14bb-c07c-4c3f-b57e-610235e71924', '2d744f52-9f6c-4a29-8f54-64f2c4edf170', NULL, NULL, '2026-04-27 19:31:50.085257+00', '2026-04-27 19:31:50.085257+00', '2026-04-27 19:31:50.085257+00');
INSERT INTO public.questions_answered (id, session_id, question_id, option_chosen_id, numeric_answer, selected_option_ids, answered_at, created_at, updated_at) VALUES ('5deeb296-44a7-403d-8908-5f4a4bb681cc', '1fb6022e-dcfe-426c-80fd-50e4eb992996', 'bf1fa483-353e-44cd-b896-668aafa2397a', '67e3fb1e-cbff-43ff-9aa6-8670e41c0629', NULL, NULL, '2026-04-27 19:31:50.085257+00', '2026-04-27 19:31:50.085257+00', '2026-04-27 19:31:50.085257+00');
INSERT INTO public.questions_answered (id, session_id, question_id, option_chosen_id, numeric_answer, selected_option_ids, answered_at, created_at, updated_at) VALUES ('0fbe5a38-f56d-404d-9942-6cc3985cb345', '1fb6022e-dcfe-426c-80fd-50e4eb992996', '73490f77-21c8-4ebd-be39-5cf7473ad263', 'cc7ea4fa-9489-429d-9fd3-5f92f4477a33', NULL, NULL, '2026-04-27 19:31:50.085257+00', '2026-04-27 19:31:50.085257+00', '2026-04-27 19:31:50.085257+00');
INSERT INTO public.questions_answered (id, session_id, question_id, option_chosen_id, numeric_answer, selected_option_ids, answered_at, created_at, updated_at) VALUES ('28cbcf0c-5a66-48d1-bdcd-dd3c76450f95', 'f4d177e8-c4f3-45a0-af1e-d0e3c936b6c2', '5ea3794b-cc7c-4540-a21f-d4e269635c96', '15525ad9-8e36-4107-9134-f4ed2caa714f', NULL, NULL, '2026-04-27 19:31:50.085257+00', '2026-04-27 19:31:50.085257+00', '2026-04-27 19:31:50.085257+00');
INSERT INTO public.questions_answered (id, session_id, question_id, option_chosen_id, numeric_answer, selected_option_ids, answered_at, created_at, updated_at) VALUES ('0334a12c-bc8e-4dc5-a40a-ff6da651b5b2', 'f4d177e8-c4f3-45a0-af1e-d0e3c936b6c2', '4af5b2ec-5f89-42c8-9746-f92e7cc85f68', '432edb05-4f1b-4430-b407-16dc540b9270', NULL, NULL, '2026-04-27 19:31:50.085257+00', '2026-04-27 19:31:50.085257+00', '2026-04-27 19:31:50.085257+00');
INSERT INTO public.questions_answered (id, session_id, question_id, option_chosen_id, numeric_answer, selected_option_ids, answered_at, created_at, updated_at) VALUES ('27ef5fea-e9f2-42a6-b8d0-aa8377906bef', 'f4d177e8-c4f3-45a0-af1e-d0e3c936b6c2', 'b12f14bb-c07c-4c3f-b57e-610235e71924', '5835c4c8-3d99-45a8-9afc-cf86b3ff48b2', NULL, NULL, '2026-04-27 19:31:50.085257+00', '2026-04-27 19:31:50.085257+00', '2026-04-27 19:31:50.085257+00');
INSERT INTO public.questions_answered (id, session_id, question_id, option_chosen_id, numeric_answer, selected_option_ids, answered_at, created_at, updated_at) VALUES ('3a661e6b-b631-4c91-90d1-0ecf4fe9aa34', 'f4d177e8-c4f3-45a0-af1e-d0e3c936b6c2', 'bf1fa483-353e-44cd-b896-668aafa2397a', 'efe79e39-bdf2-449b-aea5-ee6c2a002158', NULL, NULL, '2026-04-27 19:31:50.085257+00', '2026-04-27 19:31:50.085257+00', '2026-04-27 19:31:50.085257+00');
INSERT INTO public.questions_answered (id, session_id, question_id, option_chosen_id, numeric_answer, selected_option_ids, answered_at, created_at, updated_at) VALUES ('5acb325a-d38b-43fb-8d6a-32f9565b7a0e', 'f4d177e8-c4f3-45a0-af1e-d0e3c936b6c2', '73490f77-21c8-4ebd-be39-5cf7473ad263', 'a81b097c-87ab-47c2-aa60-5ad94466eac7', NULL, NULL, '2026-04-27 19:31:50.085257+00', '2026-04-27 19:31:50.085257+00', '2026-04-27 19:31:50.085257+00');
INSERT INTO public.questions_answered (id, session_id, question_id, option_chosen_id, numeric_answer, selected_option_ids, answered_at, created_at, updated_at) VALUES ('27ee0a6e-e352-46a4-a341-0573182351c1', '50de5b3e-153c-49ea-85e5-a8d75dac0267', '5ea3794b-cc7c-4540-a21f-d4e269635c96', '39a2a518-2141-4464-8763-cd7d2645afb7', NULL, NULL, '2026-04-27 19:31:50.085257+00', '2026-04-27 19:31:50.085257+00', '2026-04-27 19:31:50.085257+00');
INSERT INTO public.questions_answered (id, session_id, question_id, option_chosen_id, numeric_answer, selected_option_ids, answered_at, created_at, updated_at) VALUES ('be9821fd-e2c1-482f-ba45-ba6b31bdd3d6', '50de5b3e-153c-49ea-85e5-a8d75dac0267', '4af5b2ec-5f89-42c8-9746-f92e7cc85f68', '58951cf2-c5cf-4f02-8a67-67325aad9c19', NULL, NULL, '2026-04-27 19:31:50.085257+00', '2026-04-27 19:31:50.085257+00', '2026-04-27 19:31:50.085257+00');
INSERT INTO public.questions_answered (id, session_id, question_id, option_chosen_id, numeric_answer, selected_option_ids, answered_at, created_at, updated_at) VALUES ('e9030319-2cbc-40e0-8c6b-abf98c30c26d', '50de5b3e-153c-49ea-85e5-a8d75dac0267', 'b12f14bb-c07c-4c3f-b57e-610235e71924', 'eb4aa809-1be6-4e4b-97f2-ba12cc986356', NULL, NULL, '2026-04-27 19:31:50.085257+00', '2026-04-27 19:31:50.085257+00', '2026-04-27 19:31:50.085257+00');
INSERT INTO public.questions_answered (id, session_id, question_id, option_chosen_id, numeric_answer, selected_option_ids, answered_at, created_at, updated_at) VALUES ('d0400abc-688c-4bc1-adb0-9245694945a9', '50de5b3e-153c-49ea-85e5-a8d75dac0267', 'bf1fa483-353e-44cd-b896-668aafa2397a', '96f99344-86f1-4090-8324-9a8fdfc1f751', NULL, NULL, '2026-04-27 19:31:50.085257+00', '2026-04-27 19:31:50.085257+00', '2026-04-27 19:31:50.085257+00');
INSERT INTO public.questions_answered (id, session_id, question_id, option_chosen_id, numeric_answer, selected_option_ids, answered_at, created_at, updated_at) VALUES ('99cbf573-7c29-41d9-8361-df1f4cebd8af', '50de5b3e-153c-49ea-85e5-a8d75dac0267', '73490f77-21c8-4ebd-be39-5cf7473ad263', '56daceae-87ac-4cbe-ad8e-8274597e8622', NULL, NULL, '2026-04-27 19:31:50.085257+00', '2026-04-27 19:31:50.085257+00', '2026-04-27 19:31:50.085257+00');
INSERT INTO public.questions_answered (id, session_id, question_id, option_chosen_id, numeric_answer, selected_option_ids, answered_at, created_at, updated_at) VALUES ('1913c39e-3a14-48c2-ae49-b56ce7edeb0c', 'b1e293d1-8150-456a-94ec-8fb56663f7a7', '5ea3794b-cc7c-4540-a21f-d4e269635c96', '7233342f-de27-4167-be6f-0e786b999f78', NULL, NULL, '2026-04-27 19:31:50.085257+00', '2026-04-27 19:31:50.085257+00', '2026-04-27 19:31:50.085257+00');
INSERT INTO public.questions_answered (id, session_id, question_id, option_chosen_id, numeric_answer, selected_option_ids, answered_at, created_at, updated_at) VALUES ('b60cac99-6d0d-4878-9206-800c3e49c088', 'b1e293d1-8150-456a-94ec-8fb56663f7a7', '4af5b2ec-5f89-42c8-9746-f92e7cc85f68', 'acbf67bd-a733-4285-a80d-ca50510d05cb', NULL, NULL, '2026-04-27 19:31:50.085257+00', '2026-04-27 19:31:50.085257+00', '2026-04-27 19:31:50.085257+00');
INSERT INTO public.questions_answered (id, session_id, question_id, option_chosen_id, numeric_answer, selected_option_ids, answered_at, created_at, updated_at) VALUES ('f4d7e6c3-f905-4036-9194-f87bbb6c2756', 'b1e293d1-8150-456a-94ec-8fb56663f7a7', 'b12f14bb-c07c-4c3f-b57e-610235e71924', 'efbc7aa6-5cc0-4073-945a-83ccf2190c25', NULL, NULL, '2026-04-27 19:31:50.085257+00', '2026-04-27 19:31:50.085257+00', '2026-04-27 19:31:50.085257+00');
INSERT INTO public.questions_answered (id, session_id, question_id, option_chosen_id, numeric_answer, selected_option_ids, answered_at, created_at, updated_at) VALUES ('75040223-aa37-4ec0-9a8a-545544f9c81c', 'b1e293d1-8150-456a-94ec-8fb56663f7a7', 'bf1fa483-353e-44cd-b896-668aafa2397a', '19041d28-552e-4c03-9748-7e284b38a499', NULL, NULL, '2026-04-27 19:31:50.085257+00', '2026-04-27 19:31:50.085257+00', '2026-04-27 19:31:50.085257+00');
INSERT INTO public.questions_answered (id, session_id, question_id, option_chosen_id, numeric_answer, selected_option_ids, answered_at, created_at, updated_at) VALUES ('93d41fd0-4ef6-4fd6-bff0-84662758a404', 'b1e293d1-8150-456a-94ec-8fb56663f7a7', '73490f77-21c8-4ebd-be39-5cf7473ad263', '6405692e-3aee-47ea-9223-63c7edfea5bc', NULL, NULL, '2026-04-27 19:31:50.085257+00', '2026-04-27 19:31:50.085257+00', '2026-04-27 19:31:50.085257+00');
INSERT INTO public.questions_answered (id, session_id, question_id, option_chosen_id, numeric_answer, selected_option_ids, answered_at, created_at, updated_at) VALUES ('7ebd1484-d6f5-45bd-870c-015348ed6fd3', '2819c421-d8d1-4c1a-8d9f-98ed2746ca4b', '5ea3794b-cc7c-4540-a21f-d4e269635c96', 'db9ef050-6d75-457d-89e9-29a5012e8e0c', NULL, NULL, '2026-04-27 19:31:50.085257+00', '2026-04-27 19:31:50.085257+00', '2026-04-27 19:31:50.085257+00');
INSERT INTO public.questions_answered (id, session_id, question_id, option_chosen_id, numeric_answer, selected_option_ids, answered_at, created_at, updated_at) VALUES ('40158f86-69c5-4a5a-a887-31c0ea785ece', '2819c421-d8d1-4c1a-8d9f-98ed2746ca4b', '4af5b2ec-5f89-42c8-9746-f92e7cc85f68', '909d4c7c-0d75-4d84-af90-ddc6a90868cc', NULL, NULL, '2026-04-27 19:31:50.085257+00', '2026-04-27 19:31:50.085257+00', '2026-04-27 19:31:50.085257+00');
INSERT INTO public.questions_answered (id, session_id, question_id, option_chosen_id, numeric_answer, selected_option_ids, answered_at, created_at, updated_at) VALUES ('736ae8a9-6f83-4d25-bfd8-71cdf36a8c76', '2819c421-d8d1-4c1a-8d9f-98ed2746ca4b', 'b12f14bb-c07c-4c3f-b57e-610235e71924', '2d744f52-9f6c-4a29-8f54-64f2c4edf170', NULL, NULL, '2026-04-27 19:31:50.085257+00', '2026-04-27 19:31:50.085257+00', '2026-04-27 19:31:50.085257+00');
INSERT INTO public.questions_answered (id, session_id, question_id, option_chosen_id, numeric_answer, selected_option_ids, answered_at, created_at, updated_at) VALUES ('612d76a8-705d-4e20-b217-de7df4b06f9a', '2819c421-d8d1-4c1a-8d9f-98ed2746ca4b', 'bf1fa483-353e-44cd-b896-668aafa2397a', '67e3fb1e-cbff-43ff-9aa6-8670e41c0629', NULL, NULL, '2026-04-27 19:31:50.085257+00', '2026-04-27 19:31:50.085257+00', '2026-04-27 19:31:50.085257+00');
INSERT INTO public.questions_answered (id, session_id, question_id, option_chosen_id, numeric_answer, selected_option_ids, answered_at, created_at, updated_at) VALUES ('79ae8faa-04ec-4082-88e3-aeeb9d359324', '2819c421-d8d1-4c1a-8d9f-98ed2746ca4b', '73490f77-21c8-4ebd-be39-5cf7473ad263', 'cc7ea4fa-9489-429d-9fd3-5f92f4477a33', NULL, NULL, '2026-04-27 19:31:50.085257+00', '2026-04-27 19:31:50.085257+00', '2026-04-27 19:31:50.085257+00');
INSERT INTO public.questions_answered (id, session_id, question_id, option_chosen_id, numeric_answer, selected_option_ids, answered_at, created_at, updated_at) VALUES ('e5652012-c8ea-4f0b-bfa7-0eab361bfd9a', 'cd41adae-f344-443e-9c6b-8df7d2b7218e', '5ea3794b-cc7c-4540-a21f-d4e269635c96', '15525ad9-8e36-4107-9134-f4ed2caa714f', NULL, NULL, '2026-04-27 19:31:50.085257+00', '2026-04-27 19:31:50.085257+00', '2026-04-27 19:31:50.085257+00');
INSERT INTO public.questions_answered (id, session_id, question_id, option_chosen_id, numeric_answer, selected_option_ids, answered_at, created_at, updated_at) VALUES ('5dcfa6b3-1715-4dfd-8797-bc40cfbab52f', 'cd41adae-f344-443e-9c6b-8df7d2b7218e', '4af5b2ec-5f89-42c8-9746-f92e7cc85f68', '432edb05-4f1b-4430-b407-16dc540b9270', NULL, NULL, '2026-04-27 19:31:50.085257+00', '2026-04-27 19:31:50.085257+00', '2026-04-27 19:31:50.085257+00');
INSERT INTO public.questions_answered (id, session_id, question_id, option_chosen_id, numeric_answer, selected_option_ids, answered_at, created_at, updated_at) VALUES ('0a7d985d-0310-496a-beb9-8fda583fbd99', 'cd41adae-f344-443e-9c6b-8df7d2b7218e', 'b12f14bb-c07c-4c3f-b57e-610235e71924', '5835c4c8-3d99-45a8-9afc-cf86b3ff48b2', NULL, NULL, '2026-04-27 19:31:50.085257+00', '2026-04-27 19:31:50.085257+00', '2026-04-27 19:31:50.085257+00');
INSERT INTO public.questions_answered (id, session_id, question_id, option_chosen_id, numeric_answer, selected_option_ids, answered_at, created_at, updated_at) VALUES ('c8535124-b622-4000-b3a1-8e9633595ac0', 'cd41adae-f344-443e-9c6b-8df7d2b7218e', 'bf1fa483-353e-44cd-b896-668aafa2397a', 'efe79e39-bdf2-449b-aea5-ee6c2a002158', NULL, NULL, '2026-04-27 19:31:50.085257+00', '2026-04-27 19:31:50.085257+00', '2026-04-27 19:31:50.085257+00');
INSERT INTO public.questions_answered (id, session_id, question_id, option_chosen_id, numeric_answer, selected_option_ids, answered_at, created_at, updated_at) VALUES ('f79f3032-1a9d-4580-b2a6-7917c7ab71d3', 'cd41adae-f344-443e-9c6b-8df7d2b7218e', '73490f77-21c8-4ebd-be39-5cf7473ad263', 'a81b097c-87ab-47c2-aa60-5ad94466eac7', NULL, NULL, '2026-04-27 19:31:50.085257+00', '2026-04-27 19:31:50.085257+00', '2026-04-27 19:31:50.085257+00');
INSERT INTO public.questions_answered (id, session_id, question_id, option_chosen_id, numeric_answer, selected_option_ids, answered_at, created_at, updated_at) VALUES ('8c9a4863-3e78-4a47-a022-c95d287b526b', 'f22f18ea-1ea5-42bf-8469-9d372f709162', '5ea3794b-cc7c-4540-a21f-d4e269635c96', '7233342f-de27-4167-be6f-0e786b999f78', NULL, NULL, '2026-04-27 19:31:50.085257+00', '2026-04-27 19:31:50.085257+00', '2026-04-27 19:31:50.085257+00');
INSERT INTO public.questions_answered (id, session_id, question_id, option_chosen_id, numeric_answer, selected_option_ids, answered_at, created_at, updated_at) VALUES ('b3903752-d92c-4114-83a6-fa1867746c48', '2558d42f-7ccf-47c5-9522-024009c25976', '5ea3794b-cc7c-4540-a21f-d4e269635c96', '7233342f-de27-4167-be6f-0e786b999f78', NULL, NULL, '2026-04-27 19:31:50.085257+00', '2026-04-27 19:31:50.085257+00', '2026-04-27 19:31:50.085257+00');
INSERT INTO public.questions_answered (id, session_id, question_id, option_chosen_id, numeric_answer, selected_option_ids, answered_at, created_at, updated_at) VALUES ('15fdfbbf-8c19-42be-80a4-32f416d217fc', '3068a83d-079f-49ba-920d-a6a521fe68ea', '3d650fd3-7417-4cd8-bbf0-18bdfb453e3e', NULL, NULL, '{01c98b8f-4d37-48af-b123-bc61fa73baa3,959e665c-2067-4916-92eb-6a5e63d6731f}', '2026-04-27 19:32:21.271346+00', '2026-04-27 19:32:21.271346+00', '2026-04-27 19:32:21.271346+00');
INSERT INTO public.questions_answered (id, session_id, question_id, option_chosen_id, numeric_answer, selected_option_ids, answered_at, created_at, updated_at) VALUES ('d7ce7034-ec95-44d6-9a38-fee09ba05083', '3068a83d-079f-49ba-920d-a6a521fe68ea', '967a4551-215d-4dcf-960e-45025ab9fdfd', NULL, NULL, '{ebd07ea7-5b47-427b-abeb-82cf49502627,35b5a8fd-6092-45c3-9fbc-14b8bfc96e88}', '2026-04-27 19:32:21.271346+00', '2026-04-27 19:32:21.271346+00', '2026-04-27 19:32:21.271346+00');
INSERT INTO public.questions_answered (id, session_id, question_id, option_chosen_id, numeric_answer, selected_option_ids, answered_at, created_at, updated_at) VALUES ('0e3a1fa2-5652-46a2-af01-5384e4121be4', '3068a83d-079f-49ba-920d-a6a521fe68ea', 'ea54230e-abc7-4b71-8d31-02a4d2f44958', '7a0e26a1-8f30-4f92-b77d-fc41b426a8b8', NULL, NULL, '2026-04-27 19:32:21.271346+00', '2026-04-27 19:32:21.271346+00', '2026-04-27 19:32:21.271346+00');
INSERT INTO public.questions_answered (id, session_id, question_id, option_chosen_id, numeric_answer, selected_option_ids, answered_at, created_at, updated_at) VALUES ('cd2015b0-3cbb-47ac-b4a5-b671ce6f8494', '3068a83d-079f-49ba-920d-a6a521fe68ea', '087fe57b-51d1-4c60-9d22-030eef377e28', 'b80a2856-809a-4468-8c64-f3a3ef907718', NULL, NULL, '2026-04-27 19:32:21.271346+00', '2026-04-27 19:32:21.271346+00', '2026-04-27 19:32:21.271346+00');
INSERT INTO public.questions_answered (id, session_id, question_id, option_chosen_id, numeric_answer, selected_option_ids, answered_at, created_at, updated_at) VALUES ('35e466e1-51ac-479d-9b4e-9712d83580e2', '3068a83d-079f-49ba-920d-a6a521fe68ea', '87fccd9e-ac4f-484a-ac77-d55aa2e4e4f1', '3c8fd4fa-96fb-49e8-ab1b-7e68bbcbe6e1', NULL, NULL, '2026-04-27 19:32:21.271346+00', '2026-04-27 19:32:21.271346+00', '2026-04-27 19:32:21.271346+00');
INSERT INTO public.questions_answered (id, session_id, question_id, option_chosen_id, numeric_answer, selected_option_ids, answered_at, created_at, updated_at) VALUES ('1d7f4523-ff3f-40de-bcf8-9ed4bcd9fcc2', '3068a83d-079f-49ba-920d-a6a521fe68ea', 'da8539c6-4cee-4218-9520-25d291947dab', 'e39b615d-0bf5-4b4b-af9c-3dde0f0c9b20', NULL, NULL, '2026-04-27 19:32:21.271346+00', '2026-04-27 19:32:21.271346+00', '2026-04-27 19:32:21.271346+00');
INSERT INTO public.questions_answered (id, session_id, question_id, option_chosen_id, numeric_answer, selected_option_ids, answered_at, created_at, updated_at) VALUES ('18d99d94-2cdb-4e93-8a8a-26d7f9e031cd', '3068a83d-079f-49ba-920d-a6a521fe68ea', 'f2bc1a3b-27c5-4e6b-a1e9-f6dda0a542a0', '3a5f0be7-426f-4ccc-975b-32c99e21d37b', NULL, NULL, '2026-04-27 19:32:21.271346+00', '2026-04-27 19:32:21.271346+00', '2026-04-27 19:32:21.271346+00');
INSERT INTO public.questions_answered (id, session_id, question_id, option_chosen_id, numeric_answer, selected_option_ids, answered_at, created_at, updated_at) VALUES ('5bcdd640-f1b3-4b68-95aa-faff732288c9', '2c22a6da-ff8e-412e-b036-680a55c980a4', '3d650fd3-7417-4cd8-bbf0-18bdfb453e3e', NULL, NULL, '{01c98b8f-4d37-48af-b123-bc61fa73baa3,959e665c-2067-4916-92eb-6a5e63d6731f,7e235ea5-a7fc-4f85-ba69-ec808371c61d}', '2026-04-27 19:32:21.271346+00', '2026-04-27 19:32:21.271346+00', '2026-04-27 19:32:21.271346+00');
INSERT INTO public.questions_answered (id, session_id, question_id, option_chosen_id, numeric_answer, selected_option_ids, answered_at, created_at, updated_at) VALUES ('7b4a8623-82c6-437f-81ed-040f38d333dd', '2c22a6da-ff8e-412e-b036-680a55c980a4', '967a4551-215d-4dcf-960e-45025ab9fdfd', NULL, NULL, '{ebd07ea7-5b47-427b-abeb-82cf49502627,35b5a8fd-6092-45c3-9fbc-14b8bfc96e88,cdc8beed-68ce-4980-b36b-08c99f25b2b7}', '2026-04-27 19:32:21.271346+00', '2026-04-27 19:32:21.271346+00', '2026-04-27 19:32:21.271346+00');
INSERT INTO public.questions_answered (id, session_id, question_id, option_chosen_id, numeric_answer, selected_option_ids, answered_at, created_at, updated_at) VALUES ('b418728e-2d3e-4fe4-aa44-bc48aaacb790', '2c22a6da-ff8e-412e-b036-680a55c980a4', 'ea54230e-abc7-4b71-8d31-02a4d2f44958', '7a0e26a1-8f30-4f92-b77d-fc41b426a8b8', NULL, NULL, '2026-04-27 19:32:21.271346+00', '2026-04-27 19:32:21.271346+00', '2026-04-27 19:32:21.271346+00');
INSERT INTO public.questions_answered (id, session_id, question_id, option_chosen_id, numeric_answer, selected_option_ids, answered_at, created_at, updated_at) VALUES ('7c91150d-5020-4864-9d1e-35f89cfb3365', '2c22a6da-ff8e-412e-b036-680a55c980a4', '087fe57b-51d1-4c60-9d22-030eef377e28', 'b80a2856-809a-4468-8c64-f3a3ef907718', NULL, NULL, '2026-04-27 19:32:21.271346+00', '2026-04-27 19:32:21.271346+00', '2026-04-27 19:32:21.271346+00');
INSERT INTO public.questions_answered (id, session_id, question_id, option_chosen_id, numeric_answer, selected_option_ids, answered_at, created_at, updated_at) VALUES ('54e7de6f-f733-46b5-bad1-b43f167ea4cb', '2c22a6da-ff8e-412e-b036-680a55c980a4', '87fccd9e-ac4f-484a-ac77-d55aa2e4e4f1', '3c8fd4fa-96fb-49e8-ab1b-7e68bbcbe6e1', NULL, NULL, '2026-04-27 19:32:21.271346+00', '2026-04-27 19:32:21.271346+00', '2026-04-27 19:32:21.271346+00');
INSERT INTO public.questions_answered (id, session_id, question_id, option_chosen_id, numeric_answer, selected_option_ids, answered_at, created_at, updated_at) VALUES ('8596ea9e-f3ed-486a-9a3c-f5f792c8a0c7', '2c22a6da-ff8e-412e-b036-680a55c980a4', 'da8539c6-4cee-4218-9520-25d291947dab', 'e39b615d-0bf5-4b4b-af9c-3dde0f0c9b20', NULL, NULL, '2026-04-27 19:32:21.271346+00', '2026-04-27 19:32:21.271346+00', '2026-04-27 19:32:21.271346+00');
INSERT INTO public.questions_answered (id, session_id, question_id, option_chosen_id, numeric_answer, selected_option_ids, answered_at, created_at, updated_at) VALUES ('47385507-dab9-46f7-8ce5-d2f3dfebcb06', '2c22a6da-ff8e-412e-b036-680a55c980a4', 'f2bc1a3b-27c5-4e6b-a1e9-f6dda0a542a0', '3a5f0be7-426f-4ccc-975b-32c99e21d37b', NULL, NULL, '2026-04-27 19:32:21.271346+00', '2026-04-27 19:32:21.271346+00', '2026-04-27 19:32:21.271346+00');
INSERT INTO public.questions_answered (id, session_id, question_id, option_chosen_id, numeric_answer, selected_option_ids, answered_at, created_at, updated_at) VALUES ('13b45fa0-9de4-4c01-a788-7eb635855389', 'af250a4b-2944-45ff-bd8d-ee23d26aa72a', '3d650fd3-7417-4cd8-bbf0-18bdfb453e3e', NULL, NULL, '{01c98b8f-4d37-48af-b123-bc61fa73baa3,959e665c-2067-4916-92eb-6a5e63d6731f,7e235ea5-a7fc-4f85-ba69-ec808371c61d,74a93042-03b8-4cfe-8eb2-82c81fe7e937}', '2026-04-27 19:32:21.271346+00', '2026-04-27 19:32:21.271346+00', '2026-04-27 19:32:21.271346+00');
INSERT INTO public.questions_answered (id, session_id, question_id, option_chosen_id, numeric_answer, selected_option_ids, answered_at, created_at, updated_at) VALUES ('a907af1f-a063-4df4-aab6-a6b1ee62bb54', 'af250a4b-2944-45ff-bd8d-ee23d26aa72a', '967a4551-215d-4dcf-960e-45025ab9fdfd', NULL, NULL, '{ebd07ea7-5b47-427b-abeb-82cf49502627,35b5a8fd-6092-45c3-9fbc-14b8bfc96e88,cdc8beed-68ce-4980-b36b-08c99f25b2b7,f000c0dc-5b80-4fe7-b1ed-29c40c033252}', '2026-04-27 19:32:21.271346+00', '2026-04-27 19:32:21.271346+00', '2026-04-27 19:32:21.271346+00');
INSERT INTO public.questions_answered (id, session_id, question_id, option_chosen_id, numeric_answer, selected_option_ids, answered_at, created_at, updated_at) VALUES ('13bd782c-ec5e-4066-8c73-1fd4d71fb00f', 'af250a4b-2944-45ff-bd8d-ee23d26aa72a', 'ea54230e-abc7-4b71-8d31-02a4d2f44958', '7a0e26a1-8f30-4f92-b77d-fc41b426a8b8', NULL, NULL, '2026-04-27 19:32:21.271346+00', '2026-04-27 19:32:21.271346+00', '2026-04-27 19:32:21.271346+00');
INSERT INTO public.questions_answered (id, session_id, question_id, option_chosen_id, numeric_answer, selected_option_ids, answered_at, created_at, updated_at) VALUES ('5e411831-9fcd-4bfc-bd22-3ad1ef400d65', 'af250a4b-2944-45ff-bd8d-ee23d26aa72a', '087fe57b-51d1-4c60-9d22-030eef377e28', 'b80a2856-809a-4468-8c64-f3a3ef907718', NULL, NULL, '2026-04-27 19:32:21.271346+00', '2026-04-27 19:32:21.271346+00', '2026-04-27 19:32:21.271346+00');
INSERT INTO public.questions_answered (id, session_id, question_id, option_chosen_id, numeric_answer, selected_option_ids, answered_at, created_at, updated_at) VALUES ('f7290429-84d7-4fd7-8520-78ad17a6e6fe', 'af250a4b-2944-45ff-bd8d-ee23d26aa72a', '87fccd9e-ac4f-484a-ac77-d55aa2e4e4f1', '3c8fd4fa-96fb-49e8-ab1b-7e68bbcbe6e1', NULL, NULL, '2026-04-27 19:32:21.271346+00', '2026-04-27 19:32:21.271346+00', '2026-04-27 19:32:21.271346+00');
INSERT INTO public.questions_answered (id, session_id, question_id, option_chosen_id, numeric_answer, selected_option_ids, answered_at, created_at, updated_at) VALUES ('c824bada-abd7-4ce9-8543-0bf939606cee', 'af250a4b-2944-45ff-bd8d-ee23d26aa72a', 'da8539c6-4cee-4218-9520-25d291947dab', 'e39b615d-0bf5-4b4b-af9c-3dde0f0c9b20', NULL, NULL, '2026-04-27 19:32:21.271346+00', '2026-04-27 19:32:21.271346+00', '2026-04-27 19:32:21.271346+00');
INSERT INTO public.questions_answered (id, session_id, question_id, option_chosen_id, numeric_answer, selected_option_ids, answered_at, created_at, updated_at) VALUES ('bbcf235e-a9d2-4958-95f4-6983930fd867', 'af250a4b-2944-45ff-bd8d-ee23d26aa72a', 'f2bc1a3b-27c5-4e6b-a1e9-f6dda0a542a0', '3a5f0be7-426f-4ccc-975b-32c99e21d37b', NULL, NULL, '2026-04-27 19:32:21.271346+00', '2026-04-27 19:32:21.271346+00', '2026-04-27 19:32:21.271346+00');
INSERT INTO public.questions_answered (id, session_id, question_id, option_chosen_id, numeric_answer, selected_option_ids, answered_at, created_at, updated_at) VALUES ('8c89875b-1e5b-4d67-878b-7ada3f8652b9', '96526884-b11b-48cd-8031-18a7de486102', '3d650fd3-7417-4cd8-bbf0-18bdfb453e3e', NULL, NULL, '{01c98b8f-4d37-48af-b123-bc61fa73baa3}', '2026-04-27 19:32:21.271346+00', '2026-04-27 19:32:21.271346+00', '2026-04-27 19:32:21.271346+00');
INSERT INTO public.questions_answered (id, session_id, question_id, option_chosen_id, numeric_answer, selected_option_ids, answered_at, created_at, updated_at) VALUES ('bd18823b-ed1a-43d1-8d53-299192ae5a10', '96526884-b11b-48cd-8031-18a7de486102', '967a4551-215d-4dcf-960e-45025ab9fdfd', NULL, NULL, '{ebd07ea7-5b47-427b-abeb-82cf49502627}', '2026-04-27 19:32:21.271346+00', '2026-04-27 19:32:21.271346+00', '2026-04-27 19:32:21.271346+00');
INSERT INTO public.questions_answered (id, session_id, question_id, option_chosen_id, numeric_answer, selected_option_ids, answered_at, created_at, updated_at) VALUES ('cc6b8198-3f75-48fe-8c69-12ff68b655a4', '96526884-b11b-48cd-8031-18a7de486102', 'ea54230e-abc7-4b71-8d31-02a4d2f44958', '7a0e26a1-8f30-4f92-b77d-fc41b426a8b8', NULL, NULL, '2026-04-27 19:32:21.271346+00', '2026-04-27 19:32:21.271346+00', '2026-04-27 19:32:21.271346+00');
INSERT INTO public.questions_answered (id, session_id, question_id, option_chosen_id, numeric_answer, selected_option_ids, answered_at, created_at, updated_at) VALUES ('cf4dfed8-d38f-4b01-a8d7-5cf75878588e', '96526884-b11b-48cd-8031-18a7de486102', '087fe57b-51d1-4c60-9d22-030eef377e28', 'b80a2856-809a-4468-8c64-f3a3ef907718', NULL, NULL, '2026-04-27 19:32:21.271346+00', '2026-04-27 19:32:21.271346+00', '2026-04-27 19:32:21.271346+00');
INSERT INTO public.questions_answered (id, session_id, question_id, option_chosen_id, numeric_answer, selected_option_ids, answered_at, created_at, updated_at) VALUES ('8ab90200-1a85-4377-a0c4-eb123643ba1a', '96526884-b11b-48cd-8031-18a7de486102', '87fccd9e-ac4f-484a-ac77-d55aa2e4e4f1', '3c8fd4fa-96fb-49e8-ab1b-7e68bbcbe6e1', NULL, NULL, '2026-04-27 19:32:21.271346+00', '2026-04-27 19:32:21.271346+00', '2026-04-27 19:32:21.271346+00');
INSERT INTO public.questions_answered (id, session_id, question_id, option_chosen_id, numeric_answer, selected_option_ids, answered_at, created_at, updated_at) VALUES ('67e94990-9064-4b96-8ae3-62deb0d3e0f1', '96526884-b11b-48cd-8031-18a7de486102', 'da8539c6-4cee-4218-9520-25d291947dab', 'e39b615d-0bf5-4b4b-af9c-3dde0f0c9b20', NULL, NULL, '2026-04-27 19:32:21.271346+00', '2026-04-27 19:32:21.271346+00', '2026-04-27 19:32:21.271346+00');
INSERT INTO public.questions_answered (id, session_id, question_id, option_chosen_id, numeric_answer, selected_option_ids, answered_at, created_at, updated_at) VALUES ('f71f4a4c-dee0-4c10-941c-d26a419c4e88', '96526884-b11b-48cd-8031-18a7de486102', 'f2bc1a3b-27c5-4e6b-a1e9-f6dda0a542a0', '3a5f0be7-426f-4ccc-975b-32c99e21d37b', NULL, NULL, '2026-04-27 19:32:21.271346+00', '2026-04-27 19:32:21.271346+00', '2026-04-27 19:32:21.271346+00');
INSERT INTO public.questions_answered (id, session_id, question_id, option_chosen_id, numeric_answer, selected_option_ids, answered_at, created_at, updated_at) VALUES ('c720ff1d-7e52-4ee2-9241-90be22252dec', '8154ee8e-d0f5-4dec-921a-7d6899f11db2', '3d650fd3-7417-4cd8-bbf0-18bdfb453e3e', NULL, NULL, '{01c98b8f-4d37-48af-b123-bc61fa73baa3,959e665c-2067-4916-92eb-6a5e63d6731f}', '2026-04-27 19:32:21.271346+00', '2026-04-27 19:32:21.271346+00', '2026-04-27 19:32:21.271346+00');
INSERT INTO public.questions_answered (id, session_id, question_id, option_chosen_id, numeric_answer, selected_option_ids, answered_at, created_at, updated_at) VALUES ('b276f6f9-fba7-4eeb-9d0c-d89938af32a1', '8154ee8e-d0f5-4dec-921a-7d6899f11db2', '967a4551-215d-4dcf-960e-45025ab9fdfd', NULL, NULL, '{ebd07ea7-5b47-427b-abeb-82cf49502627,35b5a8fd-6092-45c3-9fbc-14b8bfc96e88}', '2026-04-27 19:32:21.271346+00', '2026-04-27 19:32:21.271346+00', '2026-04-27 19:32:21.271346+00');
INSERT INTO public.questions_answered (id, session_id, question_id, option_chosen_id, numeric_answer, selected_option_ids, answered_at, created_at, updated_at) VALUES ('51e3874b-3cb3-4a35-b7b4-cd2800cf3ada', '8154ee8e-d0f5-4dec-921a-7d6899f11db2', 'ea54230e-abc7-4b71-8d31-02a4d2f44958', '7a0e26a1-8f30-4f92-b77d-fc41b426a8b8', NULL, NULL, '2026-04-27 19:32:21.271346+00', '2026-04-27 19:32:21.271346+00', '2026-04-27 19:32:21.271346+00');
INSERT INTO public.questions_answered (id, session_id, question_id, option_chosen_id, numeric_answer, selected_option_ids, answered_at, created_at, updated_at) VALUES ('1ca2ba82-645d-4e2e-a11b-5b441c56f933', '8154ee8e-d0f5-4dec-921a-7d6899f11db2', '087fe57b-51d1-4c60-9d22-030eef377e28', 'b80a2856-809a-4468-8c64-f3a3ef907718', NULL, NULL, '2026-04-27 19:32:21.271346+00', '2026-04-27 19:32:21.271346+00', '2026-04-27 19:32:21.271346+00');
INSERT INTO public.questions_answered (id, session_id, question_id, option_chosen_id, numeric_answer, selected_option_ids, answered_at, created_at, updated_at) VALUES ('a5117a26-29fc-4de6-b8a4-4d25f0a9a27b', '8154ee8e-d0f5-4dec-921a-7d6899f11db2', '87fccd9e-ac4f-484a-ac77-d55aa2e4e4f1', '3c8fd4fa-96fb-49e8-ab1b-7e68bbcbe6e1', NULL, NULL, '2026-04-27 19:32:21.271346+00', '2026-04-27 19:32:21.271346+00', '2026-04-27 19:32:21.271346+00');
INSERT INTO public.questions_answered (id, session_id, question_id, option_chosen_id, numeric_answer, selected_option_ids, answered_at, created_at, updated_at) VALUES ('6347353f-fd1a-4c72-971f-1c1517571757', '8154ee8e-d0f5-4dec-921a-7d6899f11db2', 'da8539c6-4cee-4218-9520-25d291947dab', 'e39b615d-0bf5-4b4b-af9c-3dde0f0c9b20', NULL, NULL, '2026-04-27 19:32:21.271346+00', '2026-04-27 19:32:21.271346+00', '2026-04-27 19:32:21.271346+00');
INSERT INTO public.questions_answered (id, session_id, question_id, option_chosen_id, numeric_answer, selected_option_ids, answered_at, created_at, updated_at) VALUES ('00f0c197-0656-4891-b6fb-fe794702ef9f', '8154ee8e-d0f5-4dec-921a-7d6899f11db2', 'f2bc1a3b-27c5-4e6b-a1e9-f6dda0a542a0', '3a5f0be7-426f-4ccc-975b-32c99e21d37b', NULL, NULL, '2026-04-27 19:32:21.271346+00', '2026-04-27 19:32:21.271346+00', '2026-04-27 19:32:21.271346+00');
INSERT INTO public.questions_answered (id, session_id, question_id, option_chosen_id, numeric_answer, selected_option_ids, answered_at, created_at, updated_at) VALUES ('195a90e0-7534-4361-a63a-d8d4591ad7a9', '5a83f9b4-46a7-4be9-9790-d4223b750e65', '3d650fd3-7417-4cd8-bbf0-18bdfb453e3e', NULL, NULL, '{01c98b8f-4d37-48af-b123-bc61fa73baa3,959e665c-2067-4916-92eb-6a5e63d6731f,7e235ea5-a7fc-4f85-ba69-ec808371c61d}', '2026-04-27 19:32:21.271346+00', '2026-04-27 19:32:21.271346+00', '2026-04-27 19:32:21.271346+00');
INSERT INTO public.questions_answered (id, session_id, question_id, option_chosen_id, numeric_answer, selected_option_ids, answered_at, created_at, updated_at) VALUES ('3177c1f2-8d05-4e8b-b5f3-d5adfadd7578', '5a83f9b4-46a7-4be9-9790-d4223b750e65', '967a4551-215d-4dcf-960e-45025ab9fdfd', NULL, NULL, '{ebd07ea7-5b47-427b-abeb-82cf49502627,35b5a8fd-6092-45c3-9fbc-14b8bfc96e88,cdc8beed-68ce-4980-b36b-08c99f25b2b7}', '2026-04-27 19:32:21.271346+00', '2026-04-27 19:32:21.271346+00', '2026-04-27 19:32:21.271346+00');
INSERT INTO public.questions_answered (id, session_id, question_id, option_chosen_id, numeric_answer, selected_option_ids, answered_at, created_at, updated_at) VALUES ('abed349c-984d-464f-9b23-4cb8b3338fd4', '5a83f9b4-46a7-4be9-9790-d4223b750e65', 'ea54230e-abc7-4b71-8d31-02a4d2f44958', '7a0e26a1-8f30-4f92-b77d-fc41b426a8b8', NULL, NULL, '2026-04-27 19:32:21.271346+00', '2026-04-27 19:32:21.271346+00', '2026-04-27 19:32:21.271346+00');
INSERT INTO public.questions_answered (id, session_id, question_id, option_chosen_id, numeric_answer, selected_option_ids, answered_at, created_at, updated_at) VALUES ('5ffe6077-af46-4aa9-8464-7727c87a07ed', '5a83f9b4-46a7-4be9-9790-d4223b750e65', '087fe57b-51d1-4c60-9d22-030eef377e28', 'b80a2856-809a-4468-8c64-f3a3ef907718', NULL, NULL, '2026-04-27 19:32:21.271346+00', '2026-04-27 19:32:21.271346+00', '2026-04-27 19:32:21.271346+00');
INSERT INTO public.questions_answered (id, session_id, question_id, option_chosen_id, numeric_answer, selected_option_ids, answered_at, created_at, updated_at) VALUES ('413a686b-4a51-4145-a6d8-d1cf6773d5e3', '5a83f9b4-46a7-4be9-9790-d4223b750e65', '87fccd9e-ac4f-484a-ac77-d55aa2e4e4f1', '3c8fd4fa-96fb-49e8-ab1b-7e68bbcbe6e1', NULL, NULL, '2026-04-27 19:32:21.271346+00', '2026-04-27 19:32:21.271346+00', '2026-04-27 19:32:21.271346+00');
INSERT INTO public.questions_answered (id, session_id, question_id, option_chosen_id, numeric_answer, selected_option_ids, answered_at, created_at, updated_at) VALUES ('601130e0-28c7-40b7-a023-02fce4638d86', '5a83f9b4-46a7-4be9-9790-d4223b750e65', 'da8539c6-4cee-4218-9520-25d291947dab', 'e39b615d-0bf5-4b4b-af9c-3dde0f0c9b20', NULL, NULL, '2026-04-27 19:32:21.271346+00', '2026-04-27 19:32:21.271346+00', '2026-04-27 19:32:21.271346+00');
INSERT INTO public.questions_answered (id, session_id, question_id, option_chosen_id, numeric_answer, selected_option_ids, answered_at, created_at, updated_at) VALUES ('dd221578-a5d7-4faf-862c-ff5a1246dbe8', '5a83f9b4-46a7-4be9-9790-d4223b750e65', 'f2bc1a3b-27c5-4e6b-a1e9-f6dda0a542a0', '3a5f0be7-426f-4ccc-975b-32c99e21d37b', NULL, NULL, '2026-04-27 19:32:21.271346+00', '2026-04-27 19:32:21.271346+00', '2026-04-27 19:32:21.271346+00');
INSERT INTO public.questions_answered (id, session_id, question_id, option_chosen_id, numeric_answer, selected_option_ids, answered_at, created_at, updated_at) VALUES ('18cd27da-a413-4a23-aad0-5ba3d3ee9b3e', '813d10b6-956a-448b-80c3-4de852708e36', '3d650fd3-7417-4cd8-bbf0-18bdfb453e3e', NULL, NULL, '{01c98b8f-4d37-48af-b123-bc61fa73baa3}', '2026-04-27 19:32:21.271346+00', '2026-04-27 19:32:21.271346+00', '2026-04-27 19:32:21.271346+00');
INSERT INTO public.questions_answered (id, session_id, question_id, option_chosen_id, numeric_answer, selected_option_ids, answered_at, created_at, updated_at) VALUES ('7a24c528-feeb-4f0c-a1d4-223defc65ca9', 'e70a9cd7-6158-42e1-ac1b-e5e7c10da2a0', '3d650fd3-7417-4cd8-bbf0-18bdfb453e3e', NULL, NULL, '{01c98b8f-4d37-48af-b123-bc61fa73baa3}', '2026-04-27 19:32:21.271346+00', '2026-04-27 19:32:21.271346+00', '2026-04-27 19:32:21.271346+00');
INSERT INTO public.result (id, quiz_id, title_text, description, cta_text, cta_url, range_lo, range_hi, created_at, updated_at) VALUES ('0ff46285-40bc-4e44-bb17-97b7baaac32d', '212359b5-4fbd-4eae-94c1-251524608d1d', 'You''re Eating Pretty Clean 🥦', 'Your habits suggest you''re doing a great job avoiding ultra-processed foods. You cook, you read labels, and fast food is a rare treat — keep it up!', 'See How Olive Can Fine-Tune Your Diet', 'https://olive.app/learn', 0, 10, '2026-04-27 19:30:20.60376+00', '2026-04-27 19:30:20.60376+00');
INSERT INTO public.result (id, quiz_id, title_text, description, cta_text, cta_url, range_lo, range_hi, created_at, updated_at) VALUES ('33f44ffc-0355-48a0-8122-e8aa1a50964f', '212359b5-4fbd-4eae-94c1-251524608d1d', 'Not Bad, But There''s Room to Grow 🌿', 'You''ve got solid instincts, but a few ultra-processed habits are sneaking in. Small swaps could make a big difference in how you feel day to day.', 'Explore Olive''s Personalized Tips', 'https://olive.app/start', 11, 22, '2026-04-27 19:30:20.60376+00', '2026-04-27 19:30:20.60376+00');
INSERT INTO public.result (id, quiz_id, title_text, description, cta_text, cta_url, range_lo, range_hi, created_at, updated_at) VALUES ('7655cfaa-604a-469c-a023-1165a6eae418', '212359b5-4fbd-4eae-94c1-251524608d1d', 'Ultra-Processed Foods Are Creeping In 🚧', 'Your diet leans heavily on convenience and packaged foods more often than is ideal. It''s not about perfection — Olive can help you make gradual, sustainable changes.', 'Try Olive and Start Making Changes', 'https://olive.app/start', 23, 34, '2026-04-27 19:30:20.60376+00', '2026-04-27 19:30:20.60376+00');
INSERT INTO public.result (id, quiz_id, title_text, description, cta_text, cta_url, range_lo, range_hi, created_at, updated_at) VALUES ('1f02ab81-dc41-4c73-b1e6-15700016afdb', '212359b5-4fbd-4eae-94c1-251524608d1d', 'Time for a Real Reset 🔴', 'Ultra-processed food is a major part of your daily diet, and it''s likely affecting your energy, gut health, and long-term wellbeing. Olive was built for exactly this moment — let''s change that together.', 'Start Your Olive Reset Today', 'https://olive.app/reset', 35, 48, '2026-04-27 19:30:20.60376+00', '2026-04-27 19:30:20.60376+00');
INSERT INTO public.result (id, quiz_id, title_text, description, cta_text, cta_url, range_lo, range_hi, created_at, updated_at) VALUES ('0b9a3d97-138f-403d-8b86-6a9d5af7b66e', '92f3ce75-5a8e-40d7-b6a8-4a83fcbea49d', 'The Blissfully Unaware', 'Food? Yes. Labels? Never met them. You eat with your heart, your gut, and zero spreadsheets — and honestly, there''s a certain freedom in that. Life''s too short to read the back of a chip bag.', 'Curious what''s actually in your food?', 'https://olive.app/learn', 0, 5, '2026-04-27 19:31:21.812849+00', '2026-04-27 19:31:21.812849+00');
INSERT INTO public.result (id, quiz_id, title_text, description, cta_text, cta_url, range_lo, range_hi, created_at, updated_at) VALUES ('434b404c-32c9-419f-8e38-a97c83779c3a', '92f3ce75-5a8e-40d7-b6a8-4a83fcbea49d', 'The Casual Grazer', 'You care about what you eat — a little. You''ll glance at a label if it''s right there, and you have opinions about food, but you''re not writing a dissertation about it. Balance is your unintentional superpower.', 'Level up your food intuition', 'https://olive.app/start', 6, 11, '2026-04-27 19:31:21.812849+00', '2026-04-27 19:31:21.812849+00');
INSERT INTO public.result (id, quiz_id, title_text, description, cta_text, cta_url, range_lo, range_hi, created_at, updated_at) VALUES ('90d800dc-7ecf-4375-8797-c78321f431a4', '92f3ce75-5a8e-40d7-b6a8-4a83fcbea49d', 'The Conscious Snacker', 'You know enough to be a little stressed about food, but not enough to fully commit to a lifestyle overhaul. You read labels when you remember, you Google ingredients sometimes, and you definitely feel guilty about that last snack.', 'Turn that guilt into knowledge', 'https://olive.app/start', 12, 17, '2026-04-27 19:31:21.812849+00', '2026-04-27 19:31:21.812849+00');
INSERT INTO public.result (id, quiz_id, title_text, description, cta_text, cta_url, range_lo, range_hi, created_at, updated_at) VALUES ('887ca4ab-4ce9-47f1-9888-6d4942ed7648', '92f3ce75-5a8e-40d7-b6a8-4a83fcbea49d', 'The Label Detective', 'Ingredient lists are your love language. You''ve declined food at parties because you couldn''t verify the sourcing. You know what carrageenan is and you have feelings about it. We see you. We are you.', 'Put your skills to work', 'https://olive.app/start', 18, 24, '2026-04-27 19:31:21.812849+00', '2026-04-27 19:31:21.812849+00');
INSERT INTO public.result_screen_clicked (id, session_id, result_id, created_at) VALUES ('d4deb17d-88c5-4de8-8d92-41bf0d2b5b26', '12ab1ae5-c3db-422a-bbc7-7aa1724f9fd2', '0ff46285-40bc-4e44-bb17-97b7baaac32d', '2026-04-27 19:31:46.671685+00');
INSERT INTO public.result_screen_clicked (id, session_id, result_id, created_at) VALUES ('e11cfc54-0def-4449-a88c-ba362eb4dbb3', '8651d4f6-55dd-4c94-ab30-250a552f6de6', '0ff46285-40bc-4e44-bb17-97b7baaac32d', '2026-04-27 19:31:46.671685+00');
INSERT INTO public.result_screen_clicked (id, session_id, result_id, created_at) VALUES ('120ddf42-fb43-4e7a-a19e-47c1e8e5a922', 'ecfff9f7-1b8b-43c6-bd43-a2d1b4808ce9', '0ff46285-40bc-4e44-bb17-97b7baaac32d', '2026-04-27 19:31:46.671685+00');
INSERT INTO public.result_screen_clicked (id, session_id, result_id, created_at) VALUES ('3a42c69d-7927-4185-bc8e-d5bee56afe41', '1fb6022e-dcfe-426c-80fd-50e4eb992996', '0b9a3d97-138f-403d-8b86-6a9d5af7b66e', '2026-04-27 19:31:50.085257+00');
INSERT INTO public.result_screen_clicked (id, session_id, result_id, created_at) VALUES ('26454827-aa70-4a50-b1f4-16515254b444', 'f4d177e8-c4f3-45a0-af1e-d0e3c936b6c2', '0b9a3d97-138f-403d-8b86-6a9d5af7b66e', '2026-04-27 19:31:50.085257+00');
INSERT INTO public.result_screen_clicked (id, session_id, result_id, created_at) VALUES ('232b3448-268f-40e1-856d-5648f25605de', '50de5b3e-153c-49ea-85e5-a8d75dac0267', '0b9a3d97-138f-403d-8b86-6a9d5af7b66e', '2026-04-27 19:31:50.085257+00');

set session_replication_role = 'origin';
