-- Demo seed: 3 example quizzes (one per type) + simulated takes
-- Generated from the brief's exact example prompts.
-- Re-create with: pnpm supabase db reset

set session_replication_role = 'replica';

INSERT INTO public.quiz (id, type, title, description, created_at, updated_at) VALUES ('1b52f940-a5b7-471c-8a4d-78d12f27cf56', 'score', 'Are You Eating Too Much Ultra-Processed Food?', 'Answer a few quick questions about your daily eating habits and we''ll tell you where you stand — no judgment, just honest insights.', '2026-04-28 19:23:51.914788+00', '2026-04-28 19:23:51.914788+00');
INSERT INTO public.quiz (id, type, title, description, created_at, updated_at) VALUES ('82b573e6-0bd6-4407-b65a-2206a3572173', 'tag', 'Let''s personalize your Olive experience 🫒', 'Answer a few quick questions so we can tailor your grocery lists, meal ideas, and ingredient swaps to fit your life. No wrong answers — just your honest habits!', '2026-04-28 19:24:18.906935+00', '2026-04-28 19:24:18.906935+00');
INSERT INTO public.quiz (id, type, title, description, created_at, updated_at) VALUES ('db563400-9f75-4ca6-b6ae-d1c7d7d56a6f', 'card', 'What Kind of Eater Are You?', 'Five quick questions to uncover your true food personality. Are you a meticulous label-reader or a blissfully carefree muncher? Let''s find out.', '2026-04-28 19:24:47.876037+00', '2026-04-28 19:24:47.876037+00');
INSERT INTO public.question (id, quiz_id, text, type, "position", created_at, updated_at) VALUES ('40faccdb-5218-40da-a364-b69fc676f525', '82b573e6-0bd6-4407-b65a-2206a3572173', 'What are your main health goals right now? Pick everything that applies.', 'select_multiple', 0, '2026-04-28 19:24:18.906935+00', '2026-04-28 19:24:18.906935+00');
INSERT INTO public.question (id, quiz_id, text, type, "position", created_at, updated_at) VALUES ('f075f209-18f5-4dbc-b244-c8e40d85becb', '82b573e6-0bd6-4407-b65a-2206a3572173', 'Which grocery stores do you usually shop at? Select all that you visit regularly.', 'select_multiple', 1, '2026-04-28 19:24:18.906935+00', '2026-04-28 19:24:18.906935+00');
INSERT INTO public.question (id, quiz_id, text, type, "position", created_at, updated_at) VALUES ('10c531ea-f8f1-4a6b-b1b6-f094f2e4d402', '82b573e6-0bd6-4407-b65a-2206a3572173', 'How often do you cook at home during a typical week?', 'slider', 2, '2026-04-28 19:24:18.906935+00', '2026-04-28 19:24:18.906935+00');
INSERT INTO public.question (id, quiz_id, text, type, "position", created_at, updated_at) VALUES ('c403626f-eba8-4f53-9ab6-6944913f2d18', '82b573e6-0bd6-4407-b65a-2206a3572173', 'When you''re cooking, how much do you pay attention to ingredient labels?', 'multiple_choice', 3, '2026-04-28 19:24:18.906935+00', '2026-04-28 19:24:18.906935+00');
INSERT INTO public.question (id, quiz_id, text, type, "position", created_at, updated_at) VALUES ('04e20092-33ed-4ed5-a367-7f3e41af5848', '82b573e6-0bd6-4407-b65a-2206a3572173', 'Do you shop for kids or other family members with specific needs?', 'multiple_choice', 4, '2026-04-28 19:24:18.906935+00', '2026-04-28 19:24:18.906935+00');
INSERT INTO public.question (id, quiz_id, text, type, "position", created_at, updated_at) VALUES ('9fee502c-b574-4c2c-80db-c37d5e929a38', '82b573e6-0bd6-4407-b65a-2206a3572173', 'What''s your biggest frustration with grocery shopping right now?', 'multiple_choice', 5, '2026-04-28 19:24:18.906935+00', '2026-04-28 19:24:18.906935+00');
INSERT INTO public.question (id, quiz_id, text, type, "position", created_at, updated_at) VALUES ('1401ad56-f7cf-4940-9e50-b91d39168446', 'db563400-9f75-4ca6-b6ae-d1c7d7d56a6f', 'You''re at a party and spot a mystery dip. What do you do?', 'multiple_choice', 0, '2026-04-28 19:24:47.876037+00', '2026-04-28 19:24:47.876037+00');
INSERT INTO public.question (id, quiz_id, text, type, "position", created_at, updated_at) VALUES ('6ca0dbf1-6a81-42eb-bb5e-83caa52d51f8', 'db563400-9f75-4ca6-b6ae-d1c7d7d56a6f', 'How do you approach a restaurant menu?', 'multiple_choice', 1, '2026-04-28 19:24:47.876037+00', '2026-04-28 19:24:47.876037+00');
INSERT INTO public.question (id, quiz_id, text, type, "position", created_at, updated_at) VALUES ('ae80634f-3494-4907-9dd3-61a547818f6f', 'db563400-9f75-4ca6-b6ae-d1c7d7d56a6f', 'It''s 2am and you''re hungry. What happens?', 'multiple_choice', 2, '2026-04-28 19:24:47.876037+00', '2026-04-28 19:24:47.876037+00');
INSERT INTO public.question (id, quiz_id, text, type, "position", created_at, updated_at) VALUES ('fc44cd8e-a862-4147-8948-adc9b33af5b9', 'db563400-9f75-4ca6-b6ae-d1c7d7d56a6f', 'How many of these words mean something to you: ''non-GMO'', ''cold-pressed'', ''adaptogenic''?', 'slider', 3, '2026-04-28 19:24:47.876037+00', '2026-04-28 19:24:47.876037+00');
INSERT INTO public.question (id, quiz_id, text, type, "position", created_at, updated_at) VALUES ('cf7afab8-e957-4c49-82e6-03172dadfb4b', 'db563400-9f75-4ca6-b6ae-d1c7d7d56a6f', 'A friend says their new diet cuts out gluten, dairy, sugar, and ''anything that casts a shadow.'' You:', 'multiple_choice', 4, '2026-04-28 19:24:47.876037+00', '2026-04-28 19:24:47.876037+00');
INSERT INTO public.question (id, quiz_id, text, type, "position", created_at, updated_at) VALUES ('04c18f7f-cb8a-42d1-8ef6-f27e68449b7e', '1b52f940-a5b7-471c-8a4d-78d12f27cf56', 'What does your typical breakfast look like?', 'multiple_choice', 0, '2026-04-28 19:23:51.914788+00', '2026-04-28 19:23:51.914788+00');
INSERT INTO public.question (id, quiz_id, text, type, "position", created_at, updated_at) VALUES ('5d66dc6c-08e2-4a6c-88ea-ee309547c72d', '1b52f940-a5b7-471c-8a4d-78d12f27cf56', 'How often do you read the ingredient list on packaged foods?', 'multiple_choice', 1, '2026-04-28 19:23:51.914788+00', '2026-04-28 19:23:51.914788+00');
INSERT INTO public.question (id, quiz_id, text, type, "position", created_at, updated_at) VALUES ('060a3b3f-2d2d-495c-b3fa-962f26c27dc4', '1b52f940-a5b7-471c-8a4d-78d12f27cf56', 'On a typical week, how many dinners do you cook at home from scratch?', 'multiple_choice', 2, '2026-04-28 19:23:51.914788+00', '2026-04-28 19:23:51.914788+00');
INSERT INTO public.question (id, quiz_id, text, type, "position", created_at, updated_at) VALUES ('5182a698-76e7-4509-a331-51cd4ac1e336', '1b52f940-a5b7-471c-8a4d-78d12f27cf56', 'How often do you eat fast food or order from quick-service chains?', 'multiple_choice', 3, '2026-04-28 19:23:51.914788+00', '2026-04-28 19:23:51.914788+00');
INSERT INTO public.question (id, quiz_id, text, type, "position", created_at, updated_at) VALUES ('a0427782-69c9-421e-993a-41690aa47ae3', '1b52f940-a5b7-471c-8a4d-78d12f27cf56', 'Which of these do you tend to snack on most? Pick all that apply.', 'select_multiple', 4, '2026-04-28 19:23:51.914788+00', '2026-04-28 19:23:51.914788+00');
INSERT INTO public.question (id, quiz_id, text, type, "position", created_at, updated_at) VALUES ('e26c69ce-7767-4fc3-b008-4be755ead652', '1b52f940-a5b7-471c-8a4d-78d12f27cf56', 'When you buy something like bread, pasta sauce, or salad dressing, what matters most to you?', 'multiple_choice', 5, '2026-04-28 19:23:51.914788+00', '2026-04-28 19:23:51.914788+00');
INSERT INTO public.question (id, quiz_id, text, type, "position", created_at, updated_at) VALUES ('0f01c13d-bbb5-4472-9957-cba9e2771aae', '1b52f940-a5b7-471c-8a4d-78d12f27cf56', 'How much ultra-processed food do you think you eat?', 'slider', 6, '2026-04-28 19:23:51.914788+00', '2026-04-28 19:23:51.914788+00');
INSERT INTO public.option (id, question_id, text, score, tags, "position", created_at, updated_at) VALUES ('ce766566-71b3-4773-b42e-10edaa483f8d', '40faccdb-5218-40da-a364-b69fc676f525', 'Lose weight or manage my body composition', 3, '{weight-management}', 0, '2026-04-28 19:24:18.906935+00', '2026-04-28 19:24:18.906935+00');
INSERT INTO public.option (id, question_id, text, score, tags, "position", created_at, updated_at) VALUES ('18f25a6b-817e-476c-9c63-eeadc74c6aa3', '40faccdb-5218-40da-a364-b69fc676f525', 'Eat cleaner and cut out processed stuff', 3, '{clean-eating}', 1, '2026-04-28 19:24:18.906935+00', '2026-04-28 19:24:18.906935+00');
INSERT INTO public.option (id, question_id, text, score, tags, "position", created_at, updated_at) VALUES ('438e5bcc-5812-4c57-bf66-67895432a269', '40faccdb-5218-40da-a364-b69fc676f525', 'Track allergens or avoid specific ingredients', 3, '{allergy-tracking}', 2, '2026-04-28 19:24:18.906935+00', '2026-04-28 19:24:18.906935+00');
INSERT INTO public.option (id, question_id, text, score, tags, "position", created_at, updated_at) VALUES ('f0acb4fb-9898-431b-a193-362db8db14be', '40faccdb-5218-40da-a364-b69fc676f525', 'Feed my kids healthier meals', 3, '{family-nutrition}', 3, '2026-04-28 19:24:18.906935+00', '2026-04-28 19:24:18.906935+00');
INSERT INTO public.option (id, question_id, text, score, tags, "position", created_at, updated_at) VALUES ('e6ffa23b-1fa5-48be-908d-639f10eaa656', '40faccdb-5218-40da-a364-b69fc676f525', 'Build more balanced, nutritious meals overall', 2, '{clean-eating,wellness}', 4, '2026-04-28 19:24:18.906935+00', '2026-04-28 19:24:18.906935+00');
INSERT INTO public.option (id, question_id, text, score, tags, "position", created_at, updated_at) VALUES ('096dc59f-6669-439b-a301-19a4c11d193c', '40faccdb-5218-40da-a364-b69fc676f525', 'Just make grocery shopping less stressful', 1, '{convenience-first}', 5, '2026-04-28 19:24:18.906935+00', '2026-04-28 19:24:18.906935+00');
INSERT INTO public.option (id, question_id, text, score, tags, "position", created_at, updated_at) VALUES ('a6d58df0-68ab-46a4-a8da-050c38565ece', 'f075f209-18f5-4dbc-b244-c8e40d85becb', 'Whole Foods or other natural/organic stores', 3, '{clean-eating,wellness}', 0, '2026-04-28 19:24:18.906935+00', '2026-04-28 19:24:18.906935+00');
INSERT INTO public.option (id, question_id, text, score, tags, "position", created_at, updated_at) VALUES ('6463e8d4-7525-4a00-9418-9fd7c1e58bb6', 'f075f209-18f5-4dbc-b244-c8e40d85becb', 'Trader Joe''s', 2, '{clean-eating,convenience-first}', 1, '2026-04-28 19:24:18.906935+00', '2026-04-28 19:24:18.906935+00');
INSERT INTO public.option (id, question_id, text, score, tags, "position", created_at, updated_at) VALUES ('3a1f4661-f5e4-4ee6-b509-6cbcdf99e100', 'f075f209-18f5-4dbc-b244-c8e40d85becb', 'Kroger, Safeway, or similar chain supermarkets', 1, '{convenience-first}', 2, '2026-04-28 19:24:18.906935+00', '2026-04-28 19:24:18.906935+00');
INSERT INTO public.option (id, question_id, text, score, tags, "position", created_at, updated_at) VALUES ('ea85820a-08af-446e-b04b-1719f7b98452', 'f075f209-18f5-4dbc-b244-c8e40d85becb', 'Costco or Sam''s Club', 1, '{family-nutrition,convenience-first}', 3, '2026-04-28 19:24:18.906935+00', '2026-04-28 19:24:18.906935+00');
INSERT INTO public.option (id, question_id, text, score, tags, "position", created_at, updated_at) VALUES ('aa4c4501-d72b-487e-bc03-26c4ce1d1779', 'f075f209-18f5-4dbc-b244-c8e40d85becb', 'Walmart or Target', 1, '{convenience-first,budget-conscious}', 4, '2026-04-28 19:24:18.906935+00', '2026-04-28 19:24:18.906935+00');
INSERT INTO public.option (id, question_id, text, score, tags, "position", created_at, updated_at) VALUES ('4fdcec2d-e920-4ee2-836e-81a9f28f5eca', 'f075f209-18f5-4dbc-b244-c8e40d85becb', 'Local farmers markets or co-ops', 3, '{clean-eating,wellness,label-reader}', 5, '2026-04-28 19:24:18.906935+00', '2026-04-28 19:24:18.906935+00');
INSERT INTO public.option (id, question_id, text, score, tags, "position", created_at, updated_at) VALUES ('a366b3f5-8ac2-410e-ab26-3913c05a31f5', '10c531ea-f8f1-4a6b-b1b6-f094f2e4d402', 'Nights per week I cook at home', 7, '{home-cooking}', 0, '2026-04-28 19:24:18.906935+00', '2026-04-28 19:24:18.906935+00');
INSERT INTO public.option (id, question_id, text, score, tags, "position", created_at, updated_at) VALUES ('156834c7-9942-43c4-b87f-605ea88b3044', 'c403626f-eba8-4f53-9ab6-6944913f2d18', 'I read every label — ingredients, additives, the works', 4, '{label-reader,clean-eating}', 0, '2026-04-28 19:24:18.906935+00', '2026-04-28 19:24:18.906935+00');
INSERT INTO public.option (id, question_id, text, score, tags, "position", created_at, updated_at) VALUES ('52414fe8-089e-4bac-813c-f5ed34a79602', 'c403626f-eba8-4f53-9ab6-6944913f2d18', 'I check for a few things I know I want to avoid', 3, '{label-reader,allergy-tracking}', 1, '2026-04-28 19:24:18.906935+00', '2026-04-28 19:24:18.906935+00');
INSERT INTO public.option (id, question_id, text, score, tags, "position", created_at, updated_at) VALUES ('a345d788-4934-4820-a740-ab4a8388bb40', 'c403626f-eba8-4f53-9ab6-6944913f2d18', 'I glance at the nutrition facts but don''t go deep', 2, '{wellness}', 2, '2026-04-28 19:24:18.906935+00', '2026-04-28 19:24:18.906935+00');
INSERT INTO public.option (id, question_id, text, score, tags, "position", created_at, updated_at) VALUES ('edee5baf-684d-4ba6-8c80-e68d3404712c', 'c403626f-eba8-4f53-9ab6-6944913f2d18', 'Honestly, I just grab what looks good and move on', 1, '{convenience-first}', 3, '2026-04-28 19:24:18.906935+00', '2026-04-28 19:24:18.906935+00');
INSERT INTO public.option (id, question_id, text, score, tags, "position", created_at, updated_at) VALUES ('d56ce40a-e1f3-4dfe-b37a-8fd0992ce72c', '04e20092-33ed-4ed5-a367-7f3e41af5848', 'Yes — I''m buying for picky kids', 3, '{family-nutrition}', 0, '2026-04-28 19:24:18.906935+00', '2026-04-28 19:24:18.906935+00');
INSERT INTO public.option (id, question_id, text, score, tags, "position", created_at, updated_at) VALUES ('512e97a1-c3a0-4c53-b618-19747bb5c366', '04e20092-33ed-4ed5-a367-7f3e41af5848', 'Yes — someone in my household has allergies or dietary restrictions', 4, '{allergy-tracking,family-nutrition}', 1, '2026-04-28 19:24:18.906935+00', '2026-04-28 19:24:18.906935+00');
INSERT INTO public.option (id, question_id, text, score, tags, "position", created_at, updated_at) VALUES ('4326fcbd-386e-402c-bb89-06802e3470f0', '04e20092-33ed-4ed5-a367-7f3e41af5848', 'Yes — I cook for adults with different preferences', 2, '{family-nutrition,convenience-first}', 2, '2026-04-28 19:24:18.906935+00', '2026-04-28 19:24:18.906935+00');
INSERT INTO public.option (id, question_id, text, score, tags, "position", created_at, updated_at) VALUES ('f829c10a-acf3-435a-8dff-1c78f76c406e', '04e20092-33ed-4ed5-a367-7f3e41af5848', 'Nope, it''s mostly just me (or me and a partner)', 1, '{wellness}', 3, '2026-04-28 19:24:18.906935+00', '2026-04-28 19:24:18.906935+00');
INSERT INTO public.option (id, question_id, text, score, tags, "position", created_at, updated_at) VALUES ('8b428ed0-b8a9-428a-9b75-221d4bcd4b13', '9fee502c-b574-4c2c-80db-c37d5e929a38', 'I never know what''s actually healthy vs. just marketed as healthy', 4, '{label-reader,clean-eating}', 0, '2026-04-28 19:24:18.906935+00', '2026-04-28 19:24:18.906935+00');
INSERT INTO public.option (id, question_id, text, score, tags, "position", created_at, updated_at) VALUES ('cbf1a843-08d2-4133-b278-64657dc949c1', '9fee502c-b574-4c2c-80db-c37d5e929a38', 'Avoiding certain ingredients takes forever', 4, '{allergy-tracking,label-reader}', 1, '2026-04-28 19:24:18.906935+00', '2026-04-28 19:24:18.906935+00');
INSERT INTO public.option (id, question_id, text, score, tags, "position", created_at, updated_at) VALUES ('5d70c84b-2975-4e56-87cf-dfde01a76467', '9fee502c-b574-4c2c-80db-c37d5e929a38', 'I buy stuff and it goes to waste before I use it', 2, '{convenience-first,wellness}', 2, '2026-04-28 19:24:18.906935+00', '2026-04-28 19:24:18.906935+00');
INSERT INTO public.option (id, question_id, text, score, tags, "position", created_at, updated_at) VALUES ('e1a09659-1b55-4cb4-a452-4e220a28f987', '9fee502c-b574-4c2c-80db-c37d5e929a38', 'Finding things the whole family will actually eat', 3, '{family-nutrition}', 3, '2026-04-28 19:24:18.906935+00', '2026-04-28 19:24:18.906935+00');
INSERT INTO public.option (id, question_id, text, score, tags, "position", created_at, updated_at) VALUES ('06ce4172-cb14-4e81-b46f-9739ab804663', '9fee502c-b574-4c2c-80db-c37d5e929a38', 'Sticking to a budget without sacrificing quality', 2, '{budget-conscious,weight-management}', 4, '2026-04-28 19:24:18.906935+00', '2026-04-28 19:24:18.906935+00');
INSERT INTO public.option (id, question_id, text, score, tags, "position", created_at, updated_at) VALUES ('5d6c067a-bce0-40f5-81ac-74a429272eeb', '1401ad56-f7cf-4940-9e50-b91d39168446', 'Immediately ask what''s in it, then Google the ingredients', 4, '{label-detective,ingredient-aware}', 0, '2026-04-28 19:24:47.876037+00', '2026-04-28 19:24:47.876037+00');
INSERT INTO public.option (id, question_id, text, score, tags, "position", created_at, updated_at) VALUES ('046fa1fc-8d62-4dea-b4f8-ec5f57475451', '1401ad56-f7cf-4940-9e50-b91d39168446', 'Sniff it, shrug, and go in with a chip', 2, '{adventurous,convenience-first}', 1, '2026-04-28 19:24:47.876037+00', '2026-04-28 19:24:47.876037+00');
INSERT INTO public.option (id, question_id, text, score, tags, "position", created_at, updated_at) VALUES ('240d56c5-b790-4429-a521-2badd09c2cbd', '1401ad56-f7cf-4940-9e50-b91d39168446', 'Pile your plate high without a second thought', 0, '{blissfully-unaware,convenience-first}', 2, '2026-04-28 19:24:47.876037+00', '2026-04-28 19:24:47.876037+00');
INSERT INTO public.option (id, question_id, text, score, tags, "position", created_at, updated_at) VALUES ('3dcf8473-e1cc-4ae6-87cc-a90898228e07', '1401ad56-f7cf-4940-9e50-b91d39168446', 'Ask who made it, compliment them, then eat three bowls', 1, '{social-eater,adventurous}', 3, '2026-04-28 19:24:47.876037+00', '2026-04-28 19:24:47.876037+00');
INSERT INTO public.option (id, question_id, text, score, tags, "position", created_at, updated_at) VALUES ('e3feca43-221a-4dca-94e0-af80603e9a2b', '6ca0dbf1-6a81-42eb-bb5e-83caa52d51f8', 'Read every single word including the sourcing notes at the bottom', 4, '{label-detective,ingredient-aware}', 0, '2026-04-28 19:24:47.876037+00', '2026-04-28 19:24:47.876037+00');
INSERT INTO public.option (id, question_id, text, score, tags, "position", created_at, updated_at) VALUES ('ee379a89-9737-469c-83c9-3e7315dd2282', '6ca0dbf1-6a81-42eb-bb5e-83caa52d51f8', 'Scan for the dish with the most ingredients and pick that', 3, '{adventurous,ingredient-aware}', 1, '2026-04-28 19:24:47.876037+00', '2026-04-28 19:24:47.876037+00');
INSERT INTO public.option (id, question_id, text, score, tags, "position", created_at, updated_at) VALUES ('d4269f6f-7306-432b-b3a7-775fc0a41bdf', '6ca0dbf1-6a81-42eb-bb5e-83caa52d51f8', 'Ask the server what THEY would eat, then order that', 1, '{social-eater,convenience-first}', 2, '2026-04-28 19:24:47.876037+00', '2026-04-28 19:24:47.876037+00');
INSERT INTO public.option (id, question_id, text, score, tags, "position", created_at, updated_at) VALUES ('c8e29696-c604-4c40-8852-337fe1b04b5e', '6ca0dbf1-6a81-42eb-bb5e-83caa52d51f8', 'Order the same thing you always get without looking', 0, '{blissfully-unaware,convenience-first}', 3, '2026-04-28 19:24:47.876037+00', '2026-04-28 19:24:47.876037+00');
INSERT INTO public.option (id, question_id, text, score, tags, "position", created_at, updated_at) VALUES ('3cc48955-50f8-4b5d-8a9a-a01b99a90399', 'ae80634f-3494-4907-9dd3-61a547818f6f', 'Craft a snack board from whatever''s in the fridge, artfully arranged', 3, '{foodie,adventurous}', 0, '2026-04-28 19:24:47.876037+00', '2026-04-28 19:24:47.876037+00');
INSERT INTO public.option (id, question_id, text, score, tags, "position", created_at, updated_at) VALUES ('e51bcd77-6cc8-4178-bc5a-7f7995d7ff90', 'ae80634f-3494-4907-9dd3-61a547818f6f', 'Eat cereal standing over the sink, no regrets', 1, '{convenience-first,blissfully-unaware}', 1, '2026-04-28 19:24:47.876037+00', '2026-04-28 19:24:47.876037+00');
INSERT INTO public.option (id, question_id, text, score, tags, "position", created_at, updated_at) VALUES ('042fd409-b90e-4e60-9a9f-5f8f5c8ba1a1', 'ae80634f-3494-4907-9dd3-61a547818f6f', 'Check if the snack has less than 5g of added sugar first', 4, '{label-detective,ingredient-aware}', 2, '2026-04-28 19:24:47.876037+00', '2026-04-28 19:24:47.876037+00');
INSERT INTO public.option (id, question_id, text, score, tags, "position", created_at, updated_at) VALUES ('f4007e97-170b-4c25-841a-0c8e95293b71', 'ae80634f-3494-4907-9dd3-61a547818f6f', 'Order delivery and eat it in bed like royalty', 2, '{social-eater,convenience-first}', 3, '2026-04-28 19:24:47.876037+00', '2026-04-28 19:24:47.876037+00');
INSERT INTO public.option (id, question_id, text, score, tags, "position", created_at, updated_at) VALUES ('5a682b7d-f461-4d80-8f3d-ab3ecfe4bcda', 'fc44cd8e-a862-4147-8948-adc9b33af5b9', 'How many of those buzzwords do you actually know?', 3, '{label-detective,ingredient-aware}', 0, '2026-04-28 19:24:47.876037+00', '2026-04-28 19:24:47.876037+00');
INSERT INTO public.option (id, question_id, text, score, tags, "position", created_at, updated_at) VALUES ('e710ba3b-b35e-4149-827b-6a50e5904d11', 'cf7afab8-e957-4c49-82e6-03172dadfb4b', 'Ask for their full meal plan PDF immediately', 4, '{label-detective,ingredient-aware}', 0, '2026-04-28 19:24:47.876037+00', '2026-04-28 19:24:47.876037+00');
INSERT INTO public.option (id, question_id, text, score, tags, "position", created_at, updated_at) VALUES ('e7c43495-d619-4c59-bf0b-035d9d1f9bb9', 'cf7afab8-e957-4c49-82e6-03172dadfb4b', 'Nod supportively while mentally planning what to eat later', 2, '{social-eater,adventurous}', 1, '2026-04-28 19:24:47.876037+00', '2026-04-28 19:24:47.876037+00');
INSERT INTO public.option (id, question_id, text, score, tags, "position", created_at, updated_at) VALUES ('1bd1e7ce-4a70-4b9c-ac21-a19ba6c3f232', 'cf7afab8-e957-4c49-82e6-03172dadfb4b', 'Accidentally eat a sandwich right in front of them', 0, '{blissfully-unaware,convenience-first}', 2, '2026-04-28 19:24:47.876037+00', '2026-04-28 19:24:47.876037+00');
INSERT INTO public.option (id, question_id, text, score, tags, "position", created_at, updated_at) VALUES ('2e8d9e66-07c3-44c3-a414-22e738b1b117', 'cf7afab8-e957-4c49-82e6-03172dadfb4b', 'Suggest a compromise: ''What if we just ate more veggies?''', 1, '{foodie,social-eater}', 3, '2026-04-28 19:24:47.876037+00', '2026-04-28 19:24:47.876037+00');
INSERT INTO public.option (id, question_id, text, score, tags, "position", created_at, updated_at) VALUES ('19b1dda2-368d-4ce9-8dea-8dcba7e5f549', '04c18f7f-cb8a-42d1-8ef6-f27e68449b7e', 'A bowl of sugary cereal or a packaged pastry', 10, '{ultra-processed,convenience-first}', 0, '2026-04-28 19:23:51.914788+00', '2026-04-28 19:23:51.914788+00');
INSERT INTO public.option (id, question_id, text, score, tags, "position", created_at, updated_at) VALUES ('8bdfca69-e975-4e9a-8785-e80c02896650', '04c18f7f-cb8a-42d1-8ef6-f27e68449b7e', 'A store-bought protein bar or flavored yogurt', 7, '{semi-processed,convenience-first}', 1, '2026-04-28 19:23:51.914788+00', '2026-04-28 19:23:51.914788+00');
INSERT INTO public.option (id, question_id, text, score, tags, "position", created_at, updated_at) VALUES ('99f6661f-4934-4238-a7d3-fb8d694edc7f', '04c18f7f-cb8a-42d1-8ef6-f27e68449b7e', 'Eggs, toast, or oatmeal I make myself', 3, '{whole-food,home-cook}', 2, '2026-04-28 19:23:51.914788+00', '2026-04-28 19:23:51.914788+00');
INSERT INTO public.option (id, question_id, text, score, tags, "position", created_at, updated_at) VALUES ('7cabc3f7-4485-4046-b3ad-853a0240fb37', '04c18f7f-cb8a-42d1-8ef6-f27e68449b7e', 'Fresh fruit, nuts, or something minimally processed', 1, '{whole-food,label-reader}', 3, '2026-04-28 19:23:51.914788+00', '2026-04-28 19:23:51.914788+00');
INSERT INTO public.option (id, question_id, text, score, tags, "position", created_at, updated_at) VALUES ('f9a1b02a-f061-4272-a575-708bbb22f285', '5d66dc6c-08e2-4a6c-88ea-ee309547c72d', 'Almost never — I just grab what looks good', 10, '{ultra-processed,convenience-first}', 0, '2026-04-28 19:23:51.914788+00', '2026-04-28 19:23:51.914788+00');
INSERT INTO public.option (id, question_id, text, score, tags, "position", created_at, updated_at) VALUES ('15b22041-b400-4577-932c-ed8979dc4fc4', '5d66dc6c-08e2-4a6c-88ea-ee309547c72d', 'Sometimes, if I''m curious or something seems off', 6, '{semi-processed}', 1, '2026-04-28 19:23:51.914788+00', '2026-04-28 19:23:51.914788+00');
INSERT INTO public.option (id, question_id, text, score, tags, "position", created_at, updated_at) VALUES ('d3623341-3cde-4862-bc58-f4d504206cbf', '5d66dc6c-08e2-4a6c-88ea-ee309547c72d', 'Often — I try to avoid additives and long lists', 3, '{label-reader}', 2, '2026-04-28 19:23:51.914788+00', '2026-04-28 19:23:51.914788+00');
INSERT INTO public.option (id, question_id, text, score, tags, "position", created_at, updated_at) VALUES ('18d4c155-77e0-46ce-84a3-4fe895fa5441', '5d66dc6c-08e2-4a6c-88ea-ee309547c72d', 'Always — I won''t buy something without checking', 1, '{label-reader,whole-food}', 3, '2026-04-28 19:23:51.914788+00', '2026-04-28 19:23:51.914788+00');
INSERT INTO public.option (id, question_id, text, score, tags, "position", created_at, updated_at) VALUES ('9ec5a9e5-32a7-4b99-b229-e90ad1d12b43', '060a3b3f-2d2d-495c-b3fa-962f26c27dc4', 'Zero — cooking just isn''t in my routine', 10, '{convenience-first,ultra-processed}', 0, '2026-04-28 19:23:51.914788+00', '2026-04-28 19:23:51.914788+00');
INSERT INTO public.option (id, question_id, text, score, tags, "position", created_at, updated_at) VALUES ('b58563aa-decb-4949-b6cc-ac6394c07306', '060a3b3f-2d2d-495c-b3fa-962f26c27dc4', 'One or two nights at most', 7, '{convenience-first}', 1, '2026-04-28 19:23:51.914788+00', '2026-04-28 19:23:51.914788+00');
INSERT INTO public.option (id, question_id, text, score, tags, "position", created_at, updated_at) VALUES ('82fbcee6-a02f-43d1-9ddb-ef6312e6a42d', '060a3b3f-2d2d-495c-b3fa-962f26c27dc4', 'Three to four nights', 4, '{home-cook}', 2, '2026-04-28 19:23:51.914788+00', '2026-04-28 19:23:51.914788+00');
INSERT INTO public.option (id, question_id, text, score, tags, "position", created_at, updated_at) VALUES ('b89c4675-e860-452c-af77-c7280f87a201', '060a3b3f-2d2d-495c-b3fa-962f26c27dc4', 'Five or more nights — I love cooking', 1, '{home-cook,whole-food}', 3, '2026-04-28 19:23:51.914788+00', '2026-04-28 19:23:51.914788+00');
INSERT INTO public.option (id, question_id, text, score, tags, "position", created_at, updated_at) VALUES ('ea7993ea-4b16-460f-b6c9-c761ff8d9e14', '5182a698-76e7-4509-a331-51cd4ac1e336', 'Almost every day', 10, '{ultra-processed,convenience-first}', 0, '2026-04-28 19:23:51.914788+00', '2026-04-28 19:23:51.914788+00');
INSERT INTO public.option (id, question_id, text, score, tags, "position", created_at, updated_at) VALUES ('778f5057-7a63-4421-92c6-d1767ae81605', '5182a698-76e7-4509-a331-51cd4ac1e336', 'A few times a week', 7, '{ultra-processed,convenience-first}', 1, '2026-04-28 19:23:51.914788+00', '2026-04-28 19:23:51.914788+00');
INSERT INTO public.option (id, question_id, text, score, tags, "position", created_at, updated_at) VALUES ('3a0bfa03-1887-48ca-af26-50f299256b4a', '5182a698-76e7-4509-a331-51cd4ac1e336', 'Once a week or so', 4, '{semi-processed}', 2, '2026-04-28 19:23:51.914788+00', '2026-04-28 19:23:51.914788+00');
INSERT INTO public.option (id, question_id, text, score, tags, "position", created_at, updated_at) VALUES ('48a22934-5fd0-40e7-b5e0-879aa135aafe', '5182a698-76e7-4509-a331-51cd4ac1e336', 'Rarely or never', 1, '{whole-food,label-reader}', 3, '2026-04-28 19:23:51.914788+00', '2026-04-28 19:23:51.914788+00');
INSERT INTO public.option (id, question_id, text, score, tags, "position", created_at, updated_at) VALUES ('bba28da0-1fb2-4873-88c3-605022e44712', 'a0427782-69c9-421e-993a-41690aa47ae3', 'Chips, crackers, or packaged cookies', 5, '{ultra-processed,convenience-first}', 0, '2026-04-28 19:23:51.914788+00', '2026-04-28 19:23:51.914788+00');
INSERT INTO public.option (id, question_id, text, score, tags, "position", created_at, updated_at) VALUES ('13bcdfdb-45fa-4f8e-bb8e-e3714780690d', 'a0427782-69c9-421e-993a-41690aa47ae3', 'Candy bars or flavored snack cakes', 5, '{ultra-processed}', 1, '2026-04-28 19:23:51.914788+00', '2026-04-28 19:23:51.914788+00');
INSERT INTO public.option (id, question_id, text, score, tags, "position", created_at, updated_at) VALUES ('2a7ccf9a-8cb5-4470-be84-532dedb9a941', 'a0427782-69c9-421e-993a-41690aa47ae3', 'Fruit, veggies, or cheese', 1, '{whole-food}', 2, '2026-04-28 19:23:51.914788+00', '2026-04-28 19:23:51.914788+00');
INSERT INTO public.option (id, question_id, text, score, tags, "position", created_at, updated_at) VALUES ('c839957c-1456-4e5c-bc47-2138522d9b43', 'a0427782-69c9-421e-993a-41690aa47ae3', 'Nuts, seeds, or plain yogurt', 1, '{whole-food,label-reader}', 3, '2026-04-28 19:23:51.914788+00', '2026-04-28 19:23:51.914788+00');
INSERT INTO public.option (id, question_id, text, score, tags, "position", created_at, updated_at) VALUES ('8bdef50c-69fb-4f4d-902c-3c3ea99f9ce0', 'e26c69ce-7767-4fc3-b008-4be755ead652', 'Price and convenience — I grab whatever''s easiest', 8, '{convenience-first,ultra-processed}', 0, '2026-04-28 19:23:51.914788+00', '2026-04-28 19:23:51.914788+00');
INSERT INTO public.option (id, question_id, text, score, tags, "position", created_at, updated_at) VALUES ('71599c0b-9ac9-42f4-80f6-0f4456f63a28', 'e26c69ce-7767-4fc3-b008-4be755ead652', 'Brand recognition — I stick with what I know', 6, '{convenience-first,semi-processed}', 1, '2026-04-28 19:23:51.914788+00', '2026-04-28 19:23:51.914788+00');
INSERT INTO public.option (id, question_id, text, score, tags, "position", created_at, updated_at) VALUES ('64127d6c-cd3b-4bbf-a900-ffa952b89bf5', 'e26c69ce-7767-4fc3-b008-4be755ead652', 'A short, recognizable ingredient list', 3, '{label-reader,whole-food}', 2, '2026-04-28 19:23:51.914788+00', '2026-04-28 19:23:51.914788+00');
INSERT INTO public.option (id, question_id, text, score, tags, "position", created_at, updated_at) VALUES ('59af6a58-7935-4ee0-98f9-72bc53492cf7', 'e26c69ce-7767-4fc3-b008-4be755ead652', 'I''d rather just make it myself', 1, '{home-cook,whole-food}', 3, '2026-04-28 19:23:51.914788+00', '2026-04-28 19:23:51.914788+00');
INSERT INTO public.option (id, question_id, text, score, tags, "position", created_at, updated_at) VALUES ('f73fb64b-3488-4e18-aaa2-33fa9773a21b', '0f01c13d-bbb5-4472-9957-cba9e2771aae', 'My honest guess: ultra-processed share of my diet', 10, '{self-awareness}', 0, '2026-04-28 19:23:51.914788+00', '2026-04-28 19:23:51.914788+00');
INSERT INTO public.session (id, quiz_id, start_time, end_time, device, browser, referrer, user_agent, created_at, updated_at) VALUES ('7a9dff55-dc5e-4ed0-b572-c07db114eba9', '1b52f940-a5b7-471c-8a4d-78d12f27cf56', '2026-04-28 19:24:47.995394+00', '2026-04-28 19:24:47.995394+00', 'Desktop', 'Chrome', 'google.com', 'demo-seed', '2026-04-28 19:24:47.995394+00', '2026-04-28 19:24:47.995394+00');
INSERT INTO public.session (id, quiz_id, start_time, end_time, device, browser, referrer, user_agent, created_at, updated_at) VALUES ('573e8302-76d8-4ca9-b575-415958f5150e', '1b52f940-a5b7-471c-8a4d-78d12f27cf56', '2026-04-28 19:24:47.995394+00', '2026-04-28 19:24:47.995394+00', 'Mobile', 'Firefox', NULL, 'demo-seed', '2026-04-28 19:24:47.995394+00', '2026-04-28 19:24:47.995394+00');
INSERT INTO public.session (id, quiz_id, start_time, end_time, device, browser, referrer, user_agent, created_at, updated_at) VALUES ('4475633a-e012-4d05-aea2-51a0d7065e6c', '1b52f940-a5b7-471c-8a4d-78d12f27cf56', '2026-04-28 19:24:47.995394+00', '2026-04-28 19:24:47.995394+00', 'Mobile', 'Edge', 'instagram.com', 'demo-seed', '2026-04-28 19:24:47.995394+00', '2026-04-28 19:24:47.995394+00');
INSERT INTO public.session (id, quiz_id, start_time, end_time, device, browser, referrer, user_agent, created_at, updated_at) VALUES ('3856f660-2382-4c75-a116-0acbb1688f27', '1b52f940-a5b7-471c-8a4d-78d12f27cf56', '2026-04-28 19:24:47.995394+00', '2026-04-28 19:24:47.995394+00', 'Desktop', 'Safari', 'reddit.com', 'demo-seed', '2026-04-28 19:24:47.995394+00', '2026-04-28 19:24:47.995394+00');
INSERT INTO public.session (id, quiz_id, start_time, end_time, device, browser, referrer, user_agent, created_at, updated_at) VALUES ('0ef3df22-c25b-4eef-a9c3-e9777b3eb06c', '1b52f940-a5b7-471c-8a4d-78d12f27cf56', '2026-04-28 19:24:47.995394+00', '2026-04-28 19:24:47.995394+00', 'Mobile', 'Chrome', 'twitter.com', 'demo-seed', '2026-04-28 19:24:47.995394+00', '2026-04-28 19:24:47.995394+00');
INSERT INTO public.session (id, quiz_id, start_time, end_time, device, browser, referrer, user_agent, created_at, updated_at) VALUES ('3337833c-6600-4418-b2a7-71931a32dcbc', '1b52f940-a5b7-471c-8a4d-78d12f27cf56', '2026-04-28 19:24:47.995394+00', '2026-04-28 19:24:47.995394+00', 'Mobile', 'Firefox', 'google.com', 'demo-seed', '2026-04-28 19:24:47.995394+00', '2026-04-28 19:24:47.995394+00');
INSERT INTO public.session (id, quiz_id, start_time, end_time, device, browser, referrer, user_agent, created_at, updated_at) VALUES ('4f6bc48c-89d2-41c3-8cde-5fc5cb93a19b', '1b52f940-a5b7-471c-8a4d-78d12f27cf56', '2026-04-28 19:24:47.995394+00', NULL, 'Mobile', 'Safari', 'tiktok.com', 'demo-seed', '2026-04-28 19:24:47.995394+00', '2026-04-28 19:24:47.995394+00');
INSERT INTO public.session (id, quiz_id, start_time, end_time, device, browser, referrer, user_agent, created_at, updated_at) VALUES ('1ceaab5b-3df9-453c-ab2a-92f8f0867cfb', '1b52f940-a5b7-471c-8a4d-78d12f27cf56', '2026-04-28 19:24:47.995394+00', NULL, 'Mobile', 'Safari', 'tiktok.com', 'demo-seed', '2026-04-28 19:24:47.995394+00', '2026-04-28 19:24:47.995394+00');
INSERT INTO public.session (id, quiz_id, start_time, end_time, device, browser, referrer, user_agent, created_at, updated_at) VALUES ('92472db5-8062-4087-99d5-1a2809618baa', 'db563400-9f75-4ca6-b6ae-d1c7d7d56a6f', '2026-04-28 19:24:48.077016+00', '2026-04-28 19:24:48.077016+00', 'Desktop', 'Chrome', 'google.com', 'demo-seed', '2026-04-28 19:24:48.077016+00', '2026-04-28 19:24:48.077016+00');
INSERT INTO public.session (id, quiz_id, start_time, end_time, device, browser, referrer, user_agent, created_at, updated_at) VALUES ('c409ba71-c5ee-495a-890b-0acfd182031d', 'db563400-9f75-4ca6-b6ae-d1c7d7d56a6f', '2026-04-28 19:24:48.077016+00', '2026-04-28 19:24:48.077016+00', 'Mobile', 'Firefox', NULL, 'demo-seed', '2026-04-28 19:24:48.077016+00', '2026-04-28 19:24:48.077016+00');
INSERT INTO public.session (id, quiz_id, start_time, end_time, device, browser, referrer, user_agent, created_at, updated_at) VALUES ('f0121253-7606-42c0-9f27-c449cd906d41', 'db563400-9f75-4ca6-b6ae-d1c7d7d56a6f', '2026-04-28 19:24:48.077016+00', '2026-04-28 19:24:48.077016+00', 'Mobile', 'Edge', 'instagram.com', 'demo-seed', '2026-04-28 19:24:48.077016+00', '2026-04-28 19:24:48.077016+00');
INSERT INTO public.session (id, quiz_id, start_time, end_time, device, browser, referrer, user_agent, created_at, updated_at) VALUES ('40435901-064c-475e-b884-10fdd4c50db5', 'db563400-9f75-4ca6-b6ae-d1c7d7d56a6f', '2026-04-28 19:24:48.077016+00', '2026-04-28 19:24:48.077016+00', 'Desktop', 'Safari', 'reddit.com', 'demo-seed', '2026-04-28 19:24:48.077016+00', '2026-04-28 19:24:48.077016+00');
INSERT INTO public.session (id, quiz_id, start_time, end_time, device, browser, referrer, user_agent, created_at, updated_at) VALUES ('8d7ca3c3-0a9e-40be-9845-40bde19743d7', 'db563400-9f75-4ca6-b6ae-d1c7d7d56a6f', '2026-04-28 19:24:48.077016+00', '2026-04-28 19:24:48.077016+00', 'Mobile', 'Chrome', 'twitter.com', 'demo-seed', '2026-04-28 19:24:48.077016+00', '2026-04-28 19:24:48.077016+00');
INSERT INTO public.session (id, quiz_id, start_time, end_time, device, browser, referrer, user_agent, created_at, updated_at) VALUES ('40371b59-11de-4494-b43e-dbde33e28f40', 'db563400-9f75-4ca6-b6ae-d1c7d7d56a6f', '2026-04-28 19:24:48.077016+00', '2026-04-28 19:24:48.077016+00', 'Mobile', 'Firefox', 'google.com', 'demo-seed', '2026-04-28 19:24:48.077016+00', '2026-04-28 19:24:48.077016+00');
INSERT INTO public.session (id, quiz_id, start_time, end_time, device, browser, referrer, user_agent, created_at, updated_at) VALUES ('7376fbbb-3b0c-4a90-b219-b9bf7f3895a3', 'db563400-9f75-4ca6-b6ae-d1c7d7d56a6f', '2026-04-28 19:24:48.077016+00', NULL, 'Mobile', 'Safari', 'tiktok.com', 'demo-seed', '2026-04-28 19:24:48.077016+00', '2026-04-28 19:24:48.077016+00');
INSERT INTO public.session (id, quiz_id, start_time, end_time, device, browser, referrer, user_agent, created_at, updated_at) VALUES ('30550cda-045b-4a4a-bb9b-fd8333db6b0d', 'db563400-9f75-4ca6-b6ae-d1c7d7d56a6f', '2026-04-28 19:24:48.077016+00', NULL, 'Mobile', 'Safari', 'tiktok.com', 'demo-seed', '2026-04-28 19:24:48.077016+00', '2026-04-28 19:24:48.077016+00');
INSERT INTO public.session (id, quiz_id, start_time, end_time, device, browser, referrer, user_agent, created_at, updated_at) VALUES ('2e8f7a15-3686-4e28-a712-c345f375496a', '82b573e6-0bd6-4407-b65a-2206a3572173', '2026-04-28 19:25:07.579752+00', '2026-04-28 19:25:07.579752+00', NULL, NULL, NULL, 'demo-seed', '2026-04-28 19:25:07.579752+00', '2026-04-28 19:25:07.579752+00');
INSERT INTO public.session (id, quiz_id, start_time, end_time, device, browser, referrer, user_agent, created_at, updated_at) VALUES ('9eb1d425-6f8b-43d9-9211-af23b5017a51', '82b573e6-0bd6-4407-b65a-2206a3572173', '2026-04-28 19:25:31.604939+00', '2026-04-28 19:25:31.604939+00', 'Desktop', 'Chrome', 'google.com', 'demo-seed', '2026-04-28 19:25:31.604939+00', '2026-04-28 19:25:31.604939+00');
INSERT INTO public.session (id, quiz_id, start_time, end_time, device, browser, referrer, user_agent, created_at, updated_at) VALUES ('a99c5c71-4582-43d7-9b16-542047885774', '82b573e6-0bd6-4407-b65a-2206a3572173', '2026-04-28 19:25:31.604939+00', '2026-04-28 19:25:31.604939+00', 'Desktop', 'Chrome', 'google.com', 'demo-seed', '2026-04-28 19:25:31.604939+00', '2026-04-28 19:25:31.604939+00');
INSERT INTO public.session (id, quiz_id, start_time, end_time, device, browser, referrer, user_agent, created_at, updated_at) VALUES ('054ddb6f-b510-4f5d-9fb9-6a93e3da463e', '82b573e6-0bd6-4407-b65a-2206a3572173', '2026-04-28 19:25:31.604939+00', '2026-04-28 19:25:31.604939+00', 'Desktop', 'Chrome', 'google.com', 'demo-seed', '2026-04-28 19:25:31.604939+00', '2026-04-28 19:25:31.604939+00');
INSERT INTO public.session (id, quiz_id, start_time, end_time, device, browser, referrer, user_agent, created_at, updated_at) VALUES ('058885d9-721f-4a23-9343-bf53dc3805a1', '82b573e6-0bd6-4407-b65a-2206a3572173', '2026-04-28 19:25:31.604939+00', '2026-04-28 19:25:31.604939+00', 'Desktop', 'Chrome', 'google.com', 'demo-seed', '2026-04-28 19:25:31.604939+00', '2026-04-28 19:25:31.604939+00');
INSERT INTO public.session (id, quiz_id, start_time, end_time, device, browser, referrer, user_agent, created_at, updated_at) VALUES ('42d17a1a-fc8e-4e03-ab5f-d8c834193b7d', '82b573e6-0bd6-4407-b65a-2206a3572173', '2026-04-28 19:25:31.604939+00', '2026-04-28 19:25:31.604939+00', 'Desktop', 'Chrome', 'google.com', 'demo-seed', '2026-04-28 19:25:31.604939+00', '2026-04-28 19:25:31.604939+00');
INSERT INTO public.session (id, quiz_id, start_time, end_time, device, browser, referrer, user_agent, created_at, updated_at) VALUES ('24429197-1729-4662-8c0a-df7ee12a645a', '82b573e6-0bd6-4407-b65a-2206a3572173', '2026-04-28 19:25:31.604939+00', NULL, 'Mobile', 'Safari', 'tiktok.com', 'demo-seed', '2026-04-28 19:25:31.604939+00', '2026-04-28 19:25:31.604939+00');
INSERT INTO public.session (id, quiz_id, start_time, end_time, device, browser, referrer, user_agent, created_at, updated_at) VALUES ('ab89e2d1-d9ea-4378-a7a0-25c1f62c5c20', '82b573e6-0bd6-4407-b65a-2206a3572173', '2026-04-28 19:25:31.604939+00', NULL, 'Mobile', 'Safari', 'tiktok.com', 'demo-seed', '2026-04-28 19:25:31.604939+00', '2026-04-28 19:25:31.604939+00');
INSERT INTO public.questions_answered (id, session_id, question_id, option_chosen_id, numeric_answer, selected_option_ids, answered_at, created_at, updated_at) VALUES ('af864e7d-20fd-4a19-aa81-a4772c81ee35', '7a9dff55-dc5e-4ed0-b572-c07db114eba9', '04c18f7f-cb8a-42d1-8ef6-f27e68449b7e', '8bdfca69-e975-4e9a-8785-e80c02896650', NULL, NULL, '2026-04-28 19:24:47.995394+00', '2026-04-28 19:24:47.995394+00', '2026-04-28 19:24:47.995394+00');
INSERT INTO public.questions_answered (id, session_id, question_id, option_chosen_id, numeric_answer, selected_option_ids, answered_at, created_at, updated_at) VALUES ('82b6f11f-4826-47b1-9fb9-c54fc27295be', '7a9dff55-dc5e-4ed0-b572-c07db114eba9', '5d66dc6c-08e2-4a6c-88ea-ee309547c72d', '15b22041-b400-4577-932c-ed8979dc4fc4', NULL, NULL, '2026-04-28 19:24:47.995394+00', '2026-04-28 19:24:47.995394+00', '2026-04-28 19:24:47.995394+00');
INSERT INTO public.questions_answered (id, session_id, question_id, option_chosen_id, numeric_answer, selected_option_ids, answered_at, created_at, updated_at) VALUES ('c68cf22d-46b5-4bb4-b0b5-e09caa529c72', '7a9dff55-dc5e-4ed0-b572-c07db114eba9', '060a3b3f-2d2d-495c-b3fa-962f26c27dc4', 'b58563aa-decb-4949-b6cc-ac6394c07306', NULL, NULL, '2026-04-28 19:24:47.995394+00', '2026-04-28 19:24:47.995394+00', '2026-04-28 19:24:47.995394+00');
INSERT INTO public.questions_answered (id, session_id, question_id, option_chosen_id, numeric_answer, selected_option_ids, answered_at, created_at, updated_at) VALUES ('8bd2ea0d-2246-49ed-9064-6a746c062030', '7a9dff55-dc5e-4ed0-b572-c07db114eba9', '5182a698-76e7-4509-a331-51cd4ac1e336', '778f5057-7a63-4421-92c6-d1767ae81605', NULL, NULL, '2026-04-28 19:24:47.995394+00', '2026-04-28 19:24:47.995394+00', '2026-04-28 19:24:47.995394+00');
INSERT INTO public.questions_answered (id, session_id, question_id, option_chosen_id, numeric_answer, selected_option_ids, answered_at, created_at, updated_at) VALUES ('12b22134-1ab9-4664-b603-b5b6292e5f2a', '7a9dff55-dc5e-4ed0-b572-c07db114eba9', 'a0427782-69c9-421e-993a-41690aa47ae3', NULL, NULL, '{bba28da0-1fb2-4873-88c3-605022e44712,13bcdfdb-45fa-4f8e-bb8e-e3714780690d}', '2026-04-28 19:24:47.995394+00', '2026-04-28 19:24:47.995394+00', '2026-04-28 19:24:47.995394+00');
INSERT INTO public.questions_answered (id, session_id, question_id, option_chosen_id, numeric_answer, selected_option_ids, answered_at, created_at, updated_at) VALUES ('5c920fa4-150d-4c5c-bba7-ae67a78e7d31', '7a9dff55-dc5e-4ed0-b572-c07db114eba9', 'e26c69ce-7767-4fc3-b008-4be755ead652', '71599c0b-9ac9-42f4-80f6-0f4456f63a28', NULL, NULL, '2026-04-28 19:24:47.995394+00', '2026-04-28 19:24:47.995394+00', '2026-04-28 19:24:47.995394+00');
INSERT INTO public.questions_answered (id, session_id, question_id, option_chosen_id, numeric_answer, selected_option_ids, answered_at, created_at, updated_at) VALUES ('e60787c2-06d1-46c4-a7c3-c785b956bff0', '7a9dff55-dc5e-4ed0-b572-c07db114eba9', '0f01c13d-bbb5-4472-9957-cba9e2771aae', NULL, 3, NULL, '2026-04-28 19:24:47.995394+00', '2026-04-28 19:24:47.995394+00', '2026-04-28 19:24:47.995394+00');
INSERT INTO public.questions_answered (id, session_id, question_id, option_chosen_id, numeric_answer, selected_option_ids, answered_at, created_at, updated_at) VALUES ('2ee1b288-608d-4c49-a188-34670c4af449', '573e8302-76d8-4ca9-b575-415958f5150e', '04c18f7f-cb8a-42d1-8ef6-f27e68449b7e', '99f6661f-4934-4238-a7d3-fb8d694edc7f', NULL, NULL, '2026-04-28 19:24:47.995394+00', '2026-04-28 19:24:47.995394+00', '2026-04-28 19:24:47.995394+00');
INSERT INTO public.questions_answered (id, session_id, question_id, option_chosen_id, numeric_answer, selected_option_ids, answered_at, created_at, updated_at) VALUES ('0f579a3e-1dc6-42c8-9ec5-0574c09b0a69', '573e8302-76d8-4ca9-b575-415958f5150e', '5d66dc6c-08e2-4a6c-88ea-ee309547c72d', 'd3623341-3cde-4862-bc58-f4d504206cbf', NULL, NULL, '2026-04-28 19:24:47.995394+00', '2026-04-28 19:24:47.995394+00', '2026-04-28 19:24:47.995394+00');
INSERT INTO public.questions_answered (id, session_id, question_id, option_chosen_id, numeric_answer, selected_option_ids, answered_at, created_at, updated_at) VALUES ('e1cf9644-8ef7-4923-a3b9-3eba990e1aa3', '573e8302-76d8-4ca9-b575-415958f5150e', '060a3b3f-2d2d-495c-b3fa-962f26c27dc4', '82fbcee6-a02f-43d1-9ddb-ef6312e6a42d', NULL, NULL, '2026-04-28 19:24:47.995394+00', '2026-04-28 19:24:47.995394+00', '2026-04-28 19:24:47.995394+00');
INSERT INTO public.questions_answered (id, session_id, question_id, option_chosen_id, numeric_answer, selected_option_ids, answered_at, created_at, updated_at) VALUES ('85d40e23-e59f-4413-a258-770826501def', '573e8302-76d8-4ca9-b575-415958f5150e', '5182a698-76e7-4509-a331-51cd4ac1e336', '3a0bfa03-1887-48ca-af26-50f299256b4a', NULL, NULL, '2026-04-28 19:24:47.995394+00', '2026-04-28 19:24:47.995394+00', '2026-04-28 19:24:47.995394+00');
INSERT INTO public.questions_answered (id, session_id, question_id, option_chosen_id, numeric_answer, selected_option_ids, answered_at, created_at, updated_at) VALUES ('87bfc375-c02c-4cb9-82a1-50e0313aeadf', '573e8302-76d8-4ca9-b575-415958f5150e', 'a0427782-69c9-421e-993a-41690aa47ae3', NULL, NULL, '{bba28da0-1fb2-4873-88c3-605022e44712,13bcdfdb-45fa-4f8e-bb8e-e3714780690d,2a7ccf9a-8cb5-4470-be84-532dedb9a941}', '2026-04-28 19:24:47.995394+00', '2026-04-28 19:24:47.995394+00', '2026-04-28 19:24:47.995394+00');
INSERT INTO public.questions_answered (id, session_id, question_id, option_chosen_id, numeric_answer, selected_option_ids, answered_at, created_at, updated_at) VALUES ('ea76120d-d0b2-4393-afd3-e2716c5325f6', '573e8302-76d8-4ca9-b575-415958f5150e', 'e26c69ce-7767-4fc3-b008-4be755ead652', '64127d6c-cd3b-4bbf-a900-ffa952b89bf5', NULL, NULL, '2026-04-28 19:24:47.995394+00', '2026-04-28 19:24:47.995394+00', '2026-04-28 19:24:47.995394+00');
INSERT INTO public.questions_answered (id, session_id, question_id, option_chosen_id, numeric_answer, selected_option_ids, answered_at, created_at, updated_at) VALUES ('376a9031-79c7-4f55-91b5-e4bc410d8a3b', '573e8302-76d8-4ca9-b575-415958f5150e', '0f01c13d-bbb5-4472-9957-cba9e2771aae', NULL, 6, NULL, '2026-04-28 19:24:47.995394+00', '2026-04-28 19:24:47.995394+00', '2026-04-28 19:24:47.995394+00');
INSERT INTO public.questions_answered (id, session_id, question_id, option_chosen_id, numeric_answer, selected_option_ids, answered_at, created_at, updated_at) VALUES ('755bb3a1-699a-4cfe-9ccf-c0d2fb6b2cf5', '4475633a-e012-4d05-aea2-51a0d7065e6c', '04c18f7f-cb8a-42d1-8ef6-f27e68449b7e', '7cabc3f7-4485-4046-b3ad-853a0240fb37', NULL, NULL, '2026-04-28 19:24:47.995394+00', '2026-04-28 19:24:47.995394+00', '2026-04-28 19:24:47.995394+00');
INSERT INTO public.questions_answered (id, session_id, question_id, option_chosen_id, numeric_answer, selected_option_ids, answered_at, created_at, updated_at) VALUES ('78c95d0b-ee4a-4f4a-a511-e7ec7c61b378', '4475633a-e012-4d05-aea2-51a0d7065e6c', '5d66dc6c-08e2-4a6c-88ea-ee309547c72d', '18d4c155-77e0-46ce-84a3-4fe895fa5441', NULL, NULL, '2026-04-28 19:24:47.995394+00', '2026-04-28 19:24:47.995394+00', '2026-04-28 19:24:47.995394+00');
INSERT INTO public.questions_answered (id, session_id, question_id, option_chosen_id, numeric_answer, selected_option_ids, answered_at, created_at, updated_at) VALUES ('98c1d8df-8b29-4edf-a24c-134cfc2fae6e', '4475633a-e012-4d05-aea2-51a0d7065e6c', '060a3b3f-2d2d-495c-b3fa-962f26c27dc4', 'b89c4675-e860-452c-af77-c7280f87a201', NULL, NULL, '2026-04-28 19:24:47.995394+00', '2026-04-28 19:24:47.995394+00', '2026-04-28 19:24:47.995394+00');
INSERT INTO public.questions_answered (id, session_id, question_id, option_chosen_id, numeric_answer, selected_option_ids, answered_at, created_at, updated_at) VALUES ('ceb5209f-71e6-433e-b3b3-54cdeccdb436', '4475633a-e012-4d05-aea2-51a0d7065e6c', '5182a698-76e7-4509-a331-51cd4ac1e336', '48a22934-5fd0-40e7-b5e0-879aa135aafe', NULL, NULL, '2026-04-28 19:24:47.995394+00', '2026-04-28 19:24:47.995394+00', '2026-04-28 19:24:47.995394+00');
INSERT INTO public.questions_answered (id, session_id, question_id, option_chosen_id, numeric_answer, selected_option_ids, answered_at, created_at, updated_at) VALUES ('a24e868e-6535-4ef1-b0d0-aa0b5d674db7', '4475633a-e012-4d05-aea2-51a0d7065e6c', 'a0427782-69c9-421e-993a-41690aa47ae3', NULL, NULL, '{bba28da0-1fb2-4873-88c3-605022e44712,13bcdfdb-45fa-4f8e-bb8e-e3714780690d,2a7ccf9a-8cb5-4470-be84-532dedb9a941,c839957c-1456-4e5c-bc47-2138522d9b43}', '2026-04-28 19:24:47.995394+00', '2026-04-28 19:24:47.995394+00', '2026-04-28 19:24:47.995394+00');
INSERT INTO public.questions_answered (id, session_id, question_id, option_chosen_id, numeric_answer, selected_option_ids, answered_at, created_at, updated_at) VALUES ('e3ab160c-8ed9-4929-a627-d5b334a6eb28', '4475633a-e012-4d05-aea2-51a0d7065e6c', 'e26c69ce-7767-4fc3-b008-4be755ead652', '59af6a58-7935-4ee0-98f9-72bc53492cf7', NULL, NULL, '2026-04-28 19:24:47.995394+00', '2026-04-28 19:24:47.995394+00', '2026-04-28 19:24:47.995394+00');
INSERT INTO public.questions_answered (id, session_id, question_id, option_chosen_id, numeric_answer, selected_option_ids, answered_at, created_at, updated_at) VALUES ('d30d48eb-4521-4982-a866-0c1482767936', '4475633a-e012-4d05-aea2-51a0d7065e6c', '0f01c13d-bbb5-4472-9957-cba9e2771aae', NULL, 9, NULL, '2026-04-28 19:24:47.995394+00', '2026-04-28 19:24:47.995394+00', '2026-04-28 19:24:47.995394+00');
INSERT INTO public.questions_answered (id, session_id, question_id, option_chosen_id, numeric_answer, selected_option_ids, answered_at, created_at, updated_at) VALUES ('80cd9001-a247-412c-bbf2-daa0697d2c78', '3856f660-2382-4c75-a116-0acbb1688f27', '04c18f7f-cb8a-42d1-8ef6-f27e68449b7e', '19b1dda2-368d-4ce9-8dea-8dcba7e5f549', NULL, NULL, '2026-04-28 19:24:47.995394+00', '2026-04-28 19:24:47.995394+00', '2026-04-28 19:24:47.995394+00');
INSERT INTO public.questions_answered (id, session_id, question_id, option_chosen_id, numeric_answer, selected_option_ids, answered_at, created_at, updated_at) VALUES ('b675afaf-aab4-426a-bd35-7fcaa6a2a05a', '3856f660-2382-4c75-a116-0acbb1688f27', '5d66dc6c-08e2-4a6c-88ea-ee309547c72d', 'f9a1b02a-f061-4272-a575-708bbb22f285', NULL, NULL, '2026-04-28 19:24:47.995394+00', '2026-04-28 19:24:47.995394+00', '2026-04-28 19:24:47.995394+00');
INSERT INTO public.questions_answered (id, session_id, question_id, option_chosen_id, numeric_answer, selected_option_ids, answered_at, created_at, updated_at) VALUES ('e850f430-6838-4020-957d-0db699669800', '3856f660-2382-4c75-a116-0acbb1688f27', '060a3b3f-2d2d-495c-b3fa-962f26c27dc4', '9ec5a9e5-32a7-4b99-b229-e90ad1d12b43', NULL, NULL, '2026-04-28 19:24:47.995394+00', '2026-04-28 19:24:47.995394+00', '2026-04-28 19:24:47.995394+00');
INSERT INTO public.questions_answered (id, session_id, question_id, option_chosen_id, numeric_answer, selected_option_ids, answered_at, created_at, updated_at) VALUES ('fbae6446-24e9-4393-a913-39fbe9c6f56a', '3856f660-2382-4c75-a116-0acbb1688f27', '5182a698-76e7-4509-a331-51cd4ac1e336', 'ea7993ea-4b16-460f-b6c9-c761ff8d9e14', NULL, NULL, '2026-04-28 19:24:47.995394+00', '2026-04-28 19:24:47.995394+00', '2026-04-28 19:24:47.995394+00');
INSERT INTO public.questions_answered (id, session_id, question_id, option_chosen_id, numeric_answer, selected_option_ids, answered_at, created_at, updated_at) VALUES ('4fc74c56-91b5-4a75-924f-ac2c8f311d81', '3856f660-2382-4c75-a116-0acbb1688f27', 'a0427782-69c9-421e-993a-41690aa47ae3', NULL, NULL, '{bba28da0-1fb2-4873-88c3-605022e44712}', '2026-04-28 19:24:47.995394+00', '2026-04-28 19:24:47.995394+00', '2026-04-28 19:24:47.995394+00');
INSERT INTO public.questions_answered (id, session_id, question_id, option_chosen_id, numeric_answer, selected_option_ids, answered_at, created_at, updated_at) VALUES ('4bdfab8a-03f0-4543-bb6e-779b1fc92cc0', '3856f660-2382-4c75-a116-0acbb1688f27', 'e26c69ce-7767-4fc3-b008-4be755ead652', '8bdef50c-69fb-4f4d-902c-3c3ea99f9ce0', NULL, NULL, '2026-04-28 19:24:47.995394+00', '2026-04-28 19:24:47.995394+00', '2026-04-28 19:24:47.995394+00');
INSERT INTO public.questions_answered (id, session_id, question_id, option_chosen_id, numeric_answer, selected_option_ids, answered_at, created_at, updated_at) VALUES ('9b1ec7e5-edea-47d7-bffa-51f326dd81e6', '3856f660-2382-4c75-a116-0acbb1688f27', '0f01c13d-bbb5-4472-9957-cba9e2771aae', NULL, 1, NULL, '2026-04-28 19:24:47.995394+00', '2026-04-28 19:24:47.995394+00', '2026-04-28 19:24:47.995394+00');
INSERT INTO public.questions_answered (id, session_id, question_id, option_chosen_id, numeric_answer, selected_option_ids, answered_at, created_at, updated_at) VALUES ('4aefa4ac-5720-4b07-9c8c-52ade156c1e5', '0ef3df22-c25b-4eef-a9c3-e9777b3eb06c', '04c18f7f-cb8a-42d1-8ef6-f27e68449b7e', '8bdfca69-e975-4e9a-8785-e80c02896650', NULL, NULL, '2026-04-28 19:24:47.995394+00', '2026-04-28 19:24:47.995394+00', '2026-04-28 19:24:47.995394+00');
INSERT INTO public.questions_answered (id, session_id, question_id, option_chosen_id, numeric_answer, selected_option_ids, answered_at, created_at, updated_at) VALUES ('cc84b732-9654-4138-8333-5bdbcd0d5aeb', '0ef3df22-c25b-4eef-a9c3-e9777b3eb06c', '5d66dc6c-08e2-4a6c-88ea-ee309547c72d', '15b22041-b400-4577-932c-ed8979dc4fc4', NULL, NULL, '2026-04-28 19:24:47.995394+00', '2026-04-28 19:24:47.995394+00', '2026-04-28 19:24:47.995394+00');
INSERT INTO public.questions_answered (id, session_id, question_id, option_chosen_id, numeric_answer, selected_option_ids, answered_at, created_at, updated_at) VALUES ('7fc457b7-69f7-4067-9347-27acf7d907ec', '0ef3df22-c25b-4eef-a9c3-e9777b3eb06c', '060a3b3f-2d2d-495c-b3fa-962f26c27dc4', 'b58563aa-decb-4949-b6cc-ac6394c07306', NULL, NULL, '2026-04-28 19:24:47.995394+00', '2026-04-28 19:24:47.995394+00', '2026-04-28 19:24:47.995394+00');
INSERT INTO public.questions_answered (id, session_id, question_id, option_chosen_id, numeric_answer, selected_option_ids, answered_at, created_at, updated_at) VALUES ('9de27833-8b70-4e64-b058-69ad227c5233', '0ef3df22-c25b-4eef-a9c3-e9777b3eb06c', '5182a698-76e7-4509-a331-51cd4ac1e336', '778f5057-7a63-4421-92c6-d1767ae81605', NULL, NULL, '2026-04-28 19:24:47.995394+00', '2026-04-28 19:24:47.995394+00', '2026-04-28 19:24:47.995394+00');
INSERT INTO public.questions_answered (id, session_id, question_id, option_chosen_id, numeric_answer, selected_option_ids, answered_at, created_at, updated_at) VALUES ('a30e40df-7f20-4d3d-96c4-fa60f65e3c9b', '0ef3df22-c25b-4eef-a9c3-e9777b3eb06c', 'a0427782-69c9-421e-993a-41690aa47ae3', NULL, NULL, '{bba28da0-1fb2-4873-88c3-605022e44712,13bcdfdb-45fa-4f8e-bb8e-e3714780690d}', '2026-04-28 19:24:47.995394+00', '2026-04-28 19:24:47.995394+00', '2026-04-28 19:24:47.995394+00');
INSERT INTO public.questions_answered (id, session_id, question_id, option_chosen_id, numeric_answer, selected_option_ids, answered_at, created_at, updated_at) VALUES ('bbe9d88b-5e89-4742-9c05-badf2484a818', '0ef3df22-c25b-4eef-a9c3-e9777b3eb06c', 'e26c69ce-7767-4fc3-b008-4be755ead652', '71599c0b-9ac9-42f4-80f6-0f4456f63a28', NULL, NULL, '2026-04-28 19:24:47.995394+00', '2026-04-28 19:24:47.995394+00', '2026-04-28 19:24:47.995394+00');
INSERT INTO public.questions_answered (id, session_id, question_id, option_chosen_id, numeric_answer, selected_option_ids, answered_at, created_at, updated_at) VALUES ('288cbbba-084e-47f2-972e-16c210976b30', '0ef3df22-c25b-4eef-a9c3-e9777b3eb06c', '0f01c13d-bbb5-4472-9957-cba9e2771aae', NULL, 4, NULL, '2026-04-28 19:24:47.995394+00', '2026-04-28 19:24:47.995394+00', '2026-04-28 19:24:47.995394+00');
INSERT INTO public.questions_answered (id, session_id, question_id, option_chosen_id, numeric_answer, selected_option_ids, answered_at, created_at, updated_at) VALUES ('fdba25e9-3492-4fa2-a973-51b709fe8e63', '3337833c-6600-4418-b2a7-71931a32dcbc', '04c18f7f-cb8a-42d1-8ef6-f27e68449b7e', '99f6661f-4934-4238-a7d3-fb8d694edc7f', NULL, NULL, '2026-04-28 19:24:47.995394+00', '2026-04-28 19:24:47.995394+00', '2026-04-28 19:24:47.995394+00');
INSERT INTO public.questions_answered (id, session_id, question_id, option_chosen_id, numeric_answer, selected_option_ids, answered_at, created_at, updated_at) VALUES ('1a7136d5-77c3-495b-adea-89e86115c53f', '3337833c-6600-4418-b2a7-71931a32dcbc', '5d66dc6c-08e2-4a6c-88ea-ee309547c72d', 'd3623341-3cde-4862-bc58-f4d504206cbf', NULL, NULL, '2026-04-28 19:24:47.995394+00', '2026-04-28 19:24:47.995394+00', '2026-04-28 19:24:47.995394+00');
INSERT INTO public.questions_answered (id, session_id, question_id, option_chosen_id, numeric_answer, selected_option_ids, answered_at, created_at, updated_at) VALUES ('f2cd1c62-6eb8-463e-80e0-581592654751', '3337833c-6600-4418-b2a7-71931a32dcbc', '060a3b3f-2d2d-495c-b3fa-962f26c27dc4', '82fbcee6-a02f-43d1-9ddb-ef6312e6a42d', NULL, NULL, '2026-04-28 19:24:47.995394+00', '2026-04-28 19:24:47.995394+00', '2026-04-28 19:24:47.995394+00');
INSERT INTO public.questions_answered (id, session_id, question_id, option_chosen_id, numeric_answer, selected_option_ids, answered_at, created_at, updated_at) VALUES ('b10cf33a-f6f4-474a-b594-ac43f1722441', '3337833c-6600-4418-b2a7-71931a32dcbc', '5182a698-76e7-4509-a331-51cd4ac1e336', '3a0bfa03-1887-48ca-af26-50f299256b4a', NULL, NULL, '2026-04-28 19:24:47.995394+00', '2026-04-28 19:24:47.995394+00', '2026-04-28 19:24:47.995394+00');
INSERT INTO public.questions_answered (id, session_id, question_id, option_chosen_id, numeric_answer, selected_option_ids, answered_at, created_at, updated_at) VALUES ('989f2025-5210-4afa-9782-be3d8e32968d', '3337833c-6600-4418-b2a7-71931a32dcbc', 'a0427782-69c9-421e-993a-41690aa47ae3', NULL, NULL, '{bba28da0-1fb2-4873-88c3-605022e44712,13bcdfdb-45fa-4f8e-bb8e-e3714780690d,2a7ccf9a-8cb5-4470-be84-532dedb9a941}', '2026-04-28 19:24:47.995394+00', '2026-04-28 19:24:47.995394+00', '2026-04-28 19:24:47.995394+00');
INSERT INTO public.questions_answered (id, session_id, question_id, option_chosen_id, numeric_answer, selected_option_ids, answered_at, created_at, updated_at) VALUES ('3210409d-cfab-4b88-b5e0-b3f9c26565b3', '3337833c-6600-4418-b2a7-71931a32dcbc', 'e26c69ce-7767-4fc3-b008-4be755ead652', '64127d6c-cd3b-4bbf-a900-ffa952b89bf5', NULL, NULL, '2026-04-28 19:24:47.995394+00', '2026-04-28 19:24:47.995394+00', '2026-04-28 19:24:47.995394+00');
INSERT INTO public.questions_answered (id, session_id, question_id, option_chosen_id, numeric_answer, selected_option_ids, answered_at, created_at, updated_at) VALUES ('dc8fd4cf-b969-4386-b73e-c6b218fb3792', '3337833c-6600-4418-b2a7-71931a32dcbc', '0f01c13d-bbb5-4472-9957-cba9e2771aae', NULL, 7, NULL, '2026-04-28 19:24:47.995394+00', '2026-04-28 19:24:47.995394+00', '2026-04-28 19:24:47.995394+00');
INSERT INTO public.questions_answered (id, session_id, question_id, option_chosen_id, numeric_answer, selected_option_ids, answered_at, created_at, updated_at) VALUES ('2d07ee99-900c-4040-ad85-9d9b3ae1a3ea', '4f6bc48c-89d2-41c3-8cde-5fc5cb93a19b', '04c18f7f-cb8a-42d1-8ef6-f27e68449b7e', '19b1dda2-368d-4ce9-8dea-8dcba7e5f549', NULL, NULL, '2026-04-28 19:24:47.995394+00', '2026-04-28 19:24:47.995394+00', '2026-04-28 19:24:47.995394+00');
INSERT INTO public.questions_answered (id, session_id, question_id, option_chosen_id, numeric_answer, selected_option_ids, answered_at, created_at, updated_at) VALUES ('517b1c5f-fb22-4c21-ba13-809388130c57', '1ceaab5b-3df9-453c-ab2a-92f8f0867cfb', '04c18f7f-cb8a-42d1-8ef6-f27e68449b7e', '19b1dda2-368d-4ce9-8dea-8dcba7e5f549', NULL, NULL, '2026-04-28 19:24:47.995394+00', '2026-04-28 19:24:47.995394+00', '2026-04-28 19:24:47.995394+00');
INSERT INTO public.questions_answered (id, session_id, question_id, option_chosen_id, numeric_answer, selected_option_ids, answered_at, created_at, updated_at) VALUES ('0ca4f37b-b244-41de-b64e-45e88c6c917d', '92472db5-8062-4087-99d5-1a2809618baa', '1401ad56-f7cf-4940-9e50-b91d39168446', '046fa1fc-8d62-4dea-b4f8-ec5f57475451', NULL, NULL, '2026-04-28 19:24:48.077016+00', '2026-04-28 19:24:48.077016+00', '2026-04-28 19:24:48.077016+00');
INSERT INTO public.questions_answered (id, session_id, question_id, option_chosen_id, numeric_answer, selected_option_ids, answered_at, created_at, updated_at) VALUES ('efef4f04-6520-4e6d-9b5f-b4d43816c5ee', '92472db5-8062-4087-99d5-1a2809618baa', '6ca0dbf1-6a81-42eb-bb5e-83caa52d51f8', 'ee379a89-9737-469c-83c9-3e7315dd2282', NULL, NULL, '2026-04-28 19:24:48.077016+00', '2026-04-28 19:24:48.077016+00', '2026-04-28 19:24:48.077016+00');
INSERT INTO public.questions_answered (id, session_id, question_id, option_chosen_id, numeric_answer, selected_option_ids, answered_at, created_at, updated_at) VALUES ('3ef4d0f7-41a1-46b8-9561-4a0a03c4c9be', '92472db5-8062-4087-99d5-1a2809618baa', 'ae80634f-3494-4907-9dd3-61a547818f6f', 'e51bcd77-6cc8-4178-bc5a-7f7995d7ff90', NULL, NULL, '2026-04-28 19:24:48.077016+00', '2026-04-28 19:24:48.077016+00', '2026-04-28 19:24:48.077016+00');
INSERT INTO public.questions_answered (id, session_id, question_id, option_chosen_id, numeric_answer, selected_option_ids, answered_at, created_at, updated_at) VALUES ('78200405-7c99-4926-84ea-9ab4420223da', '92472db5-8062-4087-99d5-1a2809618baa', 'fc44cd8e-a862-4147-8948-adc9b33af5b9', NULL, 3, NULL, '2026-04-28 19:24:48.077016+00', '2026-04-28 19:24:48.077016+00', '2026-04-28 19:24:48.077016+00');
INSERT INTO public.questions_answered (id, session_id, question_id, option_chosen_id, numeric_answer, selected_option_ids, answered_at, created_at, updated_at) VALUES ('f0246ae5-5d18-4202-a574-d5a9ac23d091', '92472db5-8062-4087-99d5-1a2809618baa', 'cf7afab8-e957-4c49-82e6-03172dadfb4b', 'e7c43495-d619-4c59-bf0b-035d9d1f9bb9', NULL, NULL, '2026-04-28 19:24:48.077016+00', '2026-04-28 19:24:48.077016+00', '2026-04-28 19:24:48.077016+00');
INSERT INTO public.questions_answered (id, session_id, question_id, option_chosen_id, numeric_answer, selected_option_ids, answered_at, created_at, updated_at) VALUES ('fc0b1595-e0fc-4491-8a75-6095ea21252f', 'c409ba71-c5ee-495a-890b-0acfd182031d', '1401ad56-f7cf-4940-9e50-b91d39168446', '240d56c5-b790-4429-a521-2badd09c2cbd', NULL, NULL, '2026-04-28 19:24:48.077016+00', '2026-04-28 19:24:48.077016+00', '2026-04-28 19:24:48.077016+00');
INSERT INTO public.questions_answered (id, session_id, question_id, option_chosen_id, numeric_answer, selected_option_ids, answered_at, created_at, updated_at) VALUES ('bb3aeede-96d3-4e59-97e4-b8f9c2aaeb79', 'c409ba71-c5ee-495a-890b-0acfd182031d', '6ca0dbf1-6a81-42eb-bb5e-83caa52d51f8', 'd4269f6f-7306-432b-b3a7-775fc0a41bdf', NULL, NULL, '2026-04-28 19:24:48.077016+00', '2026-04-28 19:24:48.077016+00', '2026-04-28 19:24:48.077016+00');
INSERT INTO public.questions_answered (id, session_id, question_id, option_chosen_id, numeric_answer, selected_option_ids, answered_at, created_at, updated_at) VALUES ('31f493a0-9507-495f-a93e-76cc7d5e5c0b', 'c409ba71-c5ee-495a-890b-0acfd182031d', 'ae80634f-3494-4907-9dd3-61a547818f6f', '042fd409-b90e-4e60-9a9f-5f8f5c8ba1a1', NULL, NULL, '2026-04-28 19:24:48.077016+00', '2026-04-28 19:24:48.077016+00', '2026-04-28 19:24:48.077016+00');
INSERT INTO public.questions_answered (id, session_id, question_id, option_chosen_id, numeric_answer, selected_option_ids, answered_at, created_at, updated_at) VALUES ('1dc92f59-e294-4226-95a5-3e5f94b1a6c0', 'c409ba71-c5ee-495a-890b-0acfd182031d', 'fc44cd8e-a862-4147-8948-adc9b33af5b9', NULL, 2, NULL, '2026-04-28 19:24:48.077016+00', '2026-04-28 19:24:48.077016+00', '2026-04-28 19:24:48.077016+00');
INSERT INTO public.questions_answered (id, session_id, question_id, option_chosen_id, numeric_answer, selected_option_ids, answered_at, created_at, updated_at) VALUES ('bbf61df2-c341-4e3d-99f2-fe5e402a3dde', 'c409ba71-c5ee-495a-890b-0acfd182031d', 'cf7afab8-e957-4c49-82e6-03172dadfb4b', '1bd1e7ce-4a70-4b9c-ac21-a19ba6c3f232', NULL, NULL, '2026-04-28 19:24:48.077016+00', '2026-04-28 19:24:48.077016+00', '2026-04-28 19:24:48.077016+00');
INSERT INTO public.questions_answered (id, session_id, question_id, option_chosen_id, numeric_answer, selected_option_ids, answered_at, created_at, updated_at) VALUES ('ee5233cc-e0c8-4b44-8143-2e97b940526c', 'f0121253-7606-42c0-9f27-c449cd906d41', '1401ad56-f7cf-4940-9e50-b91d39168446', '3dcf8473-e1cc-4ae6-87cc-a90898228e07', NULL, NULL, '2026-04-28 19:24:48.077016+00', '2026-04-28 19:24:48.077016+00', '2026-04-28 19:24:48.077016+00');
INSERT INTO public.questions_answered (id, session_id, question_id, option_chosen_id, numeric_answer, selected_option_ids, answered_at, created_at, updated_at) VALUES ('d84836d3-bca3-4558-854e-b0be92bbb7d7', 'f0121253-7606-42c0-9f27-c449cd906d41', '6ca0dbf1-6a81-42eb-bb5e-83caa52d51f8', 'c8e29696-c604-4c40-8852-337fe1b04b5e', NULL, NULL, '2026-04-28 19:24:48.077016+00', '2026-04-28 19:24:48.077016+00', '2026-04-28 19:24:48.077016+00');
INSERT INTO public.questions_answered (id, session_id, question_id, option_chosen_id, numeric_answer, selected_option_ids, answered_at, created_at, updated_at) VALUES ('332e719e-f201-4a6d-bd71-03ec268774af', 'f0121253-7606-42c0-9f27-c449cd906d41', 'ae80634f-3494-4907-9dd3-61a547818f6f', 'f4007e97-170b-4c25-841a-0c8e95293b71', NULL, NULL, '2026-04-28 19:24:48.077016+00', '2026-04-28 19:24:48.077016+00', '2026-04-28 19:24:48.077016+00');
INSERT INTO public.questions_answered (id, session_id, question_id, option_chosen_id, numeric_answer, selected_option_ids, answered_at, created_at, updated_at) VALUES ('63b2fd31-9fc9-4f0e-8660-605c191b26b3', 'f0121253-7606-42c0-9f27-c449cd906d41', 'fc44cd8e-a862-4147-8948-adc9b33af5b9', NULL, 1, NULL, '2026-04-28 19:24:48.077016+00', '2026-04-28 19:24:48.077016+00', '2026-04-28 19:24:48.077016+00');
INSERT INTO public.questions_answered (id, session_id, question_id, option_chosen_id, numeric_answer, selected_option_ids, answered_at, created_at, updated_at) VALUES ('59771cd6-6311-44eb-a75b-7ac96b759927', 'f0121253-7606-42c0-9f27-c449cd906d41', 'cf7afab8-e957-4c49-82e6-03172dadfb4b', '2e8d9e66-07c3-44c3-a414-22e738b1b117', NULL, NULL, '2026-04-28 19:24:48.077016+00', '2026-04-28 19:24:48.077016+00', '2026-04-28 19:24:48.077016+00');
INSERT INTO public.questions_answered (id, session_id, question_id, option_chosen_id, numeric_answer, selected_option_ids, answered_at, created_at, updated_at) VALUES ('64678380-f629-405c-8243-97573ab66868', '40435901-064c-475e-b884-10fdd4c50db5', '1401ad56-f7cf-4940-9e50-b91d39168446', '5d6c067a-bce0-40f5-81ac-74a429272eeb', NULL, NULL, '2026-04-28 19:24:48.077016+00', '2026-04-28 19:24:48.077016+00', '2026-04-28 19:24:48.077016+00');
INSERT INTO public.questions_answered (id, session_id, question_id, option_chosen_id, numeric_answer, selected_option_ids, answered_at, created_at, updated_at) VALUES ('33805345-0712-44b3-a9f2-8eaae01a5fb4', '40435901-064c-475e-b884-10fdd4c50db5', '6ca0dbf1-6a81-42eb-bb5e-83caa52d51f8', 'e3feca43-221a-4dca-94e0-af80603e9a2b', NULL, NULL, '2026-04-28 19:24:48.077016+00', '2026-04-28 19:24:48.077016+00', '2026-04-28 19:24:48.077016+00');
INSERT INTO public.questions_answered (id, session_id, question_id, option_chosen_id, numeric_answer, selected_option_ids, answered_at, created_at, updated_at) VALUES ('d139d3fa-725a-40a7-aaae-a83ccb37b8ff', '40435901-064c-475e-b884-10fdd4c50db5', 'ae80634f-3494-4907-9dd3-61a547818f6f', '3cc48955-50f8-4b5d-8a9a-a01b99a90399', NULL, NULL, '2026-04-28 19:24:48.077016+00', '2026-04-28 19:24:48.077016+00', '2026-04-28 19:24:48.077016+00');
INSERT INTO public.questions_answered (id, session_id, question_id, option_chosen_id, numeric_answer, selected_option_ids, answered_at, created_at, updated_at) VALUES ('daeca8ca-ee9b-410e-94ac-68d300e1fcae', '40435901-064c-475e-b884-10fdd4c50db5', 'fc44cd8e-a862-4147-8948-adc9b33af5b9', NULL, 0, NULL, '2026-04-28 19:24:48.077016+00', '2026-04-28 19:24:48.077016+00', '2026-04-28 19:24:48.077016+00');
INSERT INTO public.questions_answered (id, session_id, question_id, option_chosen_id, numeric_answer, selected_option_ids, answered_at, created_at, updated_at) VALUES ('6701c749-3464-4820-912e-23b1da00dfdd', '40435901-064c-475e-b884-10fdd4c50db5', 'cf7afab8-e957-4c49-82e6-03172dadfb4b', 'e710ba3b-b35e-4149-827b-6a50e5904d11', NULL, NULL, '2026-04-28 19:24:48.077016+00', '2026-04-28 19:24:48.077016+00', '2026-04-28 19:24:48.077016+00');
INSERT INTO public.questions_answered (id, session_id, question_id, option_chosen_id, numeric_answer, selected_option_ids, answered_at, created_at, updated_at) VALUES ('34530f15-af8b-465f-a91e-83bfeeb4a5c0', '8d7ca3c3-0a9e-40be-9845-40bde19743d7', '1401ad56-f7cf-4940-9e50-b91d39168446', '046fa1fc-8d62-4dea-b4f8-ec5f57475451', NULL, NULL, '2026-04-28 19:24:48.077016+00', '2026-04-28 19:24:48.077016+00', '2026-04-28 19:24:48.077016+00');
INSERT INTO public.questions_answered (id, session_id, question_id, option_chosen_id, numeric_answer, selected_option_ids, answered_at, created_at, updated_at) VALUES ('f8056229-a1d6-4b6d-8d07-de0ed8bb6c5f', '8d7ca3c3-0a9e-40be-9845-40bde19743d7', '6ca0dbf1-6a81-42eb-bb5e-83caa52d51f8', 'ee379a89-9737-469c-83c9-3e7315dd2282', NULL, NULL, '2026-04-28 19:24:48.077016+00', '2026-04-28 19:24:48.077016+00', '2026-04-28 19:24:48.077016+00');
INSERT INTO public.questions_answered (id, session_id, question_id, option_chosen_id, numeric_answer, selected_option_ids, answered_at, created_at, updated_at) VALUES ('6fcf7055-69d7-4dd5-962d-fe0385123c04', '8d7ca3c3-0a9e-40be-9845-40bde19743d7', 'ae80634f-3494-4907-9dd3-61a547818f6f', 'e51bcd77-6cc8-4178-bc5a-7f7995d7ff90', NULL, NULL, '2026-04-28 19:24:48.077016+00', '2026-04-28 19:24:48.077016+00', '2026-04-28 19:24:48.077016+00');
INSERT INTO public.questions_answered (id, session_id, question_id, option_chosen_id, numeric_answer, selected_option_ids, answered_at, created_at, updated_at) VALUES ('1d1a9289-1609-4d6f-8a5f-2eacd12a648d', '8d7ca3c3-0a9e-40be-9845-40bde19743d7', 'fc44cd8e-a862-4147-8948-adc9b33af5b9', NULL, 3, NULL, '2026-04-28 19:24:48.077016+00', '2026-04-28 19:24:48.077016+00', '2026-04-28 19:24:48.077016+00');
INSERT INTO public.questions_answered (id, session_id, question_id, option_chosen_id, numeric_answer, selected_option_ids, answered_at, created_at, updated_at) VALUES ('37885710-66d0-4c25-be43-947137a3123f', '8d7ca3c3-0a9e-40be-9845-40bde19743d7', 'cf7afab8-e957-4c49-82e6-03172dadfb4b', 'e7c43495-d619-4c59-bf0b-035d9d1f9bb9', NULL, NULL, '2026-04-28 19:24:48.077016+00', '2026-04-28 19:24:48.077016+00', '2026-04-28 19:24:48.077016+00');
INSERT INTO public.questions_answered (id, session_id, question_id, option_chosen_id, numeric_answer, selected_option_ids, answered_at, created_at, updated_at) VALUES ('1f1b8d09-8a01-4dd3-b025-b37a122cb1d9', '40371b59-11de-4494-b43e-dbde33e28f40', '1401ad56-f7cf-4940-9e50-b91d39168446', '240d56c5-b790-4429-a521-2badd09c2cbd', NULL, NULL, '2026-04-28 19:24:48.077016+00', '2026-04-28 19:24:48.077016+00', '2026-04-28 19:24:48.077016+00');
INSERT INTO public.questions_answered (id, session_id, question_id, option_chosen_id, numeric_answer, selected_option_ids, answered_at, created_at, updated_at) VALUES ('ec692d89-4cd7-41fa-8675-38da3cb9dbea', '40371b59-11de-4494-b43e-dbde33e28f40', '6ca0dbf1-6a81-42eb-bb5e-83caa52d51f8', 'd4269f6f-7306-432b-b3a7-775fc0a41bdf', NULL, NULL, '2026-04-28 19:24:48.077016+00', '2026-04-28 19:24:48.077016+00', '2026-04-28 19:24:48.077016+00');
INSERT INTO public.questions_answered (id, session_id, question_id, option_chosen_id, numeric_answer, selected_option_ids, answered_at, created_at, updated_at) VALUES ('f78518de-cb77-4199-a11c-7688e0e1c776', '40371b59-11de-4494-b43e-dbde33e28f40', 'ae80634f-3494-4907-9dd3-61a547818f6f', '042fd409-b90e-4e60-9a9f-5f8f5c8ba1a1', NULL, NULL, '2026-04-28 19:24:48.077016+00', '2026-04-28 19:24:48.077016+00', '2026-04-28 19:24:48.077016+00');
INSERT INTO public.questions_answered (id, session_id, question_id, option_chosen_id, numeric_answer, selected_option_ids, answered_at, created_at, updated_at) VALUES ('3ac01b0f-06c7-4baf-ac90-7e44aa7d3ecb', '40371b59-11de-4494-b43e-dbde33e28f40', 'fc44cd8e-a862-4147-8948-adc9b33af5b9', NULL, 2, NULL, '2026-04-28 19:24:48.077016+00', '2026-04-28 19:24:48.077016+00', '2026-04-28 19:24:48.077016+00');
INSERT INTO public.questions_answered (id, session_id, question_id, option_chosen_id, numeric_answer, selected_option_ids, answered_at, created_at, updated_at) VALUES ('a46b6234-262e-48cc-abfe-1b489e9e3f0a', '40371b59-11de-4494-b43e-dbde33e28f40', 'cf7afab8-e957-4c49-82e6-03172dadfb4b', '1bd1e7ce-4a70-4b9c-ac21-a19ba6c3f232', NULL, NULL, '2026-04-28 19:24:48.077016+00', '2026-04-28 19:24:48.077016+00', '2026-04-28 19:24:48.077016+00');
INSERT INTO public.questions_answered (id, session_id, question_id, option_chosen_id, numeric_answer, selected_option_ids, answered_at, created_at, updated_at) VALUES ('e7024e2c-0f67-4ae3-b829-afc024010397', '7376fbbb-3b0c-4a90-b219-b9bf7f3895a3', '1401ad56-f7cf-4940-9e50-b91d39168446', '5d6c067a-bce0-40f5-81ac-74a429272eeb', NULL, NULL, '2026-04-28 19:24:48.077016+00', '2026-04-28 19:24:48.077016+00', '2026-04-28 19:24:48.077016+00');
INSERT INTO public.questions_answered (id, session_id, question_id, option_chosen_id, numeric_answer, selected_option_ids, answered_at, created_at, updated_at) VALUES ('c4a9330b-5412-4eb4-88dc-62d1bca458c6', '30550cda-045b-4a4a-bb9b-fd8333db6b0d', '1401ad56-f7cf-4940-9e50-b91d39168446', '5d6c067a-bce0-40f5-81ac-74a429272eeb', NULL, NULL, '2026-04-28 19:24:48.077016+00', '2026-04-28 19:24:48.077016+00', '2026-04-28 19:24:48.077016+00');
INSERT INTO public.questions_answered (id, session_id, question_id, option_chosen_id, numeric_answer, selected_option_ids, answered_at, created_at, updated_at) VALUES ('18810790-3e6b-45c3-9dc6-9a2f6028b4df', '2e8f7a15-3686-4e28-a712-c345f375496a', '40faccdb-5218-40da-a364-b69fc676f525', NULL, NULL, '{ce766566-71b3-4773-b42e-10edaa483f8d,18f25a6b-817e-476c-9c63-eeadc74c6aa3}', '2026-04-28 19:25:07.579752+00', '2026-04-28 19:25:07.579752+00', '2026-04-28 19:25:07.579752+00');
INSERT INTO public.questions_answered (id, session_id, question_id, option_chosen_id, numeric_answer, selected_option_ids, answered_at, created_at, updated_at) VALUES ('9b20e3ce-e822-422b-8074-09e75d66e258', '2e8f7a15-3686-4e28-a712-c345f375496a', 'f075f209-18f5-4dbc-b244-c8e40d85becb', NULL, NULL, '{a6d58df0-68ab-46a4-a8da-050c38565ece,6463e8d4-7525-4a00-9418-9fd7c1e58bb6}', '2026-04-28 19:25:07.579752+00', '2026-04-28 19:25:07.579752+00', '2026-04-28 19:25:07.579752+00');
INSERT INTO public.questions_answered (id, session_id, question_id, option_chosen_id, numeric_answer, selected_option_ids, answered_at, created_at, updated_at) VALUES ('e63573f3-8dba-4219-85d8-4981de885a22', '2e8f7a15-3686-4e28-a712-c345f375496a', '10c531ea-f8f1-4a6b-b1b6-f094f2e4d402', NULL, 3, NULL, '2026-04-28 19:25:07.579752+00', '2026-04-28 19:25:07.579752+00', '2026-04-28 19:25:07.579752+00');
INSERT INTO public.questions_answered (id, session_id, question_id, option_chosen_id, numeric_answer, selected_option_ids, answered_at, created_at, updated_at) VALUES ('2a1c8071-e5f2-4b2a-8a68-cb447ebbedd6', '2e8f7a15-3686-4e28-a712-c345f375496a', 'c403626f-eba8-4f53-9ab6-6944913f2d18', '52414fe8-089e-4bac-813c-f5ed34a79602', NULL, NULL, '2026-04-28 19:25:07.579752+00', '2026-04-28 19:25:07.579752+00', '2026-04-28 19:25:07.579752+00');
INSERT INTO public.questions_answered (id, session_id, question_id, option_chosen_id, numeric_answer, selected_option_ids, answered_at, created_at, updated_at) VALUES ('d9a7e1be-30db-495d-9270-c49d8ef2c93f', '2e8f7a15-3686-4e28-a712-c345f375496a', '04e20092-33ed-4ed5-a367-7f3e41af5848', '512e97a1-c3a0-4c53-b618-19747bb5c366', NULL, NULL, '2026-04-28 19:25:07.579752+00', '2026-04-28 19:25:07.579752+00', '2026-04-28 19:25:07.579752+00');
INSERT INTO public.questions_answered (id, session_id, question_id, option_chosen_id, numeric_answer, selected_option_ids, answered_at, created_at, updated_at) VALUES ('b9bdbd47-af27-42fb-8f62-7162bb42704a', '2e8f7a15-3686-4e28-a712-c345f375496a', '9fee502c-b574-4c2c-80db-c37d5e929a38', 'cbf1a843-08d2-4133-b278-64657dc949c1', NULL, NULL, '2026-04-28 19:25:07.579752+00', '2026-04-28 19:25:07.579752+00', '2026-04-28 19:25:07.579752+00');
INSERT INTO public.questions_answered (id, session_id, question_id, option_chosen_id, numeric_answer, selected_option_ids, answered_at, created_at, updated_at) VALUES ('dd8e7621-98cd-4523-8f44-e14fe5911b71', '9eb1d425-6f8b-43d9-9211-af23b5017a51', '40faccdb-5218-40da-a364-b69fc676f525', NULL, NULL, '{ce766566-71b3-4773-b42e-10edaa483f8d,18f25a6b-817e-476c-9c63-eeadc74c6aa3,438e5bcc-5812-4c57-bf66-67895432a269}', '2026-04-28 19:25:31.604939+00', '2026-04-28 19:25:31.604939+00', '2026-04-28 19:25:31.604939+00');
INSERT INTO public.questions_answered (id, session_id, question_id, option_chosen_id, numeric_answer, selected_option_ids, answered_at, created_at, updated_at) VALUES ('e151da49-ba0e-43cc-a3b8-3174e33bb7fa', '9eb1d425-6f8b-43d9-9211-af23b5017a51', 'f075f209-18f5-4dbc-b244-c8e40d85becb', NULL, NULL, '{a6d58df0-68ab-46a4-a8da-050c38565ece,6463e8d4-7525-4a00-9418-9fd7c1e58bb6,3a1f4661-f5e4-4ee6-b509-6cbcdf99e100}', '2026-04-28 19:25:31.604939+00', '2026-04-28 19:25:31.604939+00', '2026-04-28 19:25:31.604939+00');
INSERT INTO public.questions_answered (id, session_id, question_id, option_chosen_id, numeric_answer, selected_option_ids, answered_at, created_at, updated_at) VALUES ('99bafd17-36f8-43df-812f-036902747d9a', '9eb1d425-6f8b-43d9-9211-af23b5017a51', '10c531ea-f8f1-4a6b-b1b6-f094f2e4d402', NULL, 6, NULL, '2026-04-28 19:25:31.604939+00', '2026-04-28 19:25:31.604939+00', '2026-04-28 19:25:31.604939+00');
INSERT INTO public.questions_answered (id, session_id, question_id, option_chosen_id, numeric_answer, selected_option_ids, answered_at, created_at, updated_at) VALUES ('d73c8af6-3a95-4c06-ba69-aa2dbedb11a5', '9eb1d425-6f8b-43d9-9211-af23b5017a51', 'c403626f-eba8-4f53-9ab6-6944913f2d18', 'a345d788-4934-4820-a740-ab4a8388bb40', NULL, NULL, '2026-04-28 19:25:31.604939+00', '2026-04-28 19:25:31.604939+00', '2026-04-28 19:25:31.604939+00');
INSERT INTO public.questions_answered (id, session_id, question_id, option_chosen_id, numeric_answer, selected_option_ids, answered_at, created_at, updated_at) VALUES ('a0f5e7ff-b527-44a9-8a88-6e6fbd2b5977', '9eb1d425-6f8b-43d9-9211-af23b5017a51', '04e20092-33ed-4ed5-a367-7f3e41af5848', '4326fcbd-386e-402c-bb89-06802e3470f0', NULL, NULL, '2026-04-28 19:25:31.604939+00', '2026-04-28 19:25:31.604939+00', '2026-04-28 19:25:31.604939+00');
INSERT INTO public.questions_answered (id, session_id, question_id, option_chosen_id, numeric_answer, selected_option_ids, answered_at, created_at, updated_at) VALUES ('a6eacee4-6347-4b34-b285-ad08c324dadc', '9eb1d425-6f8b-43d9-9211-af23b5017a51', '9fee502c-b574-4c2c-80db-c37d5e929a38', '5d70c84b-2975-4e56-87cf-dfde01a76467', NULL, NULL, '2026-04-28 19:25:31.604939+00', '2026-04-28 19:25:31.604939+00', '2026-04-28 19:25:31.604939+00');
INSERT INTO public.questions_answered (id, session_id, question_id, option_chosen_id, numeric_answer, selected_option_ids, answered_at, created_at, updated_at) VALUES ('e6d5b6e1-5337-409b-b326-acf80c9875ec', 'a99c5c71-4582-43d7-9b16-542047885774', '40faccdb-5218-40da-a364-b69fc676f525', NULL, NULL, '{ce766566-71b3-4773-b42e-10edaa483f8d,18f25a6b-817e-476c-9c63-eeadc74c6aa3,438e5bcc-5812-4c57-bf66-67895432a269,f0acb4fb-9898-431b-a193-362db8db14be}', '2026-04-28 19:25:31.604939+00', '2026-04-28 19:25:31.604939+00', '2026-04-28 19:25:31.604939+00');
INSERT INTO public.questions_answered (id, session_id, question_id, option_chosen_id, numeric_answer, selected_option_ids, answered_at, created_at, updated_at) VALUES ('e38af342-a2f1-45a5-a297-99b37d0598fb', 'a99c5c71-4582-43d7-9b16-542047885774', 'f075f209-18f5-4dbc-b244-c8e40d85becb', NULL, NULL, '{a6d58df0-68ab-46a4-a8da-050c38565ece,6463e8d4-7525-4a00-9418-9fd7c1e58bb6,3a1f4661-f5e4-4ee6-b509-6cbcdf99e100,ea85820a-08af-446e-b04b-1719f7b98452}', '2026-04-28 19:25:31.604939+00', '2026-04-28 19:25:31.604939+00', '2026-04-28 19:25:31.604939+00');
INSERT INTO public.questions_answered (id, session_id, question_id, option_chosen_id, numeric_answer, selected_option_ids, answered_at, created_at, updated_at) VALUES ('15a6ac5f-9bfe-46c2-802e-9c57b474c23c', 'a99c5c71-4582-43d7-9b16-542047885774', '10c531ea-f8f1-4a6b-b1b6-f094f2e4d402', NULL, 1, NULL, '2026-04-28 19:25:31.604939+00', '2026-04-28 19:25:31.604939+00', '2026-04-28 19:25:31.604939+00');
INSERT INTO public.questions_answered (id, session_id, question_id, option_chosen_id, numeric_answer, selected_option_ids, answered_at, created_at, updated_at) VALUES ('33ef0cce-1372-463b-9b3e-2b0815b5f5d5', 'a99c5c71-4582-43d7-9b16-542047885774', 'c403626f-eba8-4f53-9ab6-6944913f2d18', 'edee5baf-684d-4ba6-8c80-e68d3404712c', NULL, NULL, '2026-04-28 19:25:31.604939+00', '2026-04-28 19:25:31.604939+00', '2026-04-28 19:25:31.604939+00');
INSERT INTO public.questions_answered (id, session_id, question_id, option_chosen_id, numeric_answer, selected_option_ids, answered_at, created_at, updated_at) VALUES ('f1e8b1d1-35d2-4612-bc3b-67c06a787092', 'a99c5c71-4582-43d7-9b16-542047885774', '04e20092-33ed-4ed5-a367-7f3e41af5848', 'f829c10a-acf3-435a-8dff-1c78f76c406e', NULL, NULL, '2026-04-28 19:25:31.604939+00', '2026-04-28 19:25:31.604939+00', '2026-04-28 19:25:31.604939+00');
INSERT INTO public.questions_answered (id, session_id, question_id, option_chosen_id, numeric_answer, selected_option_ids, answered_at, created_at, updated_at) VALUES ('53fdd83c-eb46-4861-994f-153463f10be1', 'a99c5c71-4582-43d7-9b16-542047885774', '9fee502c-b574-4c2c-80db-c37d5e929a38', 'e1a09659-1b55-4cb4-a452-4e220a28f987', NULL, NULL, '2026-04-28 19:25:31.604939+00', '2026-04-28 19:25:31.604939+00', '2026-04-28 19:25:31.604939+00');
INSERT INTO public.questions_answered (id, session_id, question_id, option_chosen_id, numeric_answer, selected_option_ids, answered_at, created_at, updated_at) VALUES ('bf184282-a383-4cbf-8e4d-52874890dcc2', '054ddb6f-b510-4f5d-9fb9-6a93e3da463e', '40faccdb-5218-40da-a364-b69fc676f525', NULL, NULL, '{ce766566-71b3-4773-b42e-10edaa483f8d}', '2026-04-28 19:25:31.604939+00', '2026-04-28 19:25:31.604939+00', '2026-04-28 19:25:31.604939+00');
INSERT INTO public.questions_answered (id, session_id, question_id, option_chosen_id, numeric_answer, selected_option_ids, answered_at, created_at, updated_at) VALUES ('ee2c3232-87db-4181-8e3a-e7fc3c46321d', '054ddb6f-b510-4f5d-9fb9-6a93e3da463e', 'f075f209-18f5-4dbc-b244-c8e40d85becb', NULL, NULL, '{a6d58df0-68ab-46a4-a8da-050c38565ece}', '2026-04-28 19:25:31.604939+00', '2026-04-28 19:25:31.604939+00', '2026-04-28 19:25:31.604939+00');
INSERT INTO public.questions_answered (id, session_id, question_id, option_chosen_id, numeric_answer, selected_option_ids, answered_at, created_at, updated_at) VALUES ('3d6cd28a-bd1e-411c-9add-5611a1508946', '054ddb6f-b510-4f5d-9fb9-6a93e3da463e', '10c531ea-f8f1-4a6b-b1b6-f094f2e4d402', NULL, 4, NULL, '2026-04-28 19:25:31.604939+00', '2026-04-28 19:25:31.604939+00', '2026-04-28 19:25:31.604939+00');
INSERT INTO public.questions_answered (id, session_id, question_id, option_chosen_id, numeric_answer, selected_option_ids, answered_at, created_at, updated_at) VALUES ('e6883eb6-23fd-45e5-956b-4d8cac4631c7', '054ddb6f-b510-4f5d-9fb9-6a93e3da463e', 'c403626f-eba8-4f53-9ab6-6944913f2d18', '156834c7-9942-43c4-b87f-605ea88b3044', NULL, NULL, '2026-04-28 19:25:31.604939+00', '2026-04-28 19:25:31.604939+00', '2026-04-28 19:25:31.604939+00');
INSERT INTO public.questions_answered (id, session_id, question_id, option_chosen_id, numeric_answer, selected_option_ids, answered_at, created_at, updated_at) VALUES ('fce62f4a-691b-4fa6-bb64-b4a359660bbb', '054ddb6f-b510-4f5d-9fb9-6a93e3da463e', '04e20092-33ed-4ed5-a367-7f3e41af5848', 'd56ce40a-e1f3-4dfe-b37a-8fd0992ce72c', NULL, NULL, '2026-04-28 19:25:31.604939+00', '2026-04-28 19:25:31.604939+00', '2026-04-28 19:25:31.604939+00');
INSERT INTO public.questions_answered (id, session_id, question_id, option_chosen_id, numeric_answer, selected_option_ids, answered_at, created_at, updated_at) VALUES ('b9ff6e4e-86aa-4a08-9955-97afba353792', '054ddb6f-b510-4f5d-9fb9-6a93e3da463e', '9fee502c-b574-4c2c-80db-c37d5e929a38', '06ce4172-cb14-4e81-b46f-9739ab804663', NULL, NULL, '2026-04-28 19:25:31.604939+00', '2026-04-28 19:25:31.604939+00', '2026-04-28 19:25:31.604939+00');
INSERT INTO public.questions_answered (id, session_id, question_id, option_chosen_id, numeric_answer, selected_option_ids, answered_at, created_at, updated_at) VALUES ('e0b06c00-1796-46dc-9e59-65909367bf1b', '058885d9-721f-4a23-9343-bf53dc3805a1', '40faccdb-5218-40da-a364-b69fc676f525', NULL, NULL, '{ce766566-71b3-4773-b42e-10edaa483f8d,18f25a6b-817e-476c-9c63-eeadc74c6aa3}', '2026-04-28 19:25:31.604939+00', '2026-04-28 19:25:31.604939+00', '2026-04-28 19:25:31.604939+00');
INSERT INTO public.questions_answered (id, session_id, question_id, option_chosen_id, numeric_answer, selected_option_ids, answered_at, created_at, updated_at) VALUES ('bb542666-c431-4329-a265-ff1bc0be93ee', '058885d9-721f-4a23-9343-bf53dc3805a1', 'f075f209-18f5-4dbc-b244-c8e40d85becb', NULL, NULL, '{a6d58df0-68ab-46a4-a8da-050c38565ece,6463e8d4-7525-4a00-9418-9fd7c1e58bb6}', '2026-04-28 19:25:31.604939+00', '2026-04-28 19:25:31.604939+00', '2026-04-28 19:25:31.604939+00');
INSERT INTO public.questions_answered (id, session_id, question_id, option_chosen_id, numeric_answer, selected_option_ids, answered_at, created_at, updated_at) VALUES ('1a231a64-a47d-4af4-8159-a8bb21c01c2f', '058885d9-721f-4a23-9343-bf53dc3805a1', '10c531ea-f8f1-4a6b-b1b6-f094f2e4d402', NULL, 7, NULL, '2026-04-28 19:25:31.604939+00', '2026-04-28 19:25:31.604939+00', '2026-04-28 19:25:31.604939+00');
INSERT INTO public.questions_answered (id, session_id, question_id, option_chosen_id, numeric_answer, selected_option_ids, answered_at, created_at, updated_at) VALUES ('017a3bc1-c31f-48ed-bf60-2991e9a4bd11', '058885d9-721f-4a23-9343-bf53dc3805a1', 'c403626f-eba8-4f53-9ab6-6944913f2d18', '52414fe8-089e-4bac-813c-f5ed34a79602', NULL, NULL, '2026-04-28 19:25:31.604939+00', '2026-04-28 19:25:31.604939+00', '2026-04-28 19:25:31.604939+00');
INSERT INTO public.questions_answered (id, session_id, question_id, option_chosen_id, numeric_answer, selected_option_ids, answered_at, created_at, updated_at) VALUES ('db60aae7-0790-4cf2-980c-fa4f545fa24e', '058885d9-721f-4a23-9343-bf53dc3805a1', '04e20092-33ed-4ed5-a367-7f3e41af5848', '512e97a1-c3a0-4c53-b618-19747bb5c366', NULL, NULL, '2026-04-28 19:25:31.604939+00', '2026-04-28 19:25:31.604939+00', '2026-04-28 19:25:31.604939+00');
INSERT INTO public.questions_answered (id, session_id, question_id, option_chosen_id, numeric_answer, selected_option_ids, answered_at, created_at, updated_at) VALUES ('e40b36d6-80b6-4fd4-88f4-1665039a506b', '058885d9-721f-4a23-9343-bf53dc3805a1', '9fee502c-b574-4c2c-80db-c37d5e929a38', '8b428ed0-b8a9-428a-9b75-221d4bcd4b13', NULL, NULL, '2026-04-28 19:25:31.604939+00', '2026-04-28 19:25:31.604939+00', '2026-04-28 19:25:31.604939+00');
INSERT INTO public.questions_answered (id, session_id, question_id, option_chosen_id, numeric_answer, selected_option_ids, answered_at, created_at, updated_at) VALUES ('082436a2-b255-4f1d-a18d-5ccc1816d99a', '42d17a1a-fc8e-4e03-ab5f-d8c834193b7d', '40faccdb-5218-40da-a364-b69fc676f525', NULL, NULL, '{ce766566-71b3-4773-b42e-10edaa483f8d,18f25a6b-817e-476c-9c63-eeadc74c6aa3,438e5bcc-5812-4c57-bf66-67895432a269}', '2026-04-28 19:25:31.604939+00', '2026-04-28 19:25:31.604939+00', '2026-04-28 19:25:31.604939+00');
INSERT INTO public.questions_answered (id, session_id, question_id, option_chosen_id, numeric_answer, selected_option_ids, answered_at, created_at, updated_at) VALUES ('28c79510-3ad0-4416-b630-a51997d8a0a9', '42d17a1a-fc8e-4e03-ab5f-d8c834193b7d', 'f075f209-18f5-4dbc-b244-c8e40d85becb', NULL, NULL, '{a6d58df0-68ab-46a4-a8da-050c38565ece,6463e8d4-7525-4a00-9418-9fd7c1e58bb6,3a1f4661-f5e4-4ee6-b509-6cbcdf99e100}', '2026-04-28 19:25:31.604939+00', '2026-04-28 19:25:31.604939+00', '2026-04-28 19:25:31.604939+00');
INSERT INTO public.questions_answered (id, session_id, question_id, option_chosen_id, numeric_answer, selected_option_ids, answered_at, created_at, updated_at) VALUES ('4d803464-6ba1-4455-aefc-e6515b8b2638', '42d17a1a-fc8e-4e03-ab5f-d8c834193b7d', '10c531ea-f8f1-4a6b-b1b6-f094f2e4d402', NULL, 2, NULL, '2026-04-28 19:25:31.604939+00', '2026-04-28 19:25:31.604939+00', '2026-04-28 19:25:31.604939+00');
INSERT INTO public.questions_answered (id, session_id, question_id, option_chosen_id, numeric_answer, selected_option_ids, answered_at, created_at, updated_at) VALUES ('86092024-80f4-4310-a6c2-a76e12d38bbc', '42d17a1a-fc8e-4e03-ab5f-d8c834193b7d', 'c403626f-eba8-4f53-9ab6-6944913f2d18', 'a345d788-4934-4820-a740-ab4a8388bb40', NULL, NULL, '2026-04-28 19:25:31.604939+00', '2026-04-28 19:25:31.604939+00', '2026-04-28 19:25:31.604939+00');
INSERT INTO public.questions_answered (id, session_id, question_id, option_chosen_id, numeric_answer, selected_option_ids, answered_at, created_at, updated_at) VALUES ('a4dc0dae-5a84-41f4-a781-c2012a2c026f', '42d17a1a-fc8e-4e03-ab5f-d8c834193b7d', '04e20092-33ed-4ed5-a367-7f3e41af5848', '4326fcbd-386e-402c-bb89-06802e3470f0', NULL, NULL, '2026-04-28 19:25:31.604939+00', '2026-04-28 19:25:31.604939+00', '2026-04-28 19:25:31.604939+00');
INSERT INTO public.questions_answered (id, session_id, question_id, option_chosen_id, numeric_answer, selected_option_ids, answered_at, created_at, updated_at) VALUES ('a91b9913-cc53-4fef-b6b7-f18bd4b2d3f9', '42d17a1a-fc8e-4e03-ab5f-d8c834193b7d', '9fee502c-b574-4c2c-80db-c37d5e929a38', 'cbf1a843-08d2-4133-b278-64657dc949c1', NULL, NULL, '2026-04-28 19:25:31.604939+00', '2026-04-28 19:25:31.604939+00', '2026-04-28 19:25:31.604939+00');
INSERT INTO public.questions_answered (id, session_id, question_id, option_chosen_id, numeric_answer, selected_option_ids, answered_at, created_at, updated_at) VALUES ('0a3f18e1-6a14-4fa0-b3b6-9d84a3ddb385', '24429197-1729-4662-8c0a-df7ee12a645a', '40faccdb-5218-40da-a364-b69fc676f525', NULL, NULL, '{ce766566-71b3-4773-b42e-10edaa483f8d}', '2026-04-28 19:25:31.604939+00', '2026-04-28 19:25:31.604939+00', '2026-04-28 19:25:31.604939+00');
INSERT INTO public.questions_answered (id, session_id, question_id, option_chosen_id, numeric_answer, selected_option_ids, answered_at, created_at, updated_at) VALUES ('a43881e0-62ae-485b-bf8e-16ba68dee203', 'ab89e2d1-d9ea-4378-a7a0-25c1f62c5c20', '40faccdb-5218-40da-a364-b69fc676f525', NULL, NULL, '{ce766566-71b3-4773-b42e-10edaa483f8d}', '2026-04-28 19:25:31.604939+00', '2026-04-28 19:25:31.604939+00', '2026-04-28 19:25:31.604939+00');
INSERT INTO public.result (id, quiz_id, title_text, description, cta_text, cta_url, range_lo, range_hi, created_at, updated_at) VALUES ('09fe6763-e59d-4f33-94ba-a9e65f2fc53a', '1b52f940-a5b7-471c-8a4d-78d12f27cf56', 'You''re Already Eating Pretty Clean 🥦', 'Your habits show real awareness — you cook at home, read labels, and keep processed foods to a minimum. Olive can help you keep that momentum and discover even better options.', 'See How Olive Can Help', 'https://oliveapp.com/', 0, 20, '2026-04-28 19:23:51.914788+00', '2026-04-28 19:23:51.914788+00');
INSERT INTO public.result (id, quiz_id, title_text, description, cta_text, cta_url, range_lo, range_hi, created_at, updated_at) VALUES ('509e39e0-713e-4997-9d24-c65acefa3cc1', '1b52f940-a5b7-471c-8a4d-78d12f27cf56', 'You''re Doing Okay, But There''s Room to Improve 🤔', 'You''re making some good choices, but ultra-processed foods are sneaking in more than you might realize. Olive can help you spot them and swap them out without overhauling your whole routine.', 'Try Olive Free', 'https://oliveapp.com/', 21, 45, '2026-04-28 19:23:51.914788+00', '2026-04-28 19:23:51.914788+00');
INSERT INTO public.result (id, quiz_id, title_text, description, cta_text, cta_url, range_lo, range_hi, created_at, updated_at) VALUES ('247720b5-b4e1-4cff-87e9-684b368cf9e7', '1b52f940-a5b7-471c-8a4d-78d12f27cf56', 'Ultra-Processed Foods Are a Regular Part of Your Diet ⚠️', 'Your diet leans heavily on convenience and packaged foods — which is super common, but worth addressing. Olive was built for exactly this: making it easier to eat better without the overwhelm.', 'Give Olive a Try', 'https://oliveapp.com/#features', 46, 70, '2026-04-28 19:23:51.914788+00', '2026-04-28 19:23:51.914788+00');
INSERT INTO public.result (id, quiz_id, title_text, description, cta_text, cta_url, range_lo, range_hi, created_at, updated_at) VALUES ('7db0117c-29ea-4185-b015-3df9241f8323', '1b52f940-a5b7-471c-8a4d-78d12f27cf56', 'Time for a Real Reset 🚨', 'Your eating habits are heavily driven by ultra-processed foods, and it''s likely affecting how you feel. Olive can be your guide to understanding what''s actually in your food and making changes that stick.', 'Start Your Reset with Olive', 'https://oliveapp.com/#features', 71, 100, '2026-04-28 19:23:51.914788+00', '2026-04-28 19:23:51.914788+00');
INSERT INTO public.result (id, quiz_id, title_text, description, cta_text, cta_url, range_lo, range_hi, created_at, updated_at) VALUES ('2f40944b-2ed8-4e4b-a41e-963efd8db859', 'db563400-9f75-4ca6-b6ae-d1c7d7d56a6f', 'The Label Detective', 'You don''t eat a meal — you investigate one. You''ve read more ingredient lists than most people have read novels, and you''re proud of it. Your superpower: knowing exactly what''s in everything. Your kryptonite: the 45-minute grocery run.', 'See how Olive helps you decode labels instantly', 'https://oliveapp.com/', 13, 19, '2026-04-28 19:24:47.876037+00', '2026-04-28 19:24:47.876037+00');
INSERT INTO public.result (id, quiz_id, title_text, description, cta_text, cta_url, range_lo, range_hi, created_at, updated_at) VALUES ('29fabdfd-63c4-4142-ac26-e2bb69890bd1', 'db563400-9f75-4ca6-b6ae-d1c7d7d56a6f', 'The Conscious Muncher', 'You care about what you eat but you''re not obsessive about it. You''ll read the label if it''s right there, and you''ve definitely Googled ''is oat milk actually healthy'' at least once. Balance is your brand.', 'Explore Olive''s food tracking features', 'https://oliveapp.com/#features', 8, 12, '2026-04-28 19:24:47.876037+00', '2026-04-28 19:24:47.876037+00');
INSERT INTO public.result (id, quiz_id, title_text, description, cta_text, cta_url, range_lo, range_hi, created_at, updated_at) VALUES ('e92e9e10-68cc-438c-a949-8f7c522e2f6c', 'db563400-9f75-4ca6-b6ae-d1c7d7d56a6f', 'The Adventurous Omnivore', 'You''ll try anything once — twice if it''s spicy. Nutrition labels feel like a buzzkill and life''s too short not to eat the mystery dip. You bring maximum energy to every meal and zero spreadsheets.', 'Discover new foods with Olive', 'https://oliveapp.com/', 4, 7, '2026-04-28 19:24:47.876037+00', '2026-04-28 19:24:47.876037+00');
INSERT INTO public.result (id, quiz_id, title_text, description, cta_text, cta_url, range_lo, range_hi, created_at, updated_at) VALUES ('8bf44963-049e-4029-b5f9-4a34e2796779', 'db563400-9f75-4ca6-b6ae-d1c7d7d56a6f', 'The Blissfully Unaware', 'Food is fuel and also joy and honestly you don''t overthink it. You''ve eaten cereal for dinner and felt great about it. You live in the moment, one mystery snack at a time. No notes. No regrets.', 'Let Olive do the thinking for you', 'https://oliveapp.com/', 0, 3, '2026-04-28 19:24:47.876037+00', '2026-04-28 19:24:47.876037+00');
INSERT INTO public.result_screen_clicked (id, session_id, result_id, created_at) VALUES ('0145cc79-b49b-4580-a868-0b27d2594a2b', '7a9dff55-dc5e-4ed0-b572-c07db114eba9', '09fe6763-e59d-4f33-94ba-a9e65f2fc53a', '2026-04-28 19:24:47.995394+00');
INSERT INTO public.result_screen_clicked (id, session_id, result_id, created_at) VALUES ('b028c9de-a706-432e-a6d0-30a164ca67fa', '573e8302-76d8-4ca9-b575-415958f5150e', '09fe6763-e59d-4f33-94ba-a9e65f2fc53a', '2026-04-28 19:24:47.995394+00');
INSERT INTO public.result_screen_clicked (id, session_id, result_id, created_at) VALUES ('c33cc370-452b-447f-b4aa-eb11da61af3f', '4475633a-e012-4d05-aea2-51a0d7065e6c', '09fe6763-e59d-4f33-94ba-a9e65f2fc53a', '2026-04-28 19:24:47.995394+00');
INSERT INTO public.result_screen_clicked (id, session_id, result_id, created_at) VALUES ('aca001a6-0fd5-495f-8fd5-9ed8e0055c5e', '92472db5-8062-4087-99d5-1a2809618baa', '8bf44963-049e-4029-b5f9-4a34e2796779', '2026-04-28 19:24:48.077016+00');
INSERT INTO public.result_screen_clicked (id, session_id, result_id, created_at) VALUES ('0d5f90a7-3534-454f-be3b-140509b6fc25', 'c409ba71-c5ee-495a-890b-0acfd182031d', '8bf44963-049e-4029-b5f9-4a34e2796779', '2026-04-28 19:24:48.077016+00');
INSERT INTO public.result_screen_clicked (id, session_id, result_id, created_at) VALUES ('619f0a31-5952-4f1c-a20e-0b550a91aa96', 'f0121253-7606-42c0-9f27-c449cd906d41', '8bf44963-049e-4029-b5f9-4a34e2796779', '2026-04-28 19:24:48.077016+00');

set session_replication_role = 'origin';
