-- Demo seed: 3 example quizzes (one per type) + simulated takes
-- Generated from the brief's exact example prompts.
-- Re-create with: pnpm supabase db reset

set session_replication_role = 'replica';

INSERT INTO public.quiz (id, type, title, description, created_at, updated_at) VALUES ('0cceaa41-5964-468d-9835-d1c67b7f1190', 'score', 'Are You Eating Too Much Ultra-Processed Food?', 'Answer a few quick questions about your daily habits and we''ll tell you how much ultra-processed food is sneaking into your diet — and what to do about it.', '2026-04-28 19:06:24.310827+00', '2026-04-28 19:06:24.310827+00');
INSERT INTO public.quiz (id, type, title, description, created_at, updated_at) VALUES ('45a7cd5d-dcff-4796-bede-f9d95ed5ea29', 'tag', 'Let''s personalize Olive for you 🫒', 'Answer a few quick questions so we can tailor your grocery and meal experience from day one. No right or wrong answers — just tell us what''s true for you!', '2026-04-28 19:06:52.359299+00', '2026-04-28 19:06:52.359299+00');
INSERT INTO public.quiz (id, type, title, description, created_at, updated_at) VALUES ('46a5596c-6c05-435b-a181-872892ec074f', 'card', 'What Kind of Eater Are You?', 'Five quick questions. Zero judgment. Possibly one existential crisis about your snack drawer.', '2026-04-28 19:07:25.838577+00', '2026-04-28 19:07:25.838577+00');
INSERT INTO public.question (id, quiz_id, text, type, "position", created_at, updated_at) VALUES ('55206eed-3c54-4cdc-ac4b-0bd9ae5b13ab', '46a5596c-6c05-435b-a181-872892ec074f', 'It''s 3pm and your stomach growls. What''s your first move?', 'multiple_choice', 0, '2026-04-28 19:07:25.838577+00', '2026-04-28 19:07:25.838577+00');
INSERT INTO public.question (id, quiz_id, text, type, "position", created_at, updated_at) VALUES ('b185221a-05d1-47b1-b7cb-97cd780a8b30', '46a5596c-6c05-435b-a181-872892ec074f', 'You''re at a restaurant and the menu has something you''ve never heard of. You…', 'multiple_choice', 1, '2026-04-28 19:07:25.838577+00', '2026-04-28 19:07:25.838577+00');
INSERT INTO public.question (id, quiz_id, text, type, "position", created_at, updated_at) VALUES ('8624bb6e-9da4-4fb9-8c19-37b6da89e58d', '0cceaa41-5964-468d-9835-d1c67b7f1190', 'What does your typical breakfast look like?', 'multiple_choice', 0, '2026-04-28 19:06:24.310827+00', '2026-04-28 19:06:24.310827+00');
INSERT INTO public.question (id, quiz_id, text, type, "position", created_at, updated_at) VALUES ('eb9df793-4d17-4872-b09f-95699b5294f7', '0cceaa41-5964-468d-9835-d1c67b7f1190', 'How often do you read the ingredient list on packaged foods before buying them?', 'multiple_choice', 1, '2026-04-28 19:06:24.310827+00', '2026-04-28 19:06:24.310827+00');
INSERT INTO public.question (id, quiz_id, text, type, "position", created_at, updated_at) VALUES ('721e83c2-6c5b-4f16-93d7-a632ac2599ec', '0cceaa41-5964-468d-9835-d1c67b7f1190', 'How many nights a week do you cook a meal at home from scratch?', 'multiple_choice', 2, '2026-04-28 19:06:24.310827+00', '2026-04-28 19:06:24.310827+00');
INSERT INTO public.question (id, quiz_id, text, type, "position", created_at, updated_at) VALUES ('4d0747e0-ecfc-456b-83be-9d1f056c99ec', '0cceaa41-5964-468d-9835-d1c67b7f1190', 'How often do you eat fast food or order from a quick-service restaurant?', 'multiple_choice', 3, '2026-04-28 19:06:24.310827+00', '2026-04-28 19:06:24.310827+00');
INSERT INTO public.question (id, quiz_id, text, type, "position", created_at, updated_at) VALUES ('e019b7b3-6b32-4a40-a864-491af36acd57', '0cceaa41-5964-468d-9835-d1c67b7f1190', 'Which of these do you regularly find in your pantry or fridge? (Pick all that apply)', 'select_multiple', 4, '2026-04-28 19:06:24.310827+00', '2026-04-28 19:06:24.310827+00');
INSERT INTO public.question (id, quiz_id, text, type, "position", created_at, updated_at) VALUES ('f6db639e-92d4-416b-bee3-5a25ad3ce854', '0cceaa41-5964-468d-9835-d1c67b7f1190', 'On a scale of 0–10, how much does convenience influence your food choices?', 'slider', 5, '2026-04-28 19:06:24.310827+00', '2026-04-28 19:06:24.310827+00');
INSERT INTO public.question (id, quiz_id, text, type, "position", created_at, updated_at) VALUES ('5c5dcfd1-ddb8-47d4-a4fb-fbb50607cb6e', '45a7cd5d-dcff-4796-bede-f9d95ed5ea29', 'What are your main health goals right now?', 'select_multiple', 0, '2026-04-28 19:06:52.359299+00', '2026-04-28 19:06:52.359299+00');
INSERT INTO public.question (id, quiz_id, text, type, "position", created_at, updated_at) VALUES ('275030b6-2291-4aa7-8c0f-2bbc4bfe6f99', '45a7cd5d-dcff-4796-bede-f9d95ed5ea29', 'Which grocery stores do you shop at most? Pick all that apply.', 'select_multiple', 1, '2026-04-28 19:06:52.359299+00', '2026-04-28 19:06:52.359299+00');
INSERT INTO public.question (id, quiz_id, text, type, "position", created_at, updated_at) VALUES ('aa7c7a09-22a8-47ba-958f-6f9fbeb4fba4', '45a7cd5d-dcff-4796-bede-f9d95ed5ea29', 'How often do you cook at home in a typical week?', 'slider', 2, '2026-04-28 19:06:52.359299+00', '2026-04-28 19:06:52.359299+00');
INSERT INTO public.question (id, quiz_id, text, type, "position", created_at, updated_at) VALUES ('a6e7dc83-3e6f-468b-ac8e-5070a1320d6e', '45a7cd5d-dcff-4796-bede-f9d95ed5ea29', 'When you do cook, what best describes your style?', 'multiple_choice', 3, '2026-04-28 19:06:52.359299+00', '2026-04-28 19:06:52.359299+00');
INSERT INTO public.question (id, quiz_id, text, type, "position", created_at, updated_at) VALUES ('a6bb70f2-e63d-4d43-8f06-293dccd6b28b', '45a7cd5d-dcff-4796-bede-f9d95ed5ea29', 'Does anyone in your household have a food allergy or dietary restriction?', 'multiple_choice', 4, '2026-04-28 19:06:52.359299+00', '2026-04-28 19:06:52.359299+00');
INSERT INTO public.question (id, quiz_id, text, type, "position", created_at, updated_at) VALUES ('077ec734-8412-448e-bf2a-891302c9f4dd', '45a7cd5d-dcff-4796-bede-f9d95ed5ea29', 'How important is sticking to a grocery budget?', 'multiple_choice', 5, '2026-04-28 19:06:52.359299+00', '2026-04-28 19:06:52.359299+00');
INSERT INTO public.question (id, quiz_id, text, type, "position", created_at, updated_at) VALUES ('2a06080b-d13e-475f-9f34-624a04cf96ca', '46a5596c-6c05-435b-a181-872892ec074f', 'How many ingredients are in your fridge right now that you genuinely cannot identify?', 'slider', 2, '2026-04-28 19:07:25.838577+00', '2026-04-28 19:07:25.838577+00');
INSERT INTO public.question (id, quiz_id, text, type, "position", created_at, updated_at) VALUES ('ee3c2a29-e02b-477c-b8bf-ed77153159e4', '46a5596c-6c05-435b-a181-872892ec074f', 'Pick every eating habit that sounds like you:', 'select_multiple', 3, '2026-04-28 19:07:25.838577+00', '2026-04-28 19:07:25.838577+00');
INSERT INTO public.question (id, quiz_id, text, type, "position", created_at, updated_at) VALUES ('86797527-7c2a-4051-9d15-035ae3b57aad', '46a5596c-6c05-435b-a181-872892ec074f', 'Be honest — when did you last try a food you''d never eaten before?', 'multiple_choice', 4, '2026-04-28 19:07:25.838577+00', '2026-04-28 19:07:25.838577+00');
INSERT INTO public.option (id, question_id, text, score, tags, "position", created_at, updated_at) VALUES ('7f50ba15-5a20-4fff-8da4-907b8386d6e9', '8624bb6e-9da4-4fb9-8c19-37b6da89e58d', 'A packaged cereal, granola bar, or pastry I grabbed on the go', 10, '{ultra-processed,convenience-first}', 0, '2026-04-28 19:06:24.310827+00', '2026-04-28 19:06:24.310827+00');
INSERT INTO public.option (id, question_id, text, score, tags, "position", created_at, updated_at) VALUES ('b40f0614-999b-49b7-96cb-94b9f57d6d6f', '8624bb6e-9da4-4fb9-8c19-37b6da89e58d', 'Flavored yogurt, instant oatmeal, or a breakfast shake', 7, '{convenience-first,label-reader}', 1, '2026-04-28 19:06:24.310827+00', '2026-04-28 19:06:24.310827+00');
INSERT INTO public.option (id, question_id, text, score, tags, "position", created_at, updated_at) VALUES ('251cf029-8c29-40fc-8256-d8762bb88ea6', '8624bb6e-9da4-4fb9-8c19-37b6da89e58d', 'Eggs, fruit, plain oats, or other whole foods I put together myself', 2, '{whole-food,home-cook}', 2, '2026-04-28 19:06:24.310827+00', '2026-04-28 19:06:24.310827+00');
INSERT INTO public.option (id, question_id, text, score, tags, "position", created_at, updated_at) VALUES ('581f9bbc-5344-4c1e-b4f1-1b33e6e2eb93', '8624bb6e-9da4-4fb9-8c19-37b6da89e58d', 'I usually skip breakfast', 4, '{convenience-first}', 3, '2026-04-28 19:06:24.310827+00', '2026-04-28 19:06:24.310827+00');
INSERT INTO public.option (id, question_id, text, score, tags, "position", created_at, updated_at) VALUES ('b64fb124-eb76-4c78-8e2c-2dbbc6ed92cf', 'eb9df793-4d17-4872-b09f-95699b5294f7', 'Almost never — I trust the front of the package', 10, '{ultra-processed,convenience-first}', 0, '2026-04-28 19:06:24.310827+00', '2026-04-28 19:06:24.310827+00');
INSERT INTO public.option (id, question_id, text, score, tags, "position", created_at, updated_at) VALUES ('3d045e95-5858-45ce-91bf-5d1ad46bddcb', 'eb9df793-4d17-4872-b09f-95699b5294f7', 'Sometimes, if something seems off', 6, '{convenience-first}', 1, '2026-04-28 19:06:24.310827+00', '2026-04-28 19:06:24.310827+00');
INSERT INTO public.option (id, question_id, text, score, tags, "position", created_at, updated_at) VALUES ('b732520d-66a7-4f3e-a670-265c85cb4f95', 'eb9df793-4d17-4872-b09f-95699b5294f7', 'Often — I scan for things I want to avoid', 3, '{label-reader}', 2, '2026-04-28 19:06:24.310827+00', '2026-04-28 19:06:24.310827+00');
INSERT INTO public.option (id, question_id, text, score, tags, "position", created_at, updated_at) VALUES ('4684c14b-3624-4d5e-946c-4ab7982c654d', 'eb9df793-4d17-4872-b09f-95699b5294f7', 'Almost always — I know exactly what to look for', 1, '{label-reader,whole-food}', 3, '2026-04-28 19:06:24.310827+00', '2026-04-28 19:06:24.310827+00');
INSERT INTO public.option (id, question_id, text, score, tags, "position", created_at, updated_at) VALUES ('4228bb3e-e472-4ff4-afc3-183c771c40c7', '721e83c2-6c5b-4f16-93d7-a632ac2599ec', '0–1 nights — cooking just isn''t really my thing', 10, '{ultra-processed,convenience-first}', 0, '2026-04-28 19:06:24.310827+00', '2026-04-28 19:06:24.310827+00');
INSERT INTO public.option (id, question_id, text, score, tags, "position", created_at, updated_at) VALUES ('a95361ad-5c8e-458b-b7ff-8ddba1265d42', '721e83c2-6c5b-4f16-93d7-a632ac2599ec', '2–3 nights — I try when I have time', 6, '{convenience-first}', 1, '2026-04-28 19:06:24.310827+00', '2026-04-28 19:06:24.310827+00');
INSERT INTO public.option (id, question_id, text, score, tags, "position", created_at, updated_at) VALUES ('1ddf4885-a148-4fe0-b21e-07fb0637a98f', '721e83c2-6c5b-4f16-93d7-a632ac2599ec', '4–5 nights — I cook most of the week', 3, '{home-cook}', 2, '2026-04-28 19:06:24.310827+00', '2026-04-28 19:06:24.310827+00');
INSERT INTO public.option (id, question_id, text, score, tags, "position", created_at, updated_at) VALUES ('278bb3c3-9504-4cbc-99da-5489c6e92d57', '721e83c2-6c5b-4f16-93d7-a632ac2599ec', '6–7 nights — I almost always eat home-cooked meals', 1, '{home-cook,whole-food}', 3, '2026-04-28 19:06:24.310827+00', '2026-04-28 19:06:24.310827+00');
INSERT INTO public.option (id, question_id, text, score, tags, "position", created_at, updated_at) VALUES ('d7006b82-cfd2-42b4-be23-5ce8fa2bc181', '4d0747e0-ecfc-456b-83be-9d1f056c99ec', 'Daily or almost every day', 10, '{ultra-processed,convenience-first}', 0, '2026-04-28 19:06:24.310827+00', '2026-04-28 19:06:24.310827+00');
INSERT INTO public.option (id, question_id, text, score, tags, "position", created_at, updated_at) VALUES ('84d1f98c-9c44-46a9-8cd8-10ade67da483', '4d0747e0-ecfc-456b-83be-9d1f056c99ec', 'A few times a week', 7, '{ultra-processed,convenience-first}', 1, '2026-04-28 19:06:24.310827+00', '2026-04-28 19:06:24.310827+00');
INSERT INTO public.option (id, question_id, text, score, tags, "position", created_at, updated_at) VALUES ('907c9f59-2b16-472f-893e-41fa643f3e6a', '4d0747e0-ecfc-456b-83be-9d1f056c99ec', 'Once a week or so', 4, '{convenience-first}', 2, '2026-04-28 19:06:24.310827+00', '2026-04-28 19:06:24.310827+00');
INSERT INTO public.option (id, question_id, text, score, tags, "position", created_at, updated_at) VALUES ('7707ce17-2621-4003-a909-30009f3a3733', '4d0747e0-ecfc-456b-83be-9d1f056c99ec', 'Rarely — maybe once or twice a month', 1, '{whole-food,home-cook}', 3, '2026-04-28 19:06:24.310827+00', '2026-04-28 19:06:24.310827+00');
INSERT INTO public.option (id, question_id, text, score, tags, "position", created_at, updated_at) VALUES ('ef1889e7-733d-4169-9e08-cda603554c00', 'e019b7b3-6b32-4a40-a864-491af36acd57', 'Packaged snack foods (chips, cookies, crackers)', 3, '{ultra-processed}', 0, '2026-04-28 19:06:24.310827+00', '2026-04-28 19:06:24.310827+00');
INSERT INTO public.option (id, question_id, text, score, tags, "position", created_at, updated_at) VALUES ('de220f6a-6b71-4407-b1aa-73cfcbf20e69', 'e019b7b3-6b32-4a40-a864-491af36acd57', 'Frozen ready-meals or microwave dinners', 4, '{ultra-processed,convenience-first}', 1, '2026-04-28 19:06:24.310827+00', '2026-04-28 19:06:24.310827+00');
INSERT INTO public.option (id, question_id, text, score, tags, "position", created_at, updated_at) VALUES ('0df09dfe-3700-4466-baa8-9454662f2a28', 'e019b7b3-6b32-4a40-a864-491af36acd57', 'Fresh or frozen vegetables', 0, '{whole-food}', 2, '2026-04-28 19:06:24.310827+00', '2026-04-28 19:06:24.310827+00');
INSERT INTO public.option (id, question_id, text, score, tags, "position", created_at, updated_at) VALUES ('0d42d422-354b-4638-bcdd-d37aa6318e81', 'e019b7b3-6b32-4a40-a864-491af36acd57', 'Sugary drinks (soda, energy drinks, flavored juice)', 4, '{ultra-processed}', 3, '2026-04-28 19:06:24.310827+00', '2026-04-28 19:06:24.310827+00');
INSERT INTO public.option (id, question_id, text, score, tags, "position", created_at, updated_at) VALUES ('a50aa5c8-735f-46a6-8e12-6c0765838ad0', 'e019b7b3-6b32-4a40-a864-491af36acd57', 'Whole grains, legumes, or fresh proteins', 0, '{whole-food,home-cook}', 4, '2026-04-28 19:06:24.310827+00', '2026-04-28 19:06:24.310827+00');
INSERT INTO public.option (id, question_id, text, score, tags, "position", created_at, updated_at) VALUES ('79cea066-57e4-4945-8ed8-6de89ab3c51f', 'f6db639e-92d4-416b-bee3-5a25ad3ce854', 'How much does convenience drive what you eat? (0 = not at all, 10 = it''s everything)', 10, '{convenience-first}', 0, '2026-04-28 19:06:24.310827+00', '2026-04-28 19:06:24.310827+00');
INSERT INTO public.option (id, question_id, text, score, tags, "position", created_at, updated_at) VALUES ('7533888a-a9bc-4c73-a4dd-90e402fd9f1c', '5c5dcfd1-ddb8-47d4-a4fb-fbb50607cb6e', 'Lose weight or manage my portions', 3, '{weight-loss,calorie-conscious}', 0, '2026-04-28 19:06:52.359299+00', '2026-04-28 19:06:52.359299+00');
INSERT INTO public.option (id, question_id, text, score, tags, "position", created_at, updated_at) VALUES ('7c26c5ce-db01-4ce6-a028-ed8a2c5662af', '5c5dcfd1-ddb8-47d4-a4fb-fbb50607cb6e', 'Eat cleaner and cut out processed stuff', 3, '{clean-eating,label-reader}', 1, '2026-04-28 19:06:52.359299+00', '2026-04-28 19:06:52.359299+00');
INSERT INTO public.option (id, question_id, text, score, tags, "position", created_at, updated_at) VALUES ('a49bd2a7-2aca-49bd-88b4-3f37a7659a28', '5c5dcfd1-ddb8-47d4-a4fb-fbb50607cb6e', 'Track allergies or food sensitivities', 3, '{allergy-tracking,label-reader}', 2, '2026-04-28 19:06:52.359299+00', '2026-04-28 19:06:52.359299+00');
INSERT INTO public.option (id, question_id, text, score, tags, "position", created_at, updated_at) VALUES ('6d2470f5-970e-4a5b-b17a-dc9a74e782af', '5c5dcfd1-ddb8-47d4-a4fb-fbb50607cb6e', 'Feed my kids healthier meals', 3, '{family-feeding,clean-eating}', 3, '2026-04-28 19:06:52.359299+00', '2026-04-28 19:06:52.359299+00');
INSERT INTO public.option (id, question_id, text, score, tags, "position", created_at, updated_at) VALUES ('dc5eab54-9514-4e2c-9a66-6e827452c9f0', '5c5dcfd1-ddb8-47d4-a4fb-fbb50607cb6e', 'Just keep my grocery trips simple and stress-free', 1, '{convenience-first}', 4, '2026-04-28 19:06:52.359299+00', '2026-04-28 19:06:52.359299+00');
INSERT INTO public.option (id, question_id, text, score, tags, "position", created_at, updated_at) VALUES ('2a25537a-900a-401a-bc71-d6a11b8cd591', '275030b6-2291-4aa7-8c0f-2bbc4bfe6f99', 'Whole Foods or Sprouts', 2, '{clean-eating,label-reader,premium-shopper}', 0, '2026-04-28 19:06:52.359299+00', '2026-04-28 19:06:52.359299+00');
INSERT INTO public.option (id, question_id, text, score, tags, "position", created_at, updated_at) VALUES ('48637d47-dd0c-4a08-9403-e40c6774304a', '275030b6-2291-4aa7-8c0f-2bbc4bfe6f99', 'Trader Joe''s', 2, '{clean-eating,convenience-first}', 1, '2026-04-28 19:06:52.359299+00', '2026-04-28 19:06:52.359299+00');
INSERT INTO public.option (id, question_id, text, score, tags, "position", created_at, updated_at) VALUES ('edc0cd04-adff-42cf-8d53-90eddbd75509', '275030b6-2291-4aa7-8c0f-2bbc4bfe6f99', 'Walmart or Target', 1, '{budget-conscious,convenience-first}', 2, '2026-04-28 19:06:52.359299+00', '2026-04-28 19:06:52.359299+00');
INSERT INTO public.option (id, question_id, text, score, tags, "position", created_at, updated_at) VALUES ('0295027f-9653-4c6d-a28a-8cd9b4fc09e2', '275030b6-2291-4aa7-8c0f-2bbc4bfe6f99', 'Kroger, Safeway, or another big chain', 1, '{budget-conscious,convenience-first}', 3, '2026-04-28 19:06:52.359299+00', '2026-04-28 19:06:52.359299+00');
INSERT INTO public.option (id, question_id, text, score, tags, "position", created_at, updated_at) VALUES ('5db9bac8-d977-48c7-a45d-0ff642ef4b6b', '275030b6-2291-4aa7-8c0f-2bbc4bfe6f99', 'Costco or Sam''s Club', 1, '{budget-conscious,family-feeding}', 4, '2026-04-28 19:06:52.359299+00', '2026-04-28 19:06:52.359299+00');
INSERT INTO public.option (id, question_id, text, score, tags, "position", created_at, updated_at) VALUES ('79d8b20b-9bf0-4395-8070-55cc13e9ed50', '275030b6-2291-4aa7-8c0f-2bbc4bfe6f99', 'Local co-op or farmers market', 3, '{clean-eating,label-reader,premium-shopper}', 5, '2026-04-28 19:06:52.359299+00', '2026-04-28 19:06:52.359299+00');
INSERT INTO public.option (id, question_id, text, score, tags, "position", created_at, updated_at) VALUES ('2cebab43-7095-4fb9-8724-111013da2a63', 'aa7c7a09-22a8-47ba-958f-6f9fbeb4fba4', 'Nights I cook per week', 7, '{home-cooking}', 0, '2026-04-28 19:06:52.359299+00', '2026-04-28 19:06:52.359299+00');
INSERT INTO public.option (id, question_id, text, score, tags, "position", created_at, updated_at) VALUES ('17421e81-d4ce-449d-9029-9e2878d36637', 'a6e7dc83-3e6f-468b-ac8e-5070a1320d6e', 'Quick and easy — 30 minutes or less, please', 1, '{convenience-first,home-cooking}', 0, '2026-04-28 19:06:52.359299+00', '2026-04-28 19:06:52.359299+00');
INSERT INTO public.option (id, question_id, text, score, tags, "position", created_at, updated_at) VALUES ('b51fb6dd-2c33-4b09-8da1-7499e8b7a2d0', 'a6e7dc83-3e6f-468b-ac8e-5070a1320d6e', 'Balanced and healthy — I plan my meals ahead', 3, '{clean-eating,calorie-conscious,home-cooking}', 1, '2026-04-28 19:06:52.359299+00', '2026-04-28 19:06:52.359299+00');
INSERT INTO public.option (id, question_id, text, score, tags, "position", created_at, updated_at) VALUES ('2f2753ac-05a1-4b07-9eb6-20425ec94926', 'a6e7dc83-3e6f-468b-ac8e-5070a1320d6e', 'Kid-friendly — it has to pass the picky-eater test', 2, '{family-feeding,home-cooking}', 2, '2026-04-28 19:06:52.359299+00', '2026-04-28 19:06:52.359299+00');
INSERT INTO public.option (id, question_id, text, score, tags, "position", created_at, updated_at) VALUES ('51fa1a36-5340-4a15-95dd-a0f466f688e6', 'a6e7dc83-3e6f-468b-ac8e-5070a1320d6e', 'adventurous — I love trying new cuisines and ingredients', 2, '{clean-eating,label-reader,home-cooking}', 3, '2026-04-28 19:06:52.359299+00', '2026-04-28 19:06:52.359299+00');
INSERT INTO public.option (id, question_id, text, score, tags, "position", created_at, updated_at) VALUES ('5fa39d09-cefc-4e80-86c7-da340fbad820', 'a6bb70f2-e63d-4d43-8f06-293dccd6b28b', 'Yes — it''s a strict allergy (e.g. nuts, gluten, shellfish)', 4, '{allergy-tracking,label-reader}', 0, '2026-04-28 19:06:52.359299+00', '2026-04-28 19:06:52.359299+00');
INSERT INTO public.option (id, question_id, text, score, tags, "position", created_at, updated_at) VALUES ('8437af51-f88d-4abc-8ae4-42a3101cc114', 'a6bb70f2-e63d-4d43-8f06-293dccd6b28b', 'We avoid certain foods by preference (e.g. dairy-free, vegan)', 3, '{allergy-tracking,clean-eating,label-reader}', 1, '2026-04-28 19:06:52.359299+00', '2026-04-28 19:06:52.359299+00');
INSERT INTO public.option (id, question_id, text, score, tags, "position", created_at, updated_at) VALUES ('15bf2c7d-364a-4e54-a42b-3c68fe16ea27', 'a6bb70f2-e63d-4d43-8f06-293dccd6b28b', 'No restrictions, but I still like to know what''s in my food', 2, '{label-reader}', 2, '2026-04-28 19:06:52.359299+00', '2026-04-28 19:06:52.359299+00');
INSERT INTO public.option (id, question_id, text, score, tags, "position", created_at, updated_at) VALUES ('cfcd1ca1-1354-4905-863d-5362a81491d5', 'a6bb70f2-e63d-4d43-8f06-293dccd6b28b', 'Nope, we eat pretty much everything', 0, '{convenience-first}', 3, '2026-04-28 19:06:52.359299+00', '2026-04-28 19:06:52.359299+00');
INSERT INTO public.option (id, question_id, text, score, tags, "position", created_at, updated_at) VALUES ('ecf5b335-d3e7-4eee-a213-ad9298f27dcc', '077ec734-8412-448e-bf2a-891302c9f4dd', 'Super important — I track every dollar', 3, '{budget-conscious}', 0, '2026-04-28 19:06:52.359299+00', '2026-04-28 19:06:52.359299+00');
INSERT INTO public.option (id, question_id, text, score, tags, "position", created_at, updated_at) VALUES ('0ec97275-322a-4477-99e4-293a62db8562', '077ec734-8412-448e-bf2a-891302c9f4dd', 'Somewhat — I have a rough number in mind', 2, '{budget-conscious,convenience-first}', 1, '2026-04-28 19:06:52.359299+00', '2026-04-28 19:06:52.359299+00');
INSERT INTO public.option (id, question_id, text, score, tags, "position", created_at, updated_at) VALUES ('dac97be1-33ca-4520-96e7-91ef84f6cf2f', '077ec734-8412-448e-bf2a-891302c9f4dd', 'Not really — quality wins over price for me', 1, '{premium-shopper,clean-eating}', 2, '2026-04-28 19:06:52.359299+00', '2026-04-28 19:06:52.359299+00');
INSERT INTO public.option (id, question_id, text, score, tags, "position", created_at, updated_at) VALUES ('cdf005ba-07c7-4108-bb21-d8a66d17cd2f', '077ec734-8412-448e-bf2a-891302c9f4dd', 'I haven''t thought much about it', 0, '{convenience-first}', 3, '2026-04-28 19:06:52.359299+00', '2026-04-28 19:06:52.359299+00');
INSERT INTO public.option (id, question_id, text, score, tags, "position", created_at, updated_at) VALUES ('1765ad00-7ed0-498a-87eb-f6c9125c3946', '55206eed-3c54-4cdc-ac4b-0bd9ae5b13ab', 'Check the nutrition label on whatever''s nearest — gotta know the macros', 4, '{label-reader,planner}', 0, '2026-04-28 19:07:25.838577+00', '2026-04-28 19:07:25.838577+00');
INSERT INTO public.option (id, question_id, text, score, tags, "position", created_at, updated_at) VALUES ('f4a1f720-9d49-4159-9732-3b80d791fb4f', '55206eed-3c54-4cdc-ac4b-0bd9ae5b13ab', 'Grab a handful of something from the snack drawer without looking', 1, '{instinct-eater,carefree}', 1, '2026-04-28 19:07:25.838577+00', '2026-04-28 19:07:25.838577+00');
INSERT INTO public.option (id, question_id, text, score, tags, "position", created_at, updated_at) VALUES ('722d01ea-160e-45f3-a06c-c8d1b29cae96', '55206eed-3c54-4cdc-ac4b-0bd9ae5b13ab', 'Open the fridge, stare for 3 minutes, close it, repeat', 2, '{indecisive,carefree}', 2, '2026-04-28 19:07:25.838577+00', '2026-04-28 19:07:25.838577+00');
INSERT INTO public.option (id, question_id, text, score, tags, "position", created_at, updated_at) VALUES ('cc6e79e1-8630-4b22-80f4-7e8d7dde3c72', '55206eed-3c54-4cdc-ac4b-0bd9ae5b13ab', 'Pull up a recipe app and decide to make something from scratch', 3, '{food-adventurer,planner}', 3, '2026-04-28 19:07:25.838577+00', '2026-04-28 19:07:25.838577+00');
INSERT INTO public.option (id, question_id, text, score, tags, "position", created_at, updated_at) VALUES ('78d94545-6942-42bd-ba65-f65bdb52de6f', 'b185221a-05d1-47b1-b7cb-97cd780a8b30', 'Order it immediately — mystery dish, let''s GO', 3, '{food-adventurer,instinct-eater}', 0, '2026-04-28 19:07:25.838577+00', '2026-04-28 19:07:25.838577+00');
INSERT INTO public.option (id, question_id, text, score, tags, "position", created_at, updated_at) VALUES ('ebca0092-35e0-4815-941a-166f157e4b08', 'b185221a-05d1-47b1-b7cb-97cd780a8b30', 'Google it under the table before committing', 4, '{label-reader,planner}', 1, '2026-04-28 19:07:25.838577+00', '2026-04-28 19:07:25.838577+00');
INSERT INTO public.option (id, question_id, text, score, tags, "position", created_at, updated_at) VALUES ('720e2a2e-cea0-4ccc-812d-e7e7fe3ac5b6', 'b185221a-05d1-47b1-b7cb-97cd780a8b30', 'Ask the waiter exactly what''s in it, where it''s from, and how it''s cooked', 5, '{label-reader,planner}', 2, '2026-04-28 19:07:25.838577+00', '2026-04-28 19:07:25.838577+00');
INSERT INTO public.option (id, question_id, text, score, tags, "position", created_at, updated_at) VALUES ('c6072190-4049-49cd-9121-21ec25f5cd79', 'b185221a-05d1-47b1-b7cb-97cd780a8b30', 'Order your usual. Why gamble on dinner?', 1, '{creature-of-habit,carefree}', 3, '2026-04-28 19:07:25.838577+00', '2026-04-28 19:07:25.838577+00');
INSERT INTO public.option (id, question_id, text, score, tags, "position", created_at, updated_at) VALUES ('712f9656-b890-4dc7-8ebd-22ddd62748b6', '2a06080b-d13e-475f-9f34-624a04cf96ca', 'Mystery fridge items (0 = none, 10 = full chaos)', 10, '{carefree,instinct-eater}', 0, '2026-04-28 19:07:25.838577+00', '2026-04-28 19:07:25.838577+00');
INSERT INTO public.option (id, question_id, text, score, tags, "position", created_at, updated_at) VALUES ('2a110421-2bc3-477e-9f81-c2a8ef7aa23e', 'ee3c2a29-e02b-477c-b8bf-ed77153159e4', 'I read ingredient lists before buying anything', 4, '{label-reader}', 0, '2026-04-28 19:07:25.838577+00', '2026-04-28 19:07:25.838577+00');
INSERT INTO public.option (id, question_id, text, score, tags, "position", created_at, updated_at) VALUES ('8b9c4352-62c6-47b3-ac5f-7a9fcb41a723', 'ee3c2a29-e02b-477c-b8bf-ed77153159e4', 'I''ve eaten cereal for dinner unironically this month', 1, '{carefree,instinct-eater}', 1, '2026-04-28 19:07:25.838577+00', '2026-04-28 19:07:25.838577+00');
INSERT INTO public.option (id, question_id, text, score, tags, "position", created_at, updated_at) VALUES ('56494d05-42d1-40ea-9679-c9fc77c85eb8', 'ee3c2a29-e02b-477c-b8bf-ed77153159e4', 'I have a "things I want to try cooking" list', 3, '{food-adventurer,planner}', 2, '2026-04-28 19:07:25.838577+00', '2026-04-28 19:07:25.838577+00');
INSERT INTO public.option (id, question_id, text, score, tags, "position", created_at, updated_at) VALUES ('7cf31a0e-ada6-487f-a5a0-a0dd8b19cc43', 'ee3c2a29-e02b-477c-b8bf-ed77153159e4', 'I could name my top 5 go-to meals without thinking', 2, '{creature-of-habit}', 3, '2026-04-28 19:07:25.838577+00', '2026-04-28 19:07:25.838577+00');
INSERT INTO public.option (id, question_id, text, score, tags, "position", created_at, updated_at) VALUES ('bab8df64-cbc7-4bf8-b102-7b5e1b890bf5', 'ee3c2a29-e02b-477c-b8bf-ed77153159e4', 'I''ve impulse-bought a snack based purely on packaging', 1, '{instinct-eater,carefree}', 4, '2026-04-28 19:07:25.838577+00', '2026-04-28 19:07:25.838577+00');
INSERT INTO public.option (id, question_id, text, score, tags, "position", created_at, updated_at) VALUES ('79de142d-1d1d-4308-9f19-666d7df228e5', '86797527-7c2a-4051-9d15-035ae3b57aad', 'This week! I live for new flavors', 4, '{food-adventurer,instinct-eater}', 0, '2026-04-28 19:07:25.838577+00', '2026-04-28 19:07:25.838577+00');
INSERT INTO public.option (id, question_id, text, score, tags, "position", created_at, updated_at) VALUES ('93b943a6-9f7b-4c57-bcc7-c38a77181a12', '86797527-7c2a-4051-9d15-035ae3b57aad', 'Last month or so — I get around eventually', 3, '{food-adventurer,planner}', 1, '2026-04-28 19:07:25.838577+00', '2026-04-28 19:07:25.838577+00');
INSERT INTO public.option (id, question_id, text, score, tags, "position", created_at, updated_at) VALUES ('66ecca82-0cc1-4e1d-8e85-3d23b505fcb1', '86797527-7c2a-4051-9d15-035ae3b57aad', 'I think it was… 2022? Something with mushrooms?', 2, '{creature-of-habit,carefree}', 2, '2026-04-28 19:07:25.838577+00', '2026-04-28 19:07:25.838577+00');
INSERT INTO public.option (id, question_id, text, score, tags, "position", created_at, updated_at) VALUES ('c7046ade-9d30-40b7-a4f7-1beeff741a28', '86797527-7c2a-4051-9d15-035ae3b57aad', 'New food is a threat and I reject the premise of this question', 0, '{creature-of-habit,carefree}', 3, '2026-04-28 19:07:25.838577+00', '2026-04-28 19:07:25.838577+00');
INSERT INTO public.session (id, quiz_id, start_time, end_time, device, browser, referrer, user_agent, created_at, updated_at) VALUES ('6512e3b8-dbb6-4ccb-a4ee-ccd13cbd3515', '0cceaa41-5964-468d-9835-d1c67b7f1190', '2026-04-28 19:07:25.931861+00', '2026-04-28 19:07:25.931861+00', 'Desktop', 'Chrome', 'google.com', 'demo-seed', '2026-04-28 19:07:25.931861+00', '2026-04-28 19:07:25.931861+00');
INSERT INTO public.session (id, quiz_id, start_time, end_time, device, browser, referrer, user_agent, created_at, updated_at) VALUES ('234a0b76-f46f-499e-ae86-91dcd7ac8808', '0cceaa41-5964-468d-9835-d1c67b7f1190', '2026-04-28 19:07:25.931861+00', '2026-04-28 19:07:25.931861+00', 'Mobile', 'Firefox', NULL, 'demo-seed', '2026-04-28 19:07:25.931861+00', '2026-04-28 19:07:25.931861+00');
INSERT INTO public.session (id, quiz_id, start_time, end_time, device, browser, referrer, user_agent, created_at, updated_at) VALUES ('49a5ace0-22eb-4728-bd8a-ae421d680677', '0cceaa41-5964-468d-9835-d1c67b7f1190', '2026-04-28 19:07:25.931861+00', '2026-04-28 19:07:25.931861+00', 'Mobile', 'Edge', 'instagram.com', 'demo-seed', '2026-04-28 19:07:25.931861+00', '2026-04-28 19:07:25.931861+00');
INSERT INTO public.session (id, quiz_id, start_time, end_time, device, browser, referrer, user_agent, created_at, updated_at) VALUES ('e9aa6052-ff1b-4090-9784-e2932e8c861e', '0cceaa41-5964-468d-9835-d1c67b7f1190', '2026-04-28 19:07:25.931861+00', '2026-04-28 19:07:25.931861+00', 'Desktop', 'Safari', 'reddit.com', 'demo-seed', '2026-04-28 19:07:25.931861+00', '2026-04-28 19:07:25.931861+00');
INSERT INTO public.session (id, quiz_id, start_time, end_time, device, browser, referrer, user_agent, created_at, updated_at) VALUES ('847cdf2b-8578-4040-824a-5e11eb8d54a2', '0cceaa41-5964-468d-9835-d1c67b7f1190', '2026-04-28 19:07:25.931861+00', '2026-04-28 19:07:25.931861+00', 'Mobile', 'Chrome', 'twitter.com', 'demo-seed', '2026-04-28 19:07:25.931861+00', '2026-04-28 19:07:25.931861+00');
INSERT INTO public.session (id, quiz_id, start_time, end_time, device, browser, referrer, user_agent, created_at, updated_at) VALUES ('a7a6b178-734c-4925-b913-b709821e47c1', '0cceaa41-5964-468d-9835-d1c67b7f1190', '2026-04-28 19:07:25.931861+00', '2026-04-28 19:07:25.931861+00', 'Mobile', 'Firefox', 'google.com', 'demo-seed', '2026-04-28 19:07:25.931861+00', '2026-04-28 19:07:25.931861+00');
INSERT INTO public.session (id, quiz_id, start_time, end_time, device, browser, referrer, user_agent, created_at, updated_at) VALUES ('f2464106-87e4-4c04-879d-2181c7221c41', '0cceaa41-5964-468d-9835-d1c67b7f1190', '2026-04-28 19:07:25.931861+00', NULL, 'Mobile', 'Safari', 'tiktok.com', 'demo-seed', '2026-04-28 19:07:25.931861+00', '2026-04-28 19:07:25.931861+00');
INSERT INTO public.session (id, quiz_id, start_time, end_time, device, browser, referrer, user_agent, created_at, updated_at) VALUES ('6c83542f-22d7-4c98-8bfc-c080a9474be9', '0cceaa41-5964-468d-9835-d1c67b7f1190', '2026-04-28 19:07:25.931861+00', NULL, 'Mobile', 'Safari', 'tiktok.com', 'demo-seed', '2026-04-28 19:07:25.931861+00', '2026-04-28 19:07:25.931861+00');
INSERT INTO public.session (id, quiz_id, start_time, end_time, device, browser, referrer, user_agent, created_at, updated_at) VALUES ('3b0ac3dc-83f2-45f5-9d30-69632f6df2cc', '46a5596c-6c05-435b-a181-872892ec074f', '2026-04-28 19:07:29.19675+00', '2026-04-28 19:07:29.19675+00', 'Desktop', 'Chrome', 'google.com', 'demo-seed', '2026-04-28 19:07:29.19675+00', '2026-04-28 19:07:29.19675+00');
INSERT INTO public.session (id, quiz_id, start_time, end_time, device, browser, referrer, user_agent, created_at, updated_at) VALUES ('6a8c77da-80b1-4083-b666-d1ced7b94083', '46a5596c-6c05-435b-a181-872892ec074f', '2026-04-28 19:07:29.19675+00', '2026-04-28 19:07:29.19675+00', 'Mobile', 'Firefox', NULL, 'demo-seed', '2026-04-28 19:07:29.19675+00', '2026-04-28 19:07:29.19675+00');
INSERT INTO public.session (id, quiz_id, start_time, end_time, device, browser, referrer, user_agent, created_at, updated_at) VALUES ('c2cf596a-2341-4077-8cf3-03c6d43deee3', '46a5596c-6c05-435b-a181-872892ec074f', '2026-04-28 19:07:29.19675+00', '2026-04-28 19:07:29.19675+00', 'Mobile', 'Edge', 'instagram.com', 'demo-seed', '2026-04-28 19:07:29.19675+00', '2026-04-28 19:07:29.19675+00');
INSERT INTO public.session (id, quiz_id, start_time, end_time, device, browser, referrer, user_agent, created_at, updated_at) VALUES ('ae7f3723-0ac8-4409-9738-4932082929ab', '46a5596c-6c05-435b-a181-872892ec074f', '2026-04-28 19:07:29.19675+00', '2026-04-28 19:07:29.19675+00', 'Desktop', 'Safari', 'reddit.com', 'demo-seed', '2026-04-28 19:07:29.19675+00', '2026-04-28 19:07:29.19675+00');
INSERT INTO public.session (id, quiz_id, start_time, end_time, device, browser, referrer, user_agent, created_at, updated_at) VALUES ('1c1faa3c-4f49-4ab5-9b9e-ccd44e44d6dd', '46a5596c-6c05-435b-a181-872892ec074f', '2026-04-28 19:07:29.19675+00', '2026-04-28 19:07:29.19675+00', 'Mobile', 'Chrome', 'twitter.com', 'demo-seed', '2026-04-28 19:07:29.19675+00', '2026-04-28 19:07:29.19675+00');
INSERT INTO public.session (id, quiz_id, start_time, end_time, device, browser, referrer, user_agent, created_at, updated_at) VALUES ('4b6fc841-652d-4c87-9740-b2f7fcfee437', '46a5596c-6c05-435b-a181-872892ec074f', '2026-04-28 19:07:29.19675+00', '2026-04-28 19:07:29.19675+00', 'Mobile', 'Firefox', 'google.com', 'demo-seed', '2026-04-28 19:07:29.19675+00', '2026-04-28 19:07:29.19675+00');
INSERT INTO public.session (id, quiz_id, start_time, end_time, device, browser, referrer, user_agent, created_at, updated_at) VALUES ('7f825b58-84f5-4f26-8a96-88b839b95deb', '46a5596c-6c05-435b-a181-872892ec074f', '2026-04-28 19:07:29.19675+00', NULL, 'Mobile', 'Safari', 'tiktok.com', 'demo-seed', '2026-04-28 19:07:29.19675+00', '2026-04-28 19:07:29.19675+00');
INSERT INTO public.session (id, quiz_id, start_time, end_time, device, browser, referrer, user_agent, created_at, updated_at) VALUES ('e24a2ba6-e03a-4184-aacc-43f53510ee1f', '46a5596c-6c05-435b-a181-872892ec074f', '2026-04-28 19:07:29.19675+00', NULL, 'Mobile', 'Safari', 'tiktok.com', 'demo-seed', '2026-04-28 19:07:29.19675+00', '2026-04-28 19:07:29.19675+00');
INSERT INTO public.session (id, quiz_id, start_time, end_time, device, browser, referrer, user_agent, created_at, updated_at) VALUES ('cec40534-a269-4c55-9100-ee6e321b0fda', '45a7cd5d-dcff-4796-bede-f9d95ed5ea29', '2026-04-28 19:08:05.59682+00', '2026-04-28 19:08:05.59682+00', 'Desktop', 'Chrome', 'google.com', 'demo-seed', '2026-04-28 19:08:05.59682+00', '2026-04-28 19:08:05.59682+00');
INSERT INTO public.session (id, quiz_id, start_time, end_time, device, browser, referrer, user_agent, created_at, updated_at) VALUES ('bc2cb6bd-4334-4a17-bfa5-1babe4f40fbe', '45a7cd5d-dcff-4796-bede-f9d95ed5ea29', '2026-04-28 19:08:05.59682+00', '2026-04-28 19:08:05.59682+00', 'Desktop', 'Chrome', 'google.com', 'demo-seed', '2026-04-28 19:08:05.59682+00', '2026-04-28 19:08:05.59682+00');
INSERT INTO public.session (id, quiz_id, start_time, end_time, device, browser, referrer, user_agent, created_at, updated_at) VALUES ('40f2361b-7f37-4bca-afe0-904cc8aed497', '45a7cd5d-dcff-4796-bede-f9d95ed5ea29', '2026-04-28 19:08:05.59682+00', '2026-04-28 19:08:05.59682+00', 'Desktop', 'Chrome', 'google.com', 'demo-seed', '2026-04-28 19:08:05.59682+00', '2026-04-28 19:08:05.59682+00');
INSERT INTO public.session (id, quiz_id, start_time, end_time, device, browser, referrer, user_agent, created_at, updated_at) VALUES ('01f78539-35a3-422b-90d9-dd24e6a577de', '45a7cd5d-dcff-4796-bede-f9d95ed5ea29', '2026-04-28 19:08:05.59682+00', '2026-04-28 19:08:05.59682+00', 'Desktop', 'Chrome', 'google.com', 'demo-seed', '2026-04-28 19:08:05.59682+00', '2026-04-28 19:08:05.59682+00');
INSERT INTO public.session (id, quiz_id, start_time, end_time, device, browser, referrer, user_agent, created_at, updated_at) VALUES ('3c570017-f7da-48bf-bf2c-d2e66c01144c', '45a7cd5d-dcff-4796-bede-f9d95ed5ea29', '2026-04-28 19:08:05.59682+00', '2026-04-28 19:08:05.59682+00', 'Desktop', 'Chrome', 'google.com', 'demo-seed', '2026-04-28 19:08:05.59682+00', '2026-04-28 19:08:05.59682+00');
INSERT INTO public.session (id, quiz_id, start_time, end_time, device, browser, referrer, user_agent, created_at, updated_at) VALUES ('fd2a8ca5-9cbe-47d7-b53f-1d66665709bd', '45a7cd5d-dcff-4796-bede-f9d95ed5ea29', '2026-04-28 19:08:05.59682+00', '2026-04-28 19:08:05.59682+00', 'Desktop', 'Chrome', 'google.com', 'demo-seed', '2026-04-28 19:08:05.59682+00', '2026-04-28 19:08:05.59682+00');
INSERT INTO public.session (id, quiz_id, start_time, end_time, device, browser, referrer, user_agent, created_at, updated_at) VALUES ('64c80c3a-aef5-4c47-812d-951226a9a9af', '45a7cd5d-dcff-4796-bede-f9d95ed5ea29', '2026-04-28 19:08:05.59682+00', NULL, 'Mobile', 'Safari', 'tiktok.com', 'demo-seed', '2026-04-28 19:08:05.59682+00', '2026-04-28 19:08:05.59682+00');
INSERT INTO public.session (id, quiz_id, start_time, end_time, device, browser, referrer, user_agent, created_at, updated_at) VALUES ('3e90d58e-5bcd-4f24-9461-d8f54c2adb71', '45a7cd5d-dcff-4796-bede-f9d95ed5ea29', '2026-04-28 19:08:05.59682+00', NULL, 'Mobile', 'Safari', 'tiktok.com', 'demo-seed', '2026-04-28 19:08:05.59682+00', '2026-04-28 19:08:05.59682+00');
INSERT INTO public.questions_answered (id, session_id, question_id, option_chosen_id, numeric_answer, selected_option_ids, answered_at, created_at, updated_at) VALUES ('7da6a33e-a333-47a0-a5cd-1d2c4a3d796e', '6512e3b8-dbb6-4ccb-a4ee-ccd13cbd3515', '8624bb6e-9da4-4fb9-8c19-37b6da89e58d', 'b40f0614-999b-49b7-96cb-94b9f57d6d6f', NULL, NULL, '2026-04-28 19:07:25.931861+00', '2026-04-28 19:07:25.931861+00', '2026-04-28 19:07:25.931861+00');
INSERT INTO public.questions_answered (id, session_id, question_id, option_chosen_id, numeric_answer, selected_option_ids, answered_at, created_at, updated_at) VALUES ('0a9c9e83-e6af-46b9-9f50-4c2d90f62bed', '6512e3b8-dbb6-4ccb-a4ee-ccd13cbd3515', 'eb9df793-4d17-4872-b09f-95699b5294f7', '3d045e95-5858-45ce-91bf-5d1ad46bddcb', NULL, NULL, '2026-04-28 19:07:25.931861+00', '2026-04-28 19:07:25.931861+00', '2026-04-28 19:07:25.931861+00');
INSERT INTO public.questions_answered (id, session_id, question_id, option_chosen_id, numeric_answer, selected_option_ids, answered_at, created_at, updated_at) VALUES ('bad7a2aa-bcf5-4767-aa61-01d1e60e47a1', '6512e3b8-dbb6-4ccb-a4ee-ccd13cbd3515', '721e83c2-6c5b-4f16-93d7-a632ac2599ec', 'a95361ad-5c8e-458b-b7ff-8ddba1265d42', NULL, NULL, '2026-04-28 19:07:25.931861+00', '2026-04-28 19:07:25.931861+00', '2026-04-28 19:07:25.931861+00');
INSERT INTO public.questions_answered (id, session_id, question_id, option_chosen_id, numeric_answer, selected_option_ids, answered_at, created_at, updated_at) VALUES ('70aee660-3e3a-4560-9218-8363427ac882', '6512e3b8-dbb6-4ccb-a4ee-ccd13cbd3515', '4d0747e0-ecfc-456b-83be-9d1f056c99ec', '84d1f98c-9c44-46a9-8cd8-10ade67da483', NULL, NULL, '2026-04-28 19:07:25.931861+00', '2026-04-28 19:07:25.931861+00', '2026-04-28 19:07:25.931861+00');
INSERT INTO public.questions_answered (id, session_id, question_id, option_chosen_id, numeric_answer, selected_option_ids, answered_at, created_at, updated_at) VALUES ('4d35f256-df36-4648-b125-994f9f373cff', '6512e3b8-dbb6-4ccb-a4ee-ccd13cbd3515', 'e019b7b3-6b32-4a40-a864-491af36acd57', NULL, NULL, '{ef1889e7-733d-4169-9e08-cda603554c00,de220f6a-6b71-4407-b1aa-73cfcbf20e69}', '2026-04-28 19:07:25.931861+00', '2026-04-28 19:07:25.931861+00', '2026-04-28 19:07:25.931861+00');
INSERT INTO public.questions_answered (id, session_id, question_id, option_chosen_id, numeric_answer, selected_option_ids, answered_at, created_at, updated_at) VALUES ('a1c83134-5211-4e39-a391-171f81d258c7', '6512e3b8-dbb6-4ccb-a4ee-ccd13cbd3515', 'f6db639e-92d4-416b-bee3-5a25ad3ce854', NULL, 3, NULL, '2026-04-28 19:07:25.931861+00', '2026-04-28 19:07:25.931861+00', '2026-04-28 19:07:25.931861+00');
INSERT INTO public.questions_answered (id, session_id, question_id, option_chosen_id, numeric_answer, selected_option_ids, answered_at, created_at, updated_at) VALUES ('fd85ebaf-ce59-45ad-bbd9-09c4904aa015', '234a0b76-f46f-499e-ae86-91dcd7ac8808', '8624bb6e-9da4-4fb9-8c19-37b6da89e58d', '251cf029-8c29-40fc-8256-d8762bb88ea6', NULL, NULL, '2026-04-28 19:07:25.931861+00', '2026-04-28 19:07:25.931861+00', '2026-04-28 19:07:25.931861+00');
INSERT INTO public.questions_answered (id, session_id, question_id, option_chosen_id, numeric_answer, selected_option_ids, answered_at, created_at, updated_at) VALUES ('86fc1149-77c5-4250-8078-16c2f21cb846', '234a0b76-f46f-499e-ae86-91dcd7ac8808', 'eb9df793-4d17-4872-b09f-95699b5294f7', 'b732520d-66a7-4f3e-a670-265c85cb4f95', NULL, NULL, '2026-04-28 19:07:25.931861+00', '2026-04-28 19:07:25.931861+00', '2026-04-28 19:07:25.931861+00');
INSERT INTO public.questions_answered (id, session_id, question_id, option_chosen_id, numeric_answer, selected_option_ids, answered_at, created_at, updated_at) VALUES ('9f40d54b-5b71-446c-bef6-1196353124c1', '234a0b76-f46f-499e-ae86-91dcd7ac8808', '721e83c2-6c5b-4f16-93d7-a632ac2599ec', '1ddf4885-a148-4fe0-b21e-07fb0637a98f', NULL, NULL, '2026-04-28 19:07:25.931861+00', '2026-04-28 19:07:25.931861+00', '2026-04-28 19:07:25.931861+00');
INSERT INTO public.questions_answered (id, session_id, question_id, option_chosen_id, numeric_answer, selected_option_ids, answered_at, created_at, updated_at) VALUES ('1b7e95c4-4ba8-4245-9ada-639229be932f', '234a0b76-f46f-499e-ae86-91dcd7ac8808', '4d0747e0-ecfc-456b-83be-9d1f056c99ec', '907c9f59-2b16-472f-893e-41fa643f3e6a', NULL, NULL, '2026-04-28 19:07:25.931861+00', '2026-04-28 19:07:25.931861+00', '2026-04-28 19:07:25.931861+00');
INSERT INTO public.questions_answered (id, session_id, question_id, option_chosen_id, numeric_answer, selected_option_ids, answered_at, created_at, updated_at) VALUES ('284987db-7b23-4d61-accb-7ff5456bfa9e', '234a0b76-f46f-499e-ae86-91dcd7ac8808', 'e019b7b3-6b32-4a40-a864-491af36acd57', NULL, NULL, '{ef1889e7-733d-4169-9e08-cda603554c00,de220f6a-6b71-4407-b1aa-73cfcbf20e69,0df09dfe-3700-4466-baa8-9454662f2a28}', '2026-04-28 19:07:25.931861+00', '2026-04-28 19:07:25.931861+00', '2026-04-28 19:07:25.931861+00');
INSERT INTO public.questions_answered (id, session_id, question_id, option_chosen_id, numeric_answer, selected_option_ids, answered_at, created_at, updated_at) VALUES ('6a31df3c-6001-4083-8da1-a42d88e2fbaa', '234a0b76-f46f-499e-ae86-91dcd7ac8808', 'f6db639e-92d4-416b-bee3-5a25ad3ce854', NULL, 6, NULL, '2026-04-28 19:07:25.931861+00', '2026-04-28 19:07:25.931861+00', '2026-04-28 19:07:25.931861+00');
INSERT INTO public.questions_answered (id, session_id, question_id, option_chosen_id, numeric_answer, selected_option_ids, answered_at, created_at, updated_at) VALUES ('63605b72-d379-4061-86f0-2ac2c0fb43ec', '49a5ace0-22eb-4728-bd8a-ae421d680677', '8624bb6e-9da4-4fb9-8c19-37b6da89e58d', '581f9bbc-5344-4c1e-b4f1-1b33e6e2eb93', NULL, NULL, '2026-04-28 19:07:25.931861+00', '2026-04-28 19:07:25.931861+00', '2026-04-28 19:07:25.931861+00');
INSERT INTO public.questions_answered (id, session_id, question_id, option_chosen_id, numeric_answer, selected_option_ids, answered_at, created_at, updated_at) VALUES ('5906c335-e87f-4e1f-a557-f2bf5f18394c', '49a5ace0-22eb-4728-bd8a-ae421d680677', 'eb9df793-4d17-4872-b09f-95699b5294f7', '4684c14b-3624-4d5e-946c-4ab7982c654d', NULL, NULL, '2026-04-28 19:07:25.931861+00', '2026-04-28 19:07:25.931861+00', '2026-04-28 19:07:25.931861+00');
INSERT INTO public.questions_answered (id, session_id, question_id, option_chosen_id, numeric_answer, selected_option_ids, answered_at, created_at, updated_at) VALUES ('d062d2d8-f153-44e3-8928-80bfba1fc68d', '49a5ace0-22eb-4728-bd8a-ae421d680677', '721e83c2-6c5b-4f16-93d7-a632ac2599ec', '278bb3c3-9504-4cbc-99da-5489c6e92d57', NULL, NULL, '2026-04-28 19:07:25.931861+00', '2026-04-28 19:07:25.931861+00', '2026-04-28 19:07:25.931861+00');
INSERT INTO public.questions_answered (id, session_id, question_id, option_chosen_id, numeric_answer, selected_option_ids, answered_at, created_at, updated_at) VALUES ('c9039897-75ef-4594-a7d4-43a4c326b245', '49a5ace0-22eb-4728-bd8a-ae421d680677', '4d0747e0-ecfc-456b-83be-9d1f056c99ec', '7707ce17-2621-4003-a909-30009f3a3733', NULL, NULL, '2026-04-28 19:07:25.931861+00', '2026-04-28 19:07:25.931861+00', '2026-04-28 19:07:25.931861+00');
INSERT INTO public.questions_answered (id, session_id, question_id, option_chosen_id, numeric_answer, selected_option_ids, answered_at, created_at, updated_at) VALUES ('b9943ccd-e151-44a8-83c4-9d1febbf7ff5', '49a5ace0-22eb-4728-bd8a-ae421d680677', 'e019b7b3-6b32-4a40-a864-491af36acd57', NULL, NULL, '{ef1889e7-733d-4169-9e08-cda603554c00,de220f6a-6b71-4407-b1aa-73cfcbf20e69,0df09dfe-3700-4466-baa8-9454662f2a28,0d42d422-354b-4638-bcdd-d37aa6318e81}', '2026-04-28 19:07:25.931861+00', '2026-04-28 19:07:25.931861+00', '2026-04-28 19:07:25.931861+00');
INSERT INTO public.questions_answered (id, session_id, question_id, option_chosen_id, numeric_answer, selected_option_ids, answered_at, created_at, updated_at) VALUES ('6bcf45ea-2948-428c-88c5-d65abe8bb44a', '49a5ace0-22eb-4728-bd8a-ae421d680677', 'f6db639e-92d4-416b-bee3-5a25ad3ce854', NULL, 9, NULL, '2026-04-28 19:07:25.931861+00', '2026-04-28 19:07:25.931861+00', '2026-04-28 19:07:25.931861+00');
INSERT INTO public.questions_answered (id, session_id, question_id, option_chosen_id, numeric_answer, selected_option_ids, answered_at, created_at, updated_at) VALUES ('fccea4ad-5990-4191-a240-ec759dcaa07d', 'e9aa6052-ff1b-4090-9784-e2932e8c861e', '8624bb6e-9da4-4fb9-8c19-37b6da89e58d', '7f50ba15-5a20-4fff-8da4-907b8386d6e9', NULL, NULL, '2026-04-28 19:07:25.931861+00', '2026-04-28 19:07:25.931861+00', '2026-04-28 19:07:25.931861+00');
INSERT INTO public.questions_answered (id, session_id, question_id, option_chosen_id, numeric_answer, selected_option_ids, answered_at, created_at, updated_at) VALUES ('9118026f-b126-4ca6-8ad9-ba04cdaaed4b', 'e9aa6052-ff1b-4090-9784-e2932e8c861e', 'eb9df793-4d17-4872-b09f-95699b5294f7', 'b64fb124-eb76-4c78-8e2c-2dbbc6ed92cf', NULL, NULL, '2026-04-28 19:07:25.931861+00', '2026-04-28 19:07:25.931861+00', '2026-04-28 19:07:25.931861+00');
INSERT INTO public.questions_answered (id, session_id, question_id, option_chosen_id, numeric_answer, selected_option_ids, answered_at, created_at, updated_at) VALUES ('a8c34813-da2d-4ff6-b8fc-97cf12257e04', 'e9aa6052-ff1b-4090-9784-e2932e8c861e', '721e83c2-6c5b-4f16-93d7-a632ac2599ec', '4228bb3e-e472-4ff4-afc3-183c771c40c7', NULL, NULL, '2026-04-28 19:07:25.931861+00', '2026-04-28 19:07:25.931861+00', '2026-04-28 19:07:25.931861+00');
INSERT INTO public.questions_answered (id, session_id, question_id, option_chosen_id, numeric_answer, selected_option_ids, answered_at, created_at, updated_at) VALUES ('cba97d2d-a5cd-43c7-b3b3-c8ba94d17318', 'e9aa6052-ff1b-4090-9784-e2932e8c861e', '4d0747e0-ecfc-456b-83be-9d1f056c99ec', 'd7006b82-cfd2-42b4-be23-5ce8fa2bc181', NULL, NULL, '2026-04-28 19:07:25.931861+00', '2026-04-28 19:07:25.931861+00', '2026-04-28 19:07:25.931861+00');
INSERT INTO public.questions_answered (id, session_id, question_id, option_chosen_id, numeric_answer, selected_option_ids, answered_at, created_at, updated_at) VALUES ('0ad667b1-66fe-4196-a458-5a345760fd65', 'e9aa6052-ff1b-4090-9784-e2932e8c861e', 'e019b7b3-6b32-4a40-a864-491af36acd57', NULL, NULL, '{ef1889e7-733d-4169-9e08-cda603554c00}', '2026-04-28 19:07:25.931861+00', '2026-04-28 19:07:25.931861+00', '2026-04-28 19:07:25.931861+00');
INSERT INTO public.questions_answered (id, session_id, question_id, option_chosen_id, numeric_answer, selected_option_ids, answered_at, created_at, updated_at) VALUES ('5d6d37ef-09a8-4ffb-83f7-8743e56198fa', 'e9aa6052-ff1b-4090-9784-e2932e8c861e', 'f6db639e-92d4-416b-bee3-5a25ad3ce854', NULL, 1, NULL, '2026-04-28 19:07:25.931861+00', '2026-04-28 19:07:25.931861+00', '2026-04-28 19:07:25.931861+00');
INSERT INTO public.questions_answered (id, session_id, question_id, option_chosen_id, numeric_answer, selected_option_ids, answered_at, created_at, updated_at) VALUES ('48e52a6a-e1b6-45cc-84ed-b88a35488bfa', '847cdf2b-8578-4040-824a-5e11eb8d54a2', '8624bb6e-9da4-4fb9-8c19-37b6da89e58d', 'b40f0614-999b-49b7-96cb-94b9f57d6d6f', NULL, NULL, '2026-04-28 19:07:25.931861+00', '2026-04-28 19:07:25.931861+00', '2026-04-28 19:07:25.931861+00');
INSERT INTO public.questions_answered (id, session_id, question_id, option_chosen_id, numeric_answer, selected_option_ids, answered_at, created_at, updated_at) VALUES ('b505b7b0-8969-46e0-9da2-475cb7e118b2', '847cdf2b-8578-4040-824a-5e11eb8d54a2', 'eb9df793-4d17-4872-b09f-95699b5294f7', '3d045e95-5858-45ce-91bf-5d1ad46bddcb', NULL, NULL, '2026-04-28 19:07:25.931861+00', '2026-04-28 19:07:25.931861+00', '2026-04-28 19:07:25.931861+00');
INSERT INTO public.questions_answered (id, session_id, question_id, option_chosen_id, numeric_answer, selected_option_ids, answered_at, created_at, updated_at) VALUES ('6d7ae445-381f-4086-9681-c08491eae06d', '847cdf2b-8578-4040-824a-5e11eb8d54a2', '721e83c2-6c5b-4f16-93d7-a632ac2599ec', 'a95361ad-5c8e-458b-b7ff-8ddba1265d42', NULL, NULL, '2026-04-28 19:07:25.931861+00', '2026-04-28 19:07:25.931861+00', '2026-04-28 19:07:25.931861+00');
INSERT INTO public.questions_answered (id, session_id, question_id, option_chosen_id, numeric_answer, selected_option_ids, answered_at, created_at, updated_at) VALUES ('a13e8c1b-d0ce-4346-9be6-63806e6f441b', '847cdf2b-8578-4040-824a-5e11eb8d54a2', '4d0747e0-ecfc-456b-83be-9d1f056c99ec', '84d1f98c-9c44-46a9-8cd8-10ade67da483', NULL, NULL, '2026-04-28 19:07:25.931861+00', '2026-04-28 19:07:25.931861+00', '2026-04-28 19:07:25.931861+00');
INSERT INTO public.questions_answered (id, session_id, question_id, option_chosen_id, numeric_answer, selected_option_ids, answered_at, created_at, updated_at) VALUES ('8f2d27e1-47ab-448c-be42-8096da7ff858', '847cdf2b-8578-4040-824a-5e11eb8d54a2', 'e019b7b3-6b32-4a40-a864-491af36acd57', NULL, NULL, '{ef1889e7-733d-4169-9e08-cda603554c00,de220f6a-6b71-4407-b1aa-73cfcbf20e69}', '2026-04-28 19:07:25.931861+00', '2026-04-28 19:07:25.931861+00', '2026-04-28 19:07:25.931861+00');
INSERT INTO public.questions_answered (id, session_id, question_id, option_chosen_id, numeric_answer, selected_option_ids, answered_at, created_at, updated_at) VALUES ('cf2aaad6-2cc7-485c-9180-339e4a9775b2', '847cdf2b-8578-4040-824a-5e11eb8d54a2', 'f6db639e-92d4-416b-bee3-5a25ad3ce854', NULL, 4, NULL, '2026-04-28 19:07:25.931861+00', '2026-04-28 19:07:25.931861+00', '2026-04-28 19:07:25.931861+00');
INSERT INTO public.questions_answered (id, session_id, question_id, option_chosen_id, numeric_answer, selected_option_ids, answered_at, created_at, updated_at) VALUES ('f73ec222-0f32-4a6b-9227-dbab77573af1', 'a7a6b178-734c-4925-b913-b709821e47c1', '8624bb6e-9da4-4fb9-8c19-37b6da89e58d', '251cf029-8c29-40fc-8256-d8762bb88ea6', NULL, NULL, '2026-04-28 19:07:25.931861+00', '2026-04-28 19:07:25.931861+00', '2026-04-28 19:07:25.931861+00');
INSERT INTO public.questions_answered (id, session_id, question_id, option_chosen_id, numeric_answer, selected_option_ids, answered_at, created_at, updated_at) VALUES ('a74012e6-de62-4ec3-90f8-d593cc8868a1', 'a7a6b178-734c-4925-b913-b709821e47c1', 'eb9df793-4d17-4872-b09f-95699b5294f7', 'b732520d-66a7-4f3e-a670-265c85cb4f95', NULL, NULL, '2026-04-28 19:07:25.931861+00', '2026-04-28 19:07:25.931861+00', '2026-04-28 19:07:25.931861+00');
INSERT INTO public.questions_answered (id, session_id, question_id, option_chosen_id, numeric_answer, selected_option_ids, answered_at, created_at, updated_at) VALUES ('5e1e07de-1b82-44c4-98e9-4d44876a98d6', 'a7a6b178-734c-4925-b913-b709821e47c1', '721e83c2-6c5b-4f16-93d7-a632ac2599ec', '1ddf4885-a148-4fe0-b21e-07fb0637a98f', NULL, NULL, '2026-04-28 19:07:25.931861+00', '2026-04-28 19:07:25.931861+00', '2026-04-28 19:07:25.931861+00');
INSERT INTO public.questions_answered (id, session_id, question_id, option_chosen_id, numeric_answer, selected_option_ids, answered_at, created_at, updated_at) VALUES ('bde7d63d-93b4-4d34-b8b9-956473993010', 'a7a6b178-734c-4925-b913-b709821e47c1', '4d0747e0-ecfc-456b-83be-9d1f056c99ec', '907c9f59-2b16-472f-893e-41fa643f3e6a', NULL, NULL, '2026-04-28 19:07:25.931861+00', '2026-04-28 19:07:25.931861+00', '2026-04-28 19:07:25.931861+00');
INSERT INTO public.questions_answered (id, session_id, question_id, option_chosen_id, numeric_answer, selected_option_ids, answered_at, created_at, updated_at) VALUES ('6574e207-cb2a-4f59-b8bc-d3f875caafb8', 'a7a6b178-734c-4925-b913-b709821e47c1', 'e019b7b3-6b32-4a40-a864-491af36acd57', NULL, NULL, '{ef1889e7-733d-4169-9e08-cda603554c00,de220f6a-6b71-4407-b1aa-73cfcbf20e69,0df09dfe-3700-4466-baa8-9454662f2a28}', '2026-04-28 19:07:25.931861+00', '2026-04-28 19:07:25.931861+00', '2026-04-28 19:07:25.931861+00');
INSERT INTO public.questions_answered (id, session_id, question_id, option_chosen_id, numeric_answer, selected_option_ids, answered_at, created_at, updated_at) VALUES ('b653567e-c89d-4acc-a4ce-c0060751f2c3', 'a7a6b178-734c-4925-b913-b709821e47c1', 'f6db639e-92d4-416b-bee3-5a25ad3ce854', NULL, 7, NULL, '2026-04-28 19:07:25.931861+00', '2026-04-28 19:07:25.931861+00', '2026-04-28 19:07:25.931861+00');
INSERT INTO public.questions_answered (id, session_id, question_id, option_chosen_id, numeric_answer, selected_option_ids, answered_at, created_at, updated_at) VALUES ('dfa968a4-fb8f-4d65-91ea-91364639b4a0', 'f2464106-87e4-4c04-879d-2181c7221c41', '8624bb6e-9da4-4fb9-8c19-37b6da89e58d', '7f50ba15-5a20-4fff-8da4-907b8386d6e9', NULL, NULL, '2026-04-28 19:07:25.931861+00', '2026-04-28 19:07:25.931861+00', '2026-04-28 19:07:25.931861+00');
INSERT INTO public.questions_answered (id, session_id, question_id, option_chosen_id, numeric_answer, selected_option_ids, answered_at, created_at, updated_at) VALUES ('9d9affad-1dda-43a2-b364-1f98d0d9f08a', '6c83542f-22d7-4c98-8bfc-c080a9474be9', '8624bb6e-9da4-4fb9-8c19-37b6da89e58d', '7f50ba15-5a20-4fff-8da4-907b8386d6e9', NULL, NULL, '2026-04-28 19:07:25.931861+00', '2026-04-28 19:07:25.931861+00', '2026-04-28 19:07:25.931861+00');
INSERT INTO public.questions_answered (id, session_id, question_id, option_chosen_id, numeric_answer, selected_option_ids, answered_at, created_at, updated_at) VALUES ('9fd72197-7896-4aad-9998-cca3f8505c26', '3b0ac3dc-83f2-45f5-9d30-69632f6df2cc', '55206eed-3c54-4cdc-ac4b-0bd9ae5b13ab', 'f4a1f720-9d49-4159-9732-3b80d791fb4f', NULL, NULL, '2026-04-28 19:07:29.19675+00', '2026-04-28 19:07:29.19675+00', '2026-04-28 19:07:29.19675+00');
INSERT INTO public.questions_answered (id, session_id, question_id, option_chosen_id, numeric_answer, selected_option_ids, answered_at, created_at, updated_at) VALUES ('08f128e2-2af7-40a8-be1e-571dc48c9fc4', '3b0ac3dc-83f2-45f5-9d30-69632f6df2cc', 'b185221a-05d1-47b1-b7cb-97cd780a8b30', 'ebca0092-35e0-4815-941a-166f157e4b08', NULL, NULL, '2026-04-28 19:07:29.19675+00', '2026-04-28 19:07:29.19675+00', '2026-04-28 19:07:29.19675+00');
INSERT INTO public.questions_answered (id, session_id, question_id, option_chosen_id, numeric_answer, selected_option_ids, answered_at, created_at, updated_at) VALUES ('300c32e8-d261-4043-98cb-162c087ab9d7', '3b0ac3dc-83f2-45f5-9d30-69632f6df2cc', '2a06080b-d13e-475f-9f34-624a04cf96ca', NULL, 3, NULL, '2026-04-28 19:07:29.19675+00', '2026-04-28 19:07:29.19675+00', '2026-04-28 19:07:29.19675+00');
INSERT INTO public.questions_answered (id, session_id, question_id, option_chosen_id, numeric_answer, selected_option_ids, answered_at, created_at, updated_at) VALUES ('c03a54a2-2b33-4278-a97b-14545422adbf', '3b0ac3dc-83f2-45f5-9d30-69632f6df2cc', 'ee3c2a29-e02b-477c-b8bf-ed77153159e4', NULL, NULL, '{2a110421-2bc3-477e-9f81-c2a8ef7aa23e,8b9c4352-62c6-47b3-ac5f-7a9fcb41a723}', '2026-04-28 19:07:29.19675+00', '2026-04-28 19:07:29.19675+00', '2026-04-28 19:07:29.19675+00');
INSERT INTO public.questions_answered (id, session_id, question_id, option_chosen_id, numeric_answer, selected_option_ids, answered_at, created_at, updated_at) VALUES ('985fa6e9-3d34-4e70-85a4-568e68404b3a', '3b0ac3dc-83f2-45f5-9d30-69632f6df2cc', '86797527-7c2a-4051-9d15-035ae3b57aad', '93b943a6-9f7b-4c57-bcc7-c38a77181a12', NULL, NULL, '2026-04-28 19:07:29.19675+00', '2026-04-28 19:07:29.19675+00', '2026-04-28 19:07:29.19675+00');
INSERT INTO public.questions_answered (id, session_id, question_id, option_chosen_id, numeric_answer, selected_option_ids, answered_at, created_at, updated_at) VALUES ('1ac4cbdd-d0b7-4138-9364-ccd3ac9d180b', '6a8c77da-80b1-4083-b666-d1ced7b94083', '55206eed-3c54-4cdc-ac4b-0bd9ae5b13ab', '722d01ea-160e-45f3-a06c-c8d1b29cae96', NULL, NULL, '2026-04-28 19:07:29.19675+00', '2026-04-28 19:07:29.19675+00', '2026-04-28 19:07:29.19675+00');
INSERT INTO public.questions_answered (id, session_id, question_id, option_chosen_id, numeric_answer, selected_option_ids, answered_at, created_at, updated_at) VALUES ('10bac831-171b-41b6-bf11-b02dd01d1d44', '6a8c77da-80b1-4083-b666-d1ced7b94083', 'b185221a-05d1-47b1-b7cb-97cd780a8b30', '720e2a2e-cea0-4ccc-812d-e7e7fe3ac5b6', NULL, NULL, '2026-04-28 19:07:29.19675+00', '2026-04-28 19:07:29.19675+00', '2026-04-28 19:07:29.19675+00');
INSERT INTO public.questions_answered (id, session_id, question_id, option_chosen_id, numeric_answer, selected_option_ids, answered_at, created_at, updated_at) VALUES ('22189dac-57f5-49dd-b7f6-7bbedfe501b1', '6a8c77da-80b1-4083-b666-d1ced7b94083', '2a06080b-d13e-475f-9f34-624a04cf96ca', NULL, 6, NULL, '2026-04-28 19:07:29.19675+00', '2026-04-28 19:07:29.19675+00', '2026-04-28 19:07:29.19675+00');
INSERT INTO public.questions_answered (id, session_id, question_id, option_chosen_id, numeric_answer, selected_option_ids, answered_at, created_at, updated_at) VALUES ('9eee3497-608e-4251-9f62-ab97b2b750d5', '6a8c77da-80b1-4083-b666-d1ced7b94083', 'ee3c2a29-e02b-477c-b8bf-ed77153159e4', NULL, NULL, '{2a110421-2bc3-477e-9f81-c2a8ef7aa23e,8b9c4352-62c6-47b3-ac5f-7a9fcb41a723,56494d05-42d1-40ea-9679-c9fc77c85eb8}', '2026-04-28 19:07:29.19675+00', '2026-04-28 19:07:29.19675+00', '2026-04-28 19:07:29.19675+00');
INSERT INTO public.questions_answered (id, session_id, question_id, option_chosen_id, numeric_answer, selected_option_ids, answered_at, created_at, updated_at) VALUES ('029ba80c-f662-4e42-8cc7-7c6ce9712c8b', '6a8c77da-80b1-4083-b666-d1ced7b94083', '86797527-7c2a-4051-9d15-035ae3b57aad', '66ecca82-0cc1-4e1d-8e85-3d23b505fcb1', NULL, NULL, '2026-04-28 19:07:29.19675+00', '2026-04-28 19:07:29.19675+00', '2026-04-28 19:07:29.19675+00');
INSERT INTO public.questions_answered (id, session_id, question_id, option_chosen_id, numeric_answer, selected_option_ids, answered_at, created_at, updated_at) VALUES ('a00dd505-4419-4203-ab5c-e50fb51c22e5', 'c2cf596a-2341-4077-8cf3-03c6d43deee3', '55206eed-3c54-4cdc-ac4b-0bd9ae5b13ab', 'cc6e79e1-8630-4b22-80f4-7e8d7dde3c72', NULL, NULL, '2026-04-28 19:07:29.19675+00', '2026-04-28 19:07:29.19675+00', '2026-04-28 19:07:29.19675+00');
INSERT INTO public.questions_answered (id, session_id, question_id, option_chosen_id, numeric_answer, selected_option_ids, answered_at, created_at, updated_at) VALUES ('8d6d05b3-2dda-4bbd-ab77-189c616eeb0e', 'c2cf596a-2341-4077-8cf3-03c6d43deee3', 'b185221a-05d1-47b1-b7cb-97cd780a8b30', 'c6072190-4049-49cd-9121-21ec25f5cd79', NULL, NULL, '2026-04-28 19:07:29.19675+00', '2026-04-28 19:07:29.19675+00', '2026-04-28 19:07:29.19675+00');
INSERT INTO public.questions_answered (id, session_id, question_id, option_chosen_id, numeric_answer, selected_option_ids, answered_at, created_at, updated_at) VALUES ('21b040d5-85d7-41e7-9242-7ef0e28bc3c3', 'c2cf596a-2341-4077-8cf3-03c6d43deee3', '2a06080b-d13e-475f-9f34-624a04cf96ca', NULL, 9, NULL, '2026-04-28 19:07:29.19675+00', '2026-04-28 19:07:29.19675+00', '2026-04-28 19:07:29.19675+00');
INSERT INTO public.questions_answered (id, session_id, question_id, option_chosen_id, numeric_answer, selected_option_ids, answered_at, created_at, updated_at) VALUES ('29563072-6008-4e4d-b9a4-6445365ec8ab', 'c2cf596a-2341-4077-8cf3-03c6d43deee3', 'ee3c2a29-e02b-477c-b8bf-ed77153159e4', NULL, NULL, '{2a110421-2bc3-477e-9f81-c2a8ef7aa23e,8b9c4352-62c6-47b3-ac5f-7a9fcb41a723,56494d05-42d1-40ea-9679-c9fc77c85eb8,7cf31a0e-ada6-487f-a5a0-a0dd8b19cc43}', '2026-04-28 19:07:29.19675+00', '2026-04-28 19:07:29.19675+00', '2026-04-28 19:07:29.19675+00');
INSERT INTO public.questions_answered (id, session_id, question_id, option_chosen_id, numeric_answer, selected_option_ids, answered_at, created_at, updated_at) VALUES ('e6577cf4-ee42-4b4c-a327-8511bd1530bf', 'c2cf596a-2341-4077-8cf3-03c6d43deee3', '86797527-7c2a-4051-9d15-035ae3b57aad', 'c7046ade-9d30-40b7-a4f7-1beeff741a28', NULL, NULL, '2026-04-28 19:07:29.19675+00', '2026-04-28 19:07:29.19675+00', '2026-04-28 19:07:29.19675+00');
INSERT INTO public.questions_answered (id, session_id, question_id, option_chosen_id, numeric_answer, selected_option_ids, answered_at, created_at, updated_at) VALUES ('c87555f1-ea4c-47a6-969c-9a0a2e4caef2', 'ae7f3723-0ac8-4409-9738-4932082929ab', '55206eed-3c54-4cdc-ac4b-0bd9ae5b13ab', '1765ad00-7ed0-498a-87eb-f6c9125c3946', NULL, NULL, '2026-04-28 19:07:29.19675+00', '2026-04-28 19:07:29.19675+00', '2026-04-28 19:07:29.19675+00');
INSERT INTO public.questions_answered (id, session_id, question_id, option_chosen_id, numeric_answer, selected_option_ids, answered_at, created_at, updated_at) VALUES ('22f82aa8-49fa-47a8-865b-af25f6708c68', 'ae7f3723-0ac8-4409-9738-4932082929ab', 'b185221a-05d1-47b1-b7cb-97cd780a8b30', '78d94545-6942-42bd-ba65-f65bdb52de6f', NULL, NULL, '2026-04-28 19:07:29.19675+00', '2026-04-28 19:07:29.19675+00', '2026-04-28 19:07:29.19675+00');
INSERT INTO public.questions_answered (id, session_id, question_id, option_chosen_id, numeric_answer, selected_option_ids, answered_at, created_at, updated_at) VALUES ('aaffd943-2b27-405e-ad34-dcfcadbe74f1', 'ae7f3723-0ac8-4409-9738-4932082929ab', '2a06080b-d13e-475f-9f34-624a04cf96ca', NULL, 1, NULL, '2026-04-28 19:07:29.19675+00', '2026-04-28 19:07:29.19675+00', '2026-04-28 19:07:29.19675+00');
INSERT INTO public.questions_answered (id, session_id, question_id, option_chosen_id, numeric_answer, selected_option_ids, answered_at, created_at, updated_at) VALUES ('0bc360c1-40bb-4383-9f83-707b06acc901', 'ae7f3723-0ac8-4409-9738-4932082929ab', 'ee3c2a29-e02b-477c-b8bf-ed77153159e4', NULL, NULL, '{2a110421-2bc3-477e-9f81-c2a8ef7aa23e}', '2026-04-28 19:07:29.19675+00', '2026-04-28 19:07:29.19675+00', '2026-04-28 19:07:29.19675+00');
INSERT INTO public.questions_answered (id, session_id, question_id, option_chosen_id, numeric_answer, selected_option_ids, answered_at, created_at, updated_at) VALUES ('ad902a91-6e57-4ed3-8236-76537b1f29ac', 'ae7f3723-0ac8-4409-9738-4932082929ab', '86797527-7c2a-4051-9d15-035ae3b57aad', '79de142d-1d1d-4308-9f19-666d7df228e5', NULL, NULL, '2026-04-28 19:07:29.19675+00', '2026-04-28 19:07:29.19675+00', '2026-04-28 19:07:29.19675+00');
INSERT INTO public.questions_answered (id, session_id, question_id, option_chosen_id, numeric_answer, selected_option_ids, answered_at, created_at, updated_at) VALUES ('f4c77f54-1d8e-487c-80e7-d761cd6d905a', '1c1faa3c-4f49-4ab5-9b9e-ccd44e44d6dd', '55206eed-3c54-4cdc-ac4b-0bd9ae5b13ab', 'f4a1f720-9d49-4159-9732-3b80d791fb4f', NULL, NULL, '2026-04-28 19:07:29.19675+00', '2026-04-28 19:07:29.19675+00', '2026-04-28 19:07:29.19675+00');
INSERT INTO public.questions_answered (id, session_id, question_id, option_chosen_id, numeric_answer, selected_option_ids, answered_at, created_at, updated_at) VALUES ('360d55bd-4548-4d69-ae21-f05d91ccccda', '1c1faa3c-4f49-4ab5-9b9e-ccd44e44d6dd', 'b185221a-05d1-47b1-b7cb-97cd780a8b30', 'ebca0092-35e0-4815-941a-166f157e4b08', NULL, NULL, '2026-04-28 19:07:29.19675+00', '2026-04-28 19:07:29.19675+00', '2026-04-28 19:07:29.19675+00');
INSERT INTO public.questions_answered (id, session_id, question_id, option_chosen_id, numeric_answer, selected_option_ids, answered_at, created_at, updated_at) VALUES ('f691de24-6764-4617-a40f-62df9e35962e', '1c1faa3c-4f49-4ab5-9b9e-ccd44e44d6dd', '2a06080b-d13e-475f-9f34-624a04cf96ca', NULL, 4, NULL, '2026-04-28 19:07:29.19675+00', '2026-04-28 19:07:29.19675+00', '2026-04-28 19:07:29.19675+00');
INSERT INTO public.questions_answered (id, session_id, question_id, option_chosen_id, numeric_answer, selected_option_ids, answered_at, created_at, updated_at) VALUES ('f6fc8099-bd25-4f35-9a56-a52f7edf1a9d', '1c1faa3c-4f49-4ab5-9b9e-ccd44e44d6dd', 'ee3c2a29-e02b-477c-b8bf-ed77153159e4', NULL, NULL, '{2a110421-2bc3-477e-9f81-c2a8ef7aa23e,8b9c4352-62c6-47b3-ac5f-7a9fcb41a723}', '2026-04-28 19:07:29.19675+00', '2026-04-28 19:07:29.19675+00', '2026-04-28 19:07:29.19675+00');
INSERT INTO public.questions_answered (id, session_id, question_id, option_chosen_id, numeric_answer, selected_option_ids, answered_at, created_at, updated_at) VALUES ('9d90b41a-a922-4b75-bc50-22403ecd2c2b', '1c1faa3c-4f49-4ab5-9b9e-ccd44e44d6dd', '86797527-7c2a-4051-9d15-035ae3b57aad', '93b943a6-9f7b-4c57-bcc7-c38a77181a12', NULL, NULL, '2026-04-28 19:07:29.19675+00', '2026-04-28 19:07:29.19675+00', '2026-04-28 19:07:29.19675+00');
INSERT INTO public.questions_answered (id, session_id, question_id, option_chosen_id, numeric_answer, selected_option_ids, answered_at, created_at, updated_at) VALUES ('c4e2d5e9-40fa-4836-bbc7-cefcd430c3ee', '4b6fc841-652d-4c87-9740-b2f7fcfee437', '55206eed-3c54-4cdc-ac4b-0bd9ae5b13ab', '722d01ea-160e-45f3-a06c-c8d1b29cae96', NULL, NULL, '2026-04-28 19:07:29.19675+00', '2026-04-28 19:07:29.19675+00', '2026-04-28 19:07:29.19675+00');
INSERT INTO public.questions_answered (id, session_id, question_id, option_chosen_id, numeric_answer, selected_option_ids, answered_at, created_at, updated_at) VALUES ('2a24ed02-ba1b-414e-a9ef-07c603be2c52', '4b6fc841-652d-4c87-9740-b2f7fcfee437', 'b185221a-05d1-47b1-b7cb-97cd780a8b30', '720e2a2e-cea0-4ccc-812d-e7e7fe3ac5b6', NULL, NULL, '2026-04-28 19:07:29.19675+00', '2026-04-28 19:07:29.19675+00', '2026-04-28 19:07:29.19675+00');
INSERT INTO public.questions_answered (id, session_id, question_id, option_chosen_id, numeric_answer, selected_option_ids, answered_at, created_at, updated_at) VALUES ('4f9161df-46da-42af-b2dc-4232fd80e16a', '4b6fc841-652d-4c87-9740-b2f7fcfee437', '2a06080b-d13e-475f-9f34-624a04cf96ca', NULL, 7, NULL, '2026-04-28 19:07:29.19675+00', '2026-04-28 19:07:29.19675+00', '2026-04-28 19:07:29.19675+00');
INSERT INTO public.questions_answered (id, session_id, question_id, option_chosen_id, numeric_answer, selected_option_ids, answered_at, created_at, updated_at) VALUES ('f8b13adc-095d-4653-a1e5-b54915eda29f', '4b6fc841-652d-4c87-9740-b2f7fcfee437', 'ee3c2a29-e02b-477c-b8bf-ed77153159e4', NULL, NULL, '{2a110421-2bc3-477e-9f81-c2a8ef7aa23e,8b9c4352-62c6-47b3-ac5f-7a9fcb41a723,56494d05-42d1-40ea-9679-c9fc77c85eb8}', '2026-04-28 19:07:29.19675+00', '2026-04-28 19:07:29.19675+00', '2026-04-28 19:07:29.19675+00');
INSERT INTO public.questions_answered (id, session_id, question_id, option_chosen_id, numeric_answer, selected_option_ids, answered_at, created_at, updated_at) VALUES ('1b72edb3-1d5e-436d-8da0-13a77b10f472', '4b6fc841-652d-4c87-9740-b2f7fcfee437', '86797527-7c2a-4051-9d15-035ae3b57aad', '66ecca82-0cc1-4e1d-8e85-3d23b505fcb1', NULL, NULL, '2026-04-28 19:07:29.19675+00', '2026-04-28 19:07:29.19675+00', '2026-04-28 19:07:29.19675+00');
INSERT INTO public.questions_answered (id, session_id, question_id, option_chosen_id, numeric_answer, selected_option_ids, answered_at, created_at, updated_at) VALUES ('6d2c15af-1832-47f6-a6b2-81190582fcdf', '7f825b58-84f5-4f26-8a96-88b839b95deb', '55206eed-3c54-4cdc-ac4b-0bd9ae5b13ab', '1765ad00-7ed0-498a-87eb-f6c9125c3946', NULL, NULL, '2026-04-28 19:07:29.19675+00', '2026-04-28 19:07:29.19675+00', '2026-04-28 19:07:29.19675+00');
INSERT INTO public.questions_answered (id, session_id, question_id, option_chosen_id, numeric_answer, selected_option_ids, answered_at, created_at, updated_at) VALUES ('77b0fbf4-94a1-41d0-8011-284e1cd26eef', 'e24a2ba6-e03a-4184-aacc-43f53510ee1f', '55206eed-3c54-4cdc-ac4b-0bd9ae5b13ab', '1765ad00-7ed0-498a-87eb-f6c9125c3946', NULL, NULL, '2026-04-28 19:07:29.19675+00', '2026-04-28 19:07:29.19675+00', '2026-04-28 19:07:29.19675+00');
INSERT INTO public.questions_answered (id, session_id, question_id, option_chosen_id, numeric_answer, selected_option_ids, answered_at, created_at, updated_at) VALUES ('793e0ce4-676c-4bf3-b2f5-6ac7135211a9', 'cec40534-a269-4c55-9100-ee6e321b0fda', '5c5dcfd1-ddb8-47d4-a4fb-fbb50607cb6e', NULL, NULL, '{7533888a-a9bc-4c73-a4dd-90e402fd9f1c,7c26c5ce-db01-4ce6-a028-ed8a2c5662af}', '2026-04-28 19:08:05.59682+00', '2026-04-28 19:08:05.59682+00', '2026-04-28 19:08:05.59682+00');
INSERT INTO public.questions_answered (id, session_id, question_id, option_chosen_id, numeric_answer, selected_option_ids, answered_at, created_at, updated_at) VALUES ('bdc504d5-4851-4f52-91e5-7df9d3b8b6fa', 'cec40534-a269-4c55-9100-ee6e321b0fda', '275030b6-2291-4aa7-8c0f-2bbc4bfe6f99', NULL, NULL, '{2a25537a-900a-401a-bc71-d6a11b8cd591,48637d47-dd0c-4a08-9403-e40c6774304a}', '2026-04-28 19:08:05.59682+00', '2026-04-28 19:08:05.59682+00', '2026-04-28 19:08:05.59682+00');
INSERT INTO public.questions_answered (id, session_id, question_id, option_chosen_id, numeric_answer, selected_option_ids, answered_at, created_at, updated_at) VALUES ('2c7c1bbb-63e4-49a9-b2f0-0fe40d3348d8', 'cec40534-a269-4c55-9100-ee6e321b0fda', 'aa7c7a09-22a8-47ba-958f-6f9fbeb4fba4', NULL, 3, NULL, '2026-04-28 19:08:05.59682+00', '2026-04-28 19:08:05.59682+00', '2026-04-28 19:08:05.59682+00');
INSERT INTO public.questions_answered (id, session_id, question_id, option_chosen_id, numeric_answer, selected_option_ids, answered_at, created_at, updated_at) VALUES ('bab1ebe5-dd54-45ad-837c-3957704c8d6b', 'cec40534-a269-4c55-9100-ee6e321b0fda', 'a6e7dc83-3e6f-468b-ac8e-5070a1320d6e', 'b51fb6dd-2c33-4b09-8da1-7499e8b7a2d0', NULL, NULL, '2026-04-28 19:08:05.59682+00', '2026-04-28 19:08:05.59682+00', '2026-04-28 19:08:05.59682+00');
INSERT INTO public.questions_answered (id, session_id, question_id, option_chosen_id, numeric_answer, selected_option_ids, answered_at, created_at, updated_at) VALUES ('4fb9b4ea-8714-4bc8-bbce-b0552c46c021', 'cec40534-a269-4c55-9100-ee6e321b0fda', 'a6bb70f2-e63d-4d43-8f06-293dccd6b28b', '8437af51-f88d-4abc-8ae4-42a3101cc114', NULL, NULL, '2026-04-28 19:08:05.59682+00', '2026-04-28 19:08:05.59682+00', '2026-04-28 19:08:05.59682+00');
INSERT INTO public.questions_answered (id, session_id, question_id, option_chosen_id, numeric_answer, selected_option_ids, answered_at, created_at, updated_at) VALUES ('038aa7b3-26ad-46c5-a051-493cbb74dcdf', 'cec40534-a269-4c55-9100-ee6e321b0fda', '077ec734-8412-448e-bf2a-891302c9f4dd', '0ec97275-322a-4477-99e4-293a62db8562', NULL, NULL, '2026-04-28 19:08:05.59682+00', '2026-04-28 19:08:05.59682+00', '2026-04-28 19:08:05.59682+00');
INSERT INTO public.questions_answered (id, session_id, question_id, option_chosen_id, numeric_answer, selected_option_ids, answered_at, created_at, updated_at) VALUES ('edcafe37-2a16-4405-ace4-e050fead5b46', 'bc2cb6bd-4334-4a17-bfa5-1babe4f40fbe', '5c5dcfd1-ddb8-47d4-a4fb-fbb50607cb6e', NULL, NULL, '{7533888a-a9bc-4c73-a4dd-90e402fd9f1c,7c26c5ce-db01-4ce6-a028-ed8a2c5662af,a49bd2a7-2aca-49bd-88b4-3f37a7659a28}', '2026-04-28 19:08:05.59682+00', '2026-04-28 19:08:05.59682+00', '2026-04-28 19:08:05.59682+00');
INSERT INTO public.questions_answered (id, session_id, question_id, option_chosen_id, numeric_answer, selected_option_ids, answered_at, created_at, updated_at) VALUES ('c24e6a72-5bdb-4335-967e-ed72aed487b5', 'bc2cb6bd-4334-4a17-bfa5-1babe4f40fbe', '275030b6-2291-4aa7-8c0f-2bbc4bfe6f99', NULL, NULL, '{2a25537a-900a-401a-bc71-d6a11b8cd591,48637d47-dd0c-4a08-9403-e40c6774304a,edc0cd04-adff-42cf-8d53-90eddbd75509}', '2026-04-28 19:08:05.59682+00', '2026-04-28 19:08:05.59682+00', '2026-04-28 19:08:05.59682+00');
INSERT INTO public.questions_answered (id, session_id, question_id, option_chosen_id, numeric_answer, selected_option_ids, answered_at, created_at, updated_at) VALUES ('536f3259-1270-4a16-a1cc-f6c2ca52c136', 'bc2cb6bd-4334-4a17-bfa5-1babe4f40fbe', 'aa7c7a09-22a8-47ba-958f-6f9fbeb4fba4', NULL, 6, NULL, '2026-04-28 19:08:05.59682+00', '2026-04-28 19:08:05.59682+00', '2026-04-28 19:08:05.59682+00');
INSERT INTO public.questions_answered (id, session_id, question_id, option_chosen_id, numeric_answer, selected_option_ids, answered_at, created_at, updated_at) VALUES ('3ed533a7-c4f6-48ac-9f51-90637b77ae03', 'bc2cb6bd-4334-4a17-bfa5-1babe4f40fbe', 'a6e7dc83-3e6f-468b-ac8e-5070a1320d6e', '2f2753ac-05a1-4b07-9eb6-20425ec94926', NULL, NULL, '2026-04-28 19:08:05.59682+00', '2026-04-28 19:08:05.59682+00', '2026-04-28 19:08:05.59682+00');
INSERT INTO public.questions_answered (id, session_id, question_id, option_chosen_id, numeric_answer, selected_option_ids, answered_at, created_at, updated_at) VALUES ('36ee073d-3d18-4abe-b4ba-aa0195dfbdfc', 'bc2cb6bd-4334-4a17-bfa5-1babe4f40fbe', 'a6bb70f2-e63d-4d43-8f06-293dccd6b28b', '15bf2c7d-364a-4e54-a42b-3c68fe16ea27', NULL, NULL, '2026-04-28 19:08:05.59682+00', '2026-04-28 19:08:05.59682+00', '2026-04-28 19:08:05.59682+00');
INSERT INTO public.questions_answered (id, session_id, question_id, option_chosen_id, numeric_answer, selected_option_ids, answered_at, created_at, updated_at) VALUES ('7e3c6231-6227-47c7-b056-c125cdfc56ae', 'bc2cb6bd-4334-4a17-bfa5-1babe4f40fbe', '077ec734-8412-448e-bf2a-891302c9f4dd', 'dac97be1-33ca-4520-96e7-91ef84f6cf2f', NULL, NULL, '2026-04-28 19:08:05.59682+00', '2026-04-28 19:08:05.59682+00', '2026-04-28 19:08:05.59682+00');
INSERT INTO public.questions_answered (id, session_id, question_id, option_chosen_id, numeric_answer, selected_option_ids, answered_at, created_at, updated_at) VALUES ('27599c79-d0ca-4b14-9e47-462a85fa2123', '40f2361b-7f37-4bca-afe0-904cc8aed497', '5c5dcfd1-ddb8-47d4-a4fb-fbb50607cb6e', NULL, NULL, '{7533888a-a9bc-4c73-a4dd-90e402fd9f1c,7c26c5ce-db01-4ce6-a028-ed8a2c5662af,a49bd2a7-2aca-49bd-88b4-3f37a7659a28,6d2470f5-970e-4a5b-b17a-dc9a74e782af}', '2026-04-28 19:08:05.59682+00', '2026-04-28 19:08:05.59682+00', '2026-04-28 19:08:05.59682+00');
INSERT INTO public.questions_answered (id, session_id, question_id, option_chosen_id, numeric_answer, selected_option_ids, answered_at, created_at, updated_at) VALUES ('7c1377f2-f38e-444c-8e39-0ae65858fd33', '40f2361b-7f37-4bca-afe0-904cc8aed497', '275030b6-2291-4aa7-8c0f-2bbc4bfe6f99', NULL, NULL, '{2a25537a-900a-401a-bc71-d6a11b8cd591,48637d47-dd0c-4a08-9403-e40c6774304a,edc0cd04-adff-42cf-8d53-90eddbd75509,0295027f-9653-4c6d-a28a-8cd9b4fc09e2}', '2026-04-28 19:08:05.59682+00', '2026-04-28 19:08:05.59682+00', '2026-04-28 19:08:05.59682+00');
INSERT INTO public.questions_answered (id, session_id, question_id, option_chosen_id, numeric_answer, selected_option_ids, answered_at, created_at, updated_at) VALUES ('6c86e2ec-cd8e-4a17-a753-27abb5ad3b19', '40f2361b-7f37-4bca-afe0-904cc8aed497', 'aa7c7a09-22a8-47ba-958f-6f9fbeb4fba4', NULL, 1, NULL, '2026-04-28 19:08:05.59682+00', '2026-04-28 19:08:05.59682+00', '2026-04-28 19:08:05.59682+00');
INSERT INTO public.questions_answered (id, session_id, question_id, option_chosen_id, numeric_answer, selected_option_ids, answered_at, created_at, updated_at) VALUES ('70b4b33d-838b-4d04-b523-cc2deb4716ea', '40f2361b-7f37-4bca-afe0-904cc8aed497', 'a6e7dc83-3e6f-468b-ac8e-5070a1320d6e', '51fa1a36-5340-4a15-95dd-a0f466f688e6', NULL, NULL, '2026-04-28 19:08:05.59682+00', '2026-04-28 19:08:05.59682+00', '2026-04-28 19:08:05.59682+00');
INSERT INTO public.questions_answered (id, session_id, question_id, option_chosen_id, numeric_answer, selected_option_ids, answered_at, created_at, updated_at) VALUES ('63000365-f468-47c8-a4b2-4a36b31764ee', '40f2361b-7f37-4bca-afe0-904cc8aed497', 'a6bb70f2-e63d-4d43-8f06-293dccd6b28b', 'cfcd1ca1-1354-4905-863d-5362a81491d5', NULL, NULL, '2026-04-28 19:08:05.59682+00', '2026-04-28 19:08:05.59682+00', '2026-04-28 19:08:05.59682+00');
INSERT INTO public.questions_answered (id, session_id, question_id, option_chosen_id, numeric_answer, selected_option_ids, answered_at, created_at, updated_at) VALUES ('44cc123d-f272-4ca4-bc46-0c70a17316e8', '40f2361b-7f37-4bca-afe0-904cc8aed497', '077ec734-8412-448e-bf2a-891302c9f4dd', 'cdf005ba-07c7-4108-bb21-d8a66d17cd2f', NULL, NULL, '2026-04-28 19:08:05.59682+00', '2026-04-28 19:08:05.59682+00', '2026-04-28 19:08:05.59682+00');
INSERT INTO public.questions_answered (id, session_id, question_id, option_chosen_id, numeric_answer, selected_option_ids, answered_at, created_at, updated_at) VALUES ('99e52939-9364-4981-8133-6b6d0cf35813', '01f78539-35a3-422b-90d9-dd24e6a577de', '5c5dcfd1-ddb8-47d4-a4fb-fbb50607cb6e', NULL, NULL, '{7533888a-a9bc-4c73-a4dd-90e402fd9f1c}', '2026-04-28 19:08:05.59682+00', '2026-04-28 19:08:05.59682+00', '2026-04-28 19:08:05.59682+00');
INSERT INTO public.questions_answered (id, session_id, question_id, option_chosen_id, numeric_answer, selected_option_ids, answered_at, created_at, updated_at) VALUES ('4874828a-2b7b-4a9c-b186-7e0ff68e9cfd', '01f78539-35a3-422b-90d9-dd24e6a577de', '275030b6-2291-4aa7-8c0f-2bbc4bfe6f99', NULL, NULL, '{2a25537a-900a-401a-bc71-d6a11b8cd591}', '2026-04-28 19:08:05.59682+00', '2026-04-28 19:08:05.59682+00', '2026-04-28 19:08:05.59682+00');
INSERT INTO public.questions_answered (id, session_id, question_id, option_chosen_id, numeric_answer, selected_option_ids, answered_at, created_at, updated_at) VALUES ('b4819bc6-ff37-496d-a207-384dcc1910a7', '01f78539-35a3-422b-90d9-dd24e6a577de', 'aa7c7a09-22a8-47ba-958f-6f9fbeb4fba4', NULL, 4, NULL, '2026-04-28 19:08:05.59682+00', '2026-04-28 19:08:05.59682+00', '2026-04-28 19:08:05.59682+00');
INSERT INTO public.questions_answered (id, session_id, question_id, option_chosen_id, numeric_answer, selected_option_ids, answered_at, created_at, updated_at) VALUES ('3dd4cfe0-c23f-4849-b510-28903ea5257a', '01f78539-35a3-422b-90d9-dd24e6a577de', 'a6e7dc83-3e6f-468b-ac8e-5070a1320d6e', '17421e81-d4ce-449d-9029-9e2878d36637', NULL, NULL, '2026-04-28 19:08:05.59682+00', '2026-04-28 19:08:05.59682+00', '2026-04-28 19:08:05.59682+00');
INSERT INTO public.questions_answered (id, session_id, question_id, option_chosen_id, numeric_answer, selected_option_ids, answered_at, created_at, updated_at) VALUES ('f8a0e6c0-35dc-4539-95cb-a3f842b8365a', '01f78539-35a3-422b-90d9-dd24e6a577de', 'a6bb70f2-e63d-4d43-8f06-293dccd6b28b', '5fa39d09-cefc-4e80-86c7-da340fbad820', NULL, NULL, '2026-04-28 19:08:05.59682+00', '2026-04-28 19:08:05.59682+00', '2026-04-28 19:08:05.59682+00');
INSERT INTO public.questions_answered (id, session_id, question_id, option_chosen_id, numeric_answer, selected_option_ids, answered_at, created_at, updated_at) VALUES ('b99620d8-bd8b-4f2c-bdc1-883c46c9064c', '01f78539-35a3-422b-90d9-dd24e6a577de', '077ec734-8412-448e-bf2a-891302c9f4dd', 'ecf5b335-d3e7-4eee-a213-ad9298f27dcc', NULL, NULL, '2026-04-28 19:08:05.59682+00', '2026-04-28 19:08:05.59682+00', '2026-04-28 19:08:05.59682+00');
INSERT INTO public.questions_answered (id, session_id, question_id, option_chosen_id, numeric_answer, selected_option_ids, answered_at, created_at, updated_at) VALUES ('60d122fd-7eca-48d7-9362-adea750c4241', '3c570017-f7da-48bf-bf2c-d2e66c01144c', '5c5dcfd1-ddb8-47d4-a4fb-fbb50607cb6e', NULL, NULL, '{7533888a-a9bc-4c73-a4dd-90e402fd9f1c,7c26c5ce-db01-4ce6-a028-ed8a2c5662af}', '2026-04-28 19:08:05.59682+00', '2026-04-28 19:08:05.59682+00', '2026-04-28 19:08:05.59682+00');
INSERT INTO public.questions_answered (id, session_id, question_id, option_chosen_id, numeric_answer, selected_option_ids, answered_at, created_at, updated_at) VALUES ('c2ca37c3-ab8c-48fe-8752-3c62b5455c0c', '3c570017-f7da-48bf-bf2c-d2e66c01144c', '275030b6-2291-4aa7-8c0f-2bbc4bfe6f99', NULL, NULL, '{2a25537a-900a-401a-bc71-d6a11b8cd591,48637d47-dd0c-4a08-9403-e40c6774304a}', '2026-04-28 19:08:05.59682+00', '2026-04-28 19:08:05.59682+00', '2026-04-28 19:08:05.59682+00');
INSERT INTO public.questions_answered (id, session_id, question_id, option_chosen_id, numeric_answer, selected_option_ids, answered_at, created_at, updated_at) VALUES ('28d04c9e-ffee-466b-b462-cdd0251363f4', '3c570017-f7da-48bf-bf2c-d2e66c01144c', 'aa7c7a09-22a8-47ba-958f-6f9fbeb4fba4', NULL, 7, NULL, '2026-04-28 19:08:05.59682+00', '2026-04-28 19:08:05.59682+00', '2026-04-28 19:08:05.59682+00');
INSERT INTO public.questions_answered (id, session_id, question_id, option_chosen_id, numeric_answer, selected_option_ids, answered_at, created_at, updated_at) VALUES ('ab01cc4d-2767-434e-9132-d7b0b8527ecb', '3c570017-f7da-48bf-bf2c-d2e66c01144c', 'a6e7dc83-3e6f-468b-ac8e-5070a1320d6e', 'b51fb6dd-2c33-4b09-8da1-7499e8b7a2d0', NULL, NULL, '2026-04-28 19:08:05.59682+00', '2026-04-28 19:08:05.59682+00', '2026-04-28 19:08:05.59682+00');
INSERT INTO public.questions_answered (id, session_id, question_id, option_chosen_id, numeric_answer, selected_option_ids, answered_at, created_at, updated_at) VALUES ('d7ce88f5-fd27-4a9b-80c3-8b3406044e8a', '3c570017-f7da-48bf-bf2c-d2e66c01144c', 'a6bb70f2-e63d-4d43-8f06-293dccd6b28b', '8437af51-f88d-4abc-8ae4-42a3101cc114', NULL, NULL, '2026-04-28 19:08:05.59682+00', '2026-04-28 19:08:05.59682+00', '2026-04-28 19:08:05.59682+00');
INSERT INTO public.questions_answered (id, session_id, question_id, option_chosen_id, numeric_answer, selected_option_ids, answered_at, created_at, updated_at) VALUES ('0dfdeafb-8200-41a3-aef5-b1b583290fc8', '3c570017-f7da-48bf-bf2c-d2e66c01144c', '077ec734-8412-448e-bf2a-891302c9f4dd', '0ec97275-322a-4477-99e4-293a62db8562', NULL, NULL, '2026-04-28 19:08:05.59682+00', '2026-04-28 19:08:05.59682+00', '2026-04-28 19:08:05.59682+00');
INSERT INTO public.questions_answered (id, session_id, question_id, option_chosen_id, numeric_answer, selected_option_ids, answered_at, created_at, updated_at) VALUES ('49a7a2bc-0835-4a25-a9c2-79b7df0a0df2', 'fd2a8ca5-9cbe-47d7-b53f-1d66665709bd', '5c5dcfd1-ddb8-47d4-a4fb-fbb50607cb6e', NULL, NULL, '{7533888a-a9bc-4c73-a4dd-90e402fd9f1c,7c26c5ce-db01-4ce6-a028-ed8a2c5662af,a49bd2a7-2aca-49bd-88b4-3f37a7659a28}', '2026-04-28 19:08:05.59682+00', '2026-04-28 19:08:05.59682+00', '2026-04-28 19:08:05.59682+00');
INSERT INTO public.questions_answered (id, session_id, question_id, option_chosen_id, numeric_answer, selected_option_ids, answered_at, created_at, updated_at) VALUES ('67f309e3-0a3f-4d3d-8695-1f26c9d08b8c', 'fd2a8ca5-9cbe-47d7-b53f-1d66665709bd', '275030b6-2291-4aa7-8c0f-2bbc4bfe6f99', NULL, NULL, '{2a25537a-900a-401a-bc71-d6a11b8cd591,48637d47-dd0c-4a08-9403-e40c6774304a,edc0cd04-adff-42cf-8d53-90eddbd75509}', '2026-04-28 19:08:05.59682+00', '2026-04-28 19:08:05.59682+00', '2026-04-28 19:08:05.59682+00');
INSERT INTO public.questions_answered (id, session_id, question_id, option_chosen_id, numeric_answer, selected_option_ids, answered_at, created_at, updated_at) VALUES ('6b45b753-dbb0-477b-8b44-d77bb0675e8d', 'fd2a8ca5-9cbe-47d7-b53f-1d66665709bd', 'aa7c7a09-22a8-47ba-958f-6f9fbeb4fba4', NULL, 2, NULL, '2026-04-28 19:08:05.59682+00', '2026-04-28 19:08:05.59682+00', '2026-04-28 19:08:05.59682+00');
INSERT INTO public.questions_answered (id, session_id, question_id, option_chosen_id, numeric_answer, selected_option_ids, answered_at, created_at, updated_at) VALUES ('e333b808-4414-48b9-ae1b-760556e75eb2', 'fd2a8ca5-9cbe-47d7-b53f-1d66665709bd', 'a6e7dc83-3e6f-468b-ac8e-5070a1320d6e', '2f2753ac-05a1-4b07-9eb6-20425ec94926', NULL, NULL, '2026-04-28 19:08:05.59682+00', '2026-04-28 19:08:05.59682+00', '2026-04-28 19:08:05.59682+00');
INSERT INTO public.questions_answered (id, session_id, question_id, option_chosen_id, numeric_answer, selected_option_ids, answered_at, created_at, updated_at) VALUES ('057507a2-8133-4a85-ab49-319a25c630ff', 'fd2a8ca5-9cbe-47d7-b53f-1d66665709bd', 'a6bb70f2-e63d-4d43-8f06-293dccd6b28b', '15bf2c7d-364a-4e54-a42b-3c68fe16ea27', NULL, NULL, '2026-04-28 19:08:05.59682+00', '2026-04-28 19:08:05.59682+00', '2026-04-28 19:08:05.59682+00');
INSERT INTO public.questions_answered (id, session_id, question_id, option_chosen_id, numeric_answer, selected_option_ids, answered_at, created_at, updated_at) VALUES ('4131244a-8e1c-4741-9880-8186aebf6e8a', 'fd2a8ca5-9cbe-47d7-b53f-1d66665709bd', '077ec734-8412-448e-bf2a-891302c9f4dd', 'dac97be1-33ca-4520-96e7-91ef84f6cf2f', NULL, NULL, '2026-04-28 19:08:05.59682+00', '2026-04-28 19:08:05.59682+00', '2026-04-28 19:08:05.59682+00');
INSERT INTO public.questions_answered (id, session_id, question_id, option_chosen_id, numeric_answer, selected_option_ids, answered_at, created_at, updated_at) VALUES ('9e0c3bf4-99bb-4524-8530-8e3126764770', '64c80c3a-aef5-4c47-812d-951226a9a9af', '5c5dcfd1-ddb8-47d4-a4fb-fbb50607cb6e', NULL, NULL, '{7533888a-a9bc-4c73-a4dd-90e402fd9f1c}', '2026-04-28 19:08:05.59682+00', '2026-04-28 19:08:05.59682+00', '2026-04-28 19:08:05.59682+00');
INSERT INTO public.questions_answered (id, session_id, question_id, option_chosen_id, numeric_answer, selected_option_ids, answered_at, created_at, updated_at) VALUES ('defbf448-747e-4d1a-b9bf-1bc1cccedf47', '3e90d58e-5bcd-4f24-9461-d8f54c2adb71', '5c5dcfd1-ddb8-47d4-a4fb-fbb50607cb6e', NULL, NULL, '{7533888a-a9bc-4c73-a4dd-90e402fd9f1c}', '2026-04-28 19:08:05.59682+00', '2026-04-28 19:08:05.59682+00', '2026-04-28 19:08:05.59682+00');
INSERT INTO public.result (id, quiz_id, title_text, description, cta_text, cta_url, range_lo, range_hi, created_at, updated_at) VALUES ('1b25eedd-b782-4fff-ac3a-4ef6968425b0', '0cceaa41-5964-468d-9835-d1c67b7f1190', 'You''re in great shape 🥦', 'Your habits suggest you''re already eating a mostly whole-food diet and staying well clear of ultra-processed traps. Keep doing what you''re doing — Olive can help you level up even further.', 'See How Olive Works', 'https://oliveapp.com/', 0, 20, '2026-04-28 19:06:24.310827+00', '2026-04-28 19:06:24.310827+00');
INSERT INTO public.result (id, quiz_id, title_text, description, cta_text, cta_url, range_lo, range_hi, created_at, updated_at) VALUES ('85c942ea-7d4e-4bc7-8152-5d0c22218308', '0cceaa41-5964-468d-9835-d1c67b7f1190', 'Pretty solid, with some sneaky gaps 🙂', 'You''ve got good instincts, but a few ultra-processed habits are creeping in. A little more awareness around ingredients and cooking could make a real difference.', 'Try Olive Free', 'https://oliveapp.com/', 21, 38, '2026-04-28 19:06:24.310827+00', '2026-04-28 19:06:24.310827+00');
INSERT INTO public.result (id, quiz_id, title_text, description, cta_text, cta_url, range_lo, range_hi, created_at, updated_at) VALUES ('94ea9461-0292-4727-b3f1-1dabb9f9acdd', '0cceaa41-5964-468d-9835-d1c67b7f1190', 'Ultra-processed food is a regular guest at your table 🍟', 'You''re leaning heavily on processed and convenient options — which is super common, but it adds up fast. Olive was built exactly for this: helping you spot better swaps without overhauling your life.', 'Start Using Olive Today', 'https://oliveapp.com/#features', 39, 54, '2026-04-28 19:06:24.310827+00', '2026-04-28 19:06:24.310827+00');
INSERT INTO public.result (id, quiz_id, title_text, description, cta_text, cta_url, range_lo, range_hi, created_at, updated_at) VALUES ('f1f27c1b-723c-435b-8dd0-f8d12a084b89', '0cceaa41-5964-468d-9835-d1c67b7f1190', 'Ultra-processed food is basically running the show 🚨', 'Your diet is heavily shaped by ultra-processed foods, and your body is probably feeling it. The good news: small, consistent swaps add up quickly. Olive is designed to make that easy.', 'Get Started with Olive', 'https://oliveapp.com/#features', 55, 65, '2026-04-28 19:06:24.310827+00', '2026-04-28 19:06:24.310827+00');
INSERT INTO public.result (id, quiz_id, title_text, description, cta_text, cta_url, range_lo, range_hi, created_at, updated_at) VALUES ('cc3cf747-b498-4ab8-a353-1b21688036f6', '46a5596c-6c05-435b-a181-872892ec074f', 'The Label Detective', 'You read ingredient lists like they''re crime novels. You know the difference between maltodextrin and dextrose, and frankly, you''re a little suspicious of anything that doesn''t have a clearly sourced supply chain. We respect you. (And slightly fear you.)', 'See how Olive thinks about food', 'https://oliveapp.com/#features', 28, 50, '2026-04-28 19:07:25.838577+00', '2026-04-28 19:07:25.838577+00');
INSERT INTO public.result (id, quiz_id, title_text, description, cta_text, cta_url, range_lo, range_hi, created_at, updated_at) VALUES ('88c6aaf9-09ff-474c-accb-bfc526e07f88', '46a5596c-6c05-435b-a181-872892ec074f', 'The Curious Omnivore', 'You like knowing what you''re eating, but you''re not about to ruin a meal by overthinking it. You''ll try almost anything once and you''ve got a growing list of "wait, what was that dish called?" moments. Basically the ideal dinner party guest.', 'Explore Olive', 'https://oliveapp.com/', 18, 27, '2026-04-28 19:07:25.838577+00', '2026-04-28 19:07:25.838577+00');
INSERT INTO public.result (id, quiz_id, title_text, description, cta_text, cta_url, range_lo, range_hi, created_at, updated_at) VALUES ('7afa022a-f384-41c6-8e48-a047d5d593eb', '46a5596c-6c05-435b-a181-872892ec074f', 'The Creature of Comfort', 'Your top 10 meals have been your top 10 meals for years, and that''s not a bug — it''s a feature. You know what you like, you''re efficient about getting it, and you''re never disappointed. Bold strategy. It''s mostly working.', 'Discover something new with Olive', 'https://oliveapp.com/#features', 8, 17, '2026-04-28 19:07:25.838577+00', '2026-04-28 19:07:25.838577+00');
INSERT INTO public.result (id, quiz_id, title_text, description, cta_text, cta_url, range_lo, range_hi, created_at, updated_at) VALUES ('a6e75a98-5354-4318-8dc7-a19207308a2f', '46a5596c-6c05-435b-a181-872892ec074f', 'The Blissfully Unaware', 'Your fridge is a mystery, your snack choices are vibes-based, and you once ate something that you''re pretty sure expired but it tasted fine so. You''re free in a way most of us will never understand. Godspeed.', 'Meet Olive — your new food BFF', 'https://oliveapp.com/', 0, 7, '2026-04-28 19:07:25.838577+00', '2026-04-28 19:07:25.838577+00');
INSERT INTO public.result_screen_clicked (id, session_id, result_id, created_at) VALUES ('9d070016-1157-4854-8913-f829e8fd4d23', '6512e3b8-dbb6-4ccb-a4ee-ccd13cbd3515', '1b25eedd-b782-4fff-ac3a-4ef6968425b0', '2026-04-28 19:07:25.931861+00');
INSERT INTO public.result_screen_clicked (id, session_id, result_id, created_at) VALUES ('72be58de-0dd3-458d-a08f-744c2cd72691', '234a0b76-f46f-499e-ae86-91dcd7ac8808', '1b25eedd-b782-4fff-ac3a-4ef6968425b0', '2026-04-28 19:07:25.931861+00');
INSERT INTO public.result_screen_clicked (id, session_id, result_id, created_at) VALUES ('ca10303d-9f1f-4732-9633-9d185bd1de16', '49a5ace0-22eb-4728-bd8a-ae421d680677', '1b25eedd-b782-4fff-ac3a-4ef6968425b0', '2026-04-28 19:07:25.931861+00');
INSERT INTO public.result_screen_clicked (id, session_id, result_id, created_at) VALUES ('274c77bd-3781-476d-a08e-ec947c3bb2cd', '3b0ac3dc-83f2-45f5-9d30-69632f6df2cc', 'a6e75a98-5354-4318-8dc7-a19207308a2f', '2026-04-28 19:07:29.19675+00');
INSERT INTO public.result_screen_clicked (id, session_id, result_id, created_at) VALUES ('0af9ba6f-1759-4093-891a-a0850e840cd7', '6a8c77da-80b1-4083-b666-d1ced7b94083', 'a6e75a98-5354-4318-8dc7-a19207308a2f', '2026-04-28 19:07:29.19675+00');
INSERT INTO public.result_screen_clicked (id, session_id, result_id, created_at) VALUES ('356da0c4-b8b8-43ef-a29b-4195dfee5ee2', 'c2cf596a-2341-4077-8cf3-03c6d43deee3', 'a6e75a98-5354-4318-8dc7-a19207308a2f', '2026-04-28 19:07:29.19675+00');

set session_replication_role = 'origin';
